user_id,movie_id,rating
1,197,2.0
1,987,3.0
1,1091,4.0
1,388,3.0
1,2223,4.5
1,169,4.5
1,1379,2.5
1,2465,2.5
1,706,3.5
1,2077,3.5
1,1849,5.0
1,1412,2.5
1,431,3.5
1,2149,4.0
1,2495,2.0
1,1620,5.0
1,862,4.5
1,283,5.0
1,1514,3.0
1,650,4.0
1,1076,4.5
2,1251,3.5
2,1422,3.5
2,1406,3.0
2,243,4.0
2,747,4.0
2,172,4.5
2,2018,3.0
2,466,2.5
2,411,2.0
2,1777,3.0
2,2278,4.0
2,2402,3.0
2,2036,5.0
2,722,5.0
2,316,4.5
2,80,3.0
2,1224,5.0
2,1014,2.0
2,117,4.0
3,2158,3.5
3,454,3.5
3,2364,1.5
3,2168,2.5
3,793,2.5
3,906,3.0
3,1509,3.5
3,1863,5.0
3,361,2.5
3,733,2.5
3,50,4.0
3,980,4.0
3,1588,4.0
3,2017,3.0
3,23,2.0
3,1560,2.0
3,208,3.0
3,142,3.5
3,2141,4.0
4,501,4.5
4,642,3.5
4,2388,3.5
4,1364,3.5
4,452,2.5
4,1276,4.0
4,336,3.0
4,2044,3.0
4,34,4.0
4,1849,3.0
4,2096,4.0
4,1979,5.0
5,616,3.5
5,39,3.5
5,2110,1.5
5,129,3.5
5,9,3.0
5,361,2.5
5,628,3.0
5,2263,3.5
5,1374,3.5
5,1367,5.0
5,1475,3.5
5,94,2.0
5,1399,2.5
5,2022,5.0
5,840,3.5
5,507,5.0
5,790,4.0
5,1366,3.0
5,1352,3.0
5,2208,3.0
5,1617,1.5
5,1891,3.0
5,2309,4.0
6,209,4.5
6,1327,2.0
6,829,2.5
6,1399,2.0
6,1248,4.5
6,542,4.0
6,103,2.0
6,229,2.5
6,2410,2.5
6,546,2.5
6,110,2.0
6,1453,2.5
6,2140,4.0
6,2249,4.5
6,631,2.0
6,1692,2.0
6,1138,3.0
6,1669,1.5
6,2084,3.0
6,630,3.5
6,951,3.5
6,94,3.5
6,693,2.5
6,1376,3.0
6,760,2.0
6,688,3.5
6,704,4.5
6,668,3.5
6,1058,2.5
7,949,4.0
7,2059,3.5
7,1030,2.5
7,284,2.5
7,2257,2.5
7,1234,3.0
7,1110,3.0
7,429,4.5
7,1322,4.0
7,1807,3.5
7,2203,3.0
7,1946,2.5
7,1420,4.5
7,880,3.0
7,1724,3.0
7,1391,3.5
7,333,3.0
7,1400,4.0
7,157,3.5
7,1570,4.0
7,1236,3.5
7,1782,3.0
8,471,4.0
8,977,4.0
8,1797,2.5
8,2333,2.0
8,2497,3.0
8,1339,2.5
8,169,2.5
8,2414,3.0
8,1457,2.5
8,629,1.5
8,1637,2.5
8,1666,2.0
8,1461,3.0
8,640,2.5
8,6,5.0
8,161,4.5
8,151,3.5
8,45,2.0
8,1412,4.0
8,873,4.5
8,668,3.0
8,1184,4.0
8,2215,2.5
8,1460,1.5
8,57,3.5
8,1008,5.0
8,2297,2.0
8,1344,4.0
8,1061,3.0
9,845,3.0
9,1676,3.5
9,1440,3.0
9,2446,3.0
9,1713,3.0
9,1684,3.5
9,997,3.5
9,1742,3.0
9,2142,2.5
9,1344,2.0
9,2225,2.5
9,1235,3.0
9,429,2.5
9,1731,3.5
9,1622,4.0
9,2119,4.0
10,1542,3.0
10,802,3.0
10,537,4.0
10,968,3.0
10,534,3.5
10,2075,5.0
10,553,4.0
10,1180,4.5
10,574,3.0
10,1797,4.0
10,1802,3.5
10,1605,4.0
10,444,3.0
10,2025,2.0
10,1501,5.0
10,2015,2.0
10,1135,2.0
10,442,3.5
10,729,2.5
10,2345,3.5
10,304,3.5
10,1336,3.5
10,1129,2.5
10,1991,3.5
10,1464,3.5
10,1316,1.5
10,1257,2.5
11,2130,2.0
11,1569,2.5
11,1216,3.5
11,1751,3.0
11,1552,3.5
11,2059,3.0
11,1790,1.0
11,1201,3.0
11,488,4.5
11,860,2.5
11,409,4.0
11,2094,3.5
11,1250,4.5
11,487,2.0
11,1595,3.0
11,1673,3.5
11,1104,3.0
11,226,3.5
12,545,2.5
12,45,2.0
12,437,3.5
12,2110,3.0
12,488,3.0
12,81,4.5
12,2066,3.0
12,1235,3.5
12,2494,4.0
12,1009,3.0
12,1939,2.5
12,814,3.5
12,1190,2.5
12,1127,4.0
12,2082,3.5
12,184,2.5
12,385,3.0
12,1218,3.0
13,1268,3.0
13,2338,4.0
13,1443,3.0
13,2442,2.5
13,422,3.5
13,2006,3.5
13,1823,3.5
13,1323,4.5
13,1339,3.0
13,1946,4.5
13,636,4.0
13,519,3.5
13,1910,1.5
13,2144,3.0
13,115,3.0
13,1440,3.0
13,1387,3.0
13,2104,3.5
14,1140,3.5
14,274,3.0
14,1222,3.5
14,2473,3.5
14,811,2.0
14,1683,2.5
14,1387,3.0
14,352,2.5
14,1569,3.5
14,644,4.5
14,739,3.5
14,1348,4.0
15,124,3.5
15,746,3.0
15,689,3.0
15,597,3.5
15,1671,2.5
15,1544,3.0
15,1707,5.0
15,1121,2.5
15,113,2.5
15,2197,2.5
15,437,3.0
15,1755,4.5
15,1501,3.5
15,222,5.0
16,1099,4.5
16,1773,2.5
16,2154,3.0
16,2018,3.0
16,1547,3.0
16,688,3.5
16,1006,3.5
16,1379,3.0
16,1947,3.0
16,2043,2.5
16,1501,3.0
16,258,4.5
16,1891,4.0
17,1591,4.5
17,1680,5.0
17,1423,4.0
17,1324,2.0
17,874,3.0
17,1571,4.0
17,491,5.0
17,389,4.0
17,1634,4.0
17,1215,3.5
17,1146,4.0
17,1093,2.5
17,2251,2.5
17,235,2.5
17,1759,1.5
17,434,3.0
18,1177,3.5
18,1023,2.5
18,1480,2.5
18,2242,4.0
18,2215,3.0
18,1337,5.0
18,1001,2.5
18,962,3.5
18,2289,2.0
18,2098,2.5
18,1695,5.0
18,1176,4.0
18,2198,4.5
18,1484,3.5
18,1554,4.0
18,133,3.5
18,209,3.5
18,375,2.0
19,936,5.0
19,1923,2.5
19,497,5.0
19,920,5.0
19,2272,4.0
19,1510,3.0
19,383,4.5
19,468,3.0
19,238,4.0
19,1842,4.0
19,436,3.0
19,1908,1.5
19,466,5.0
19,1241,3.5
19,1610,3.5
19,572,4.0
20,621,3.5
20,405,5.0
20,881,4.0
20,1492,3.0
20,50,4.0
20,1417,3.0
20,519,3.5
20,348,5.0
20,1532,4.0
20,643,2.5
20,2469,4.0
20,1631,3.5
20,2294,5.0
20,815,2.5
20,1143,3.5
20,2494,3.5
20,830,5.0
20,939,3.5
20,121,4.0
20,303,3.5
20,1114,2.0
20,1366,3.5
21,331,4.5
21,1014,2.5
21,2302,4.0
21,2215,3.5
21,2152,3.0
21,1449,1.5
21,934,2.5
21,889,2.5
21,1241,2.5
21,2270,3.0
21,66,2.5
21,2069,3.5
21,359,3.0
21,1517,3.5
21,50,2.0
21,176,3.5
21,1886,4.5
21,1787,4.0
21,587,4.0
21,1876,4.0
21,312,2.5
21,2481,3.0
21,773,4.5
21,2456,4.0
21,1908,2.0
21,2374,2.0
22,1211,1.5
22,766,1.5
22,1387,3.0
22,688,3.0
22,527,5.0
22,1800,2.5
22,2500,3.5
22,1761,3.5
22,1225,4.0
22,1407,3.5
22,1192,4.0
22,2226,3.0
22,1335,4.0
22,2112,2.5
22,977,3.5
22,241,3.0
22,357,4.5
22,447,2.5
22,2420,4.0
23,816,3.0
23,1518,2.5
23,281,2.5
23,2044,3.0
23,1514,3.5
23,1583,3.5
23,1841,1.0
23,2271,3.0
23,1011,1.5
23,1003,3.5
23,552,3.5
23,1241,2.0
23,2388,3.0
23,830,1.5
23,1095,3.5
24,2336,5.0
24,2359,3.0
24,1670,2.0
24,1342,2.5
24,1644,4.5
24,1988,4.0
24,1367,3.0
24,233,3.0
24,818,3.5
24,1291,3.5
24,1278,3.5
24,2472,3.0
24,2098,3.5
24,1299,4.0
24,15,1.5
24,1843,3.0
24,1831,2.5
24,57,4.5
24,874,4.5
24,920,2.0
24,636,2.5
24,137,1.0
24,501,3.5
24,1730,3.5
25,497,3.5
25,2128,3.5
25,1544,3.0
25,1814,2.5
25,838,2.0
25,1547,3.0
25,2294,2.5
25,551,3.0
25,1599,2.5
25,1368,3.0
25,2,3.0
25,732,3.5
25,1152,4.0
25,332,2.5
25,2063,4.5
25,323,4.5
25,178,3.5
25,1383,4.0
25,1916,2.5
25,298,3.5
26,1275,2.0
26,1598,3.0
26,118,3.5
26,527,3.0
26,74,2.0
26,477,2.5
26,2031,3.0
26,671,1.5
26,1298,2.0
26,486,4.5
26,1960,3.5
26,2299,4.0
26,1517,3.5
26,2027,3.5
26,1253,3.0
26,1845,3.5
26,1303,4.0
26,244,3.5
26,852,3.0
26,1469,3.0
27,1291,3.0
27,2389,1.0
27,137,4.5
27,1492,3.0
27,1931,3.0
27,1891,3.0
27,262,2.5
27,497,4.0
27,1734,4.0
27,1712,4.5
27,1068,3.0
27,880,4.0
28,1813,2.5
28,106,3.5
28,559,2.5
28,736,3.0
28,174,2.0
28,1577,2.5
28,1451,3.5
28,1316,4.0
28,1402,4.5
28,599,4.0
28,86,2.0
28,1676,3.5
28,582,2.5
28,1689,3.5
28,1583,2.5
28,394,2.5
28,1629,3.5
28,7,3.0
28,2097,2.5
28,1624,2.0
28,2209,2.5
28,1310,3.0
28,1753,2.0
28,653,4.0
28,976,2.0
28,1142,4.0
28,382,4.5
29,441,2.5
29,359,3.0
29,189,3.0
29,959,3.5
29,2448,4.0
29,1400,3.0
29,827,4.0
29,2097,4.5
29,730,2.5
29,2265,3.5
29,1604,2.5
29,1199,4.0
29,1210,3.0
29,1963,2.5
29,732,2.5
29,2153,2.5
29,1146,3.0
29,1702,4.0
29,1642,3.0
29,174,2.5
29,1998,4.5
29,2237,2.5
29,819,2.0
29,1813,2.0
29,2119,2.5
29,830,3.0
29,805,3.0
29,1640,2.5
29,1065,2.0
30,1819,4.5
30,2159,3.5
30,925,5.0
30,688,4.5
30,447,2.5
30,196,4.0
30,475,3.0
30,1037,2.0
30,1435,3.5
30,616,4.5
30,1494,5.0
30,1310,4.5
30,306,4.0
30,2191,3.0
30,921,3.0
30,731,4.5
30,450,2.0
30,993,3.0
31,470,5.0
31,2379,2.5
31,35,4.0
31,2500,4.0
31,956,2.5
31,1239,2.0
31,78,3.0
31,1778,2.0
31,1205,1.0
31,1646,2.5
31,781,4.5
31,1782,2.5
31,2099,3.5
32,534,3.5
32,771,3.0
32,257,2.5
32,1402,4.0
32,142,3.0
32,59,4.0
32,518,2.5
32,799,3.5
32,1337,2.5
32,1759,4.0
32,1938,4.5
32,2161,5.0
32,323,5.0
32,16,4.5
32,176,3.0
32,1339,3.0
32,1218,3.5
32,2026,3.5
32,49,2.5
32,2382,2.5
32,2017,3.5
32,926,4.0
32,369,4.0
32,573,5.0
32,2496,3.5
32,349,2.5
32,2092,3.5
32,890,3.0
32,1252,5.0
33,310,3.0
33,1372,1.5
33,2492,3.5
33,1279,3.0
33,944,5.0
33,1345,2.5
33,1037,4.5
33,1297,2.5
33,1493,4.0
33,764,4.5
33,2011,1.5
33,2258,3.0
33,1619,4.5
33,2134,3.0
33,190,3.0
33,1540,4.5
33,2017,3.0
34,754,3.5
34,2115,4.0
34,1047,4.0
34,968,3.5
34,839,3.5
34,1385,4.0
34,764,2.5
34,1097,3.5
34,2345,1.5
34,2392,2.5
34,997,4.0
35,586,2.5
35,1428,5.0
35,14,3.5
35,2396,2.5
35,754,4.0
35,87,5.0
35,1976,2.5
35,713,2.0
35,1547,4.5
35,60,4.0
35,867,2.5
35,993,3.5
35,1884,3.0
35,778,2.5
35,971,4.0
35,2234,3.5
35,617,4.5
35,440,4.0
36,709,2.5
36,986,4.0
36,2085,4.0
36,909,3.5
36,2059,2.5
36,1688,3.0
36,2404,3.0
36,520,4.0
36,935,5.0
36,537,2.5
36,792,3.0
36,1834,2.5
36,1531,4.5
36,433,2.5
36,387,4.0
36,2375,2.5
36,1549,3.0
36,567,5.0
36,1921,2.0
37,1008,2.5
37,1464,3.0
37,9,4.5
37,2111,4.0
37,1477,4.5
37,227,5.0
37,630,3.0
37,127,3.5
37,1295,4.0
37,469,3.5
38,2208,3.0
38,989,4.0
38,2039,4.5
38,1480,3.0
38,433,2.5
38,1779,4.0
38,1117,2.5
38,1425,3.0
38,726,2.0
38,638,4.0
38,924,3.5
38,467,3.5
38,992,3.0
38,459,3.5
38,754,3.0
38,1913,3.5
38,1077,4.0
38,145,2.5
38,2142,4.5
39,1226,2.0
39,2131,4.0
39,2272,3.5
39,2232,3.0
39,955,4.0
39,2483,4.5
39,2403,3.0
39,694,3.0
39,1489,2.5
39,666,5.0
39,1997,3.5
39,557,3.5
39,484,4.0
39,2156,3.0
39,60,2.5
39,387,3.0
39,1344,3.0
39,1362,2.0
39,2262,5.0
39,175,3.0
39,1246,3.0
39,470,2.5
39,915,5.0
39,1327,4.5
39,1866,3.0
39,2382,3.0
39,1880,3.0
39,1540,2.5
39,171,2.5
40,1219,4.5
40,1125,4.5
40,2221,3.0
40,932,2.5
40,1732,4.0
40,1527,5.0
40,460,3.0
40,2253,3.5
40,68,3.0
40,1662,4.5
40,1805,2.0
40,885,4.0
40,1429,3.5
40,2041,4.5
41,677,4.0
41,1172,4.5
41,343,1.5
41,1691,5.0
41,856,3.5
41,679,4.5
41,2362,4.5
41,717,4.5
41,1970,3.5
41,791,2.5
41,163,5.0
41,2118,4.0
41,1489,5.0
41,237,2.5
42,765,1.0
42,1564,4.0
42,1946,4.0
42,1910,5.0
42,1528,1.5
42,1964,3.0
42,1545,2.5
42,1808,1.5
42,2351,3.0
42,1377,3.0
43,950,4.0
43,280,5.0
43,535,5.0
43,792,1.5
43,2382,3.5
43,275,4.0
43,652,2.5
43,319,2.5
43,1616,2.0
43,1287,2.0
43,772,3.5
43,1416,5.0
43,1194,3.5
43,767,3.0
43,401,3.5
43,1712,3.5
43,935,3.0
43,974,2.0
43,2487,4.0
43,1863,3.5
43,447,2.5
43,284,5.0
43,731,5.0
44,892,4.0
44,553,2.5
44,43,4.0
44,1888,3.0
44,2308,4.5
44,2325,4.5
44,1126,4.0
44,1093,4.5
44,1240,2.0
44,1299,4.5
44,467,3.0
44,2208,2.5
44,284,2.0
44,634,2.5
44,462,1.0
44,1626,3.0
44,1381,3.0
44,835,3.5
44,1615,2.5
44,709,2.0
44,935,3.0
44,1313,3.5
44,1250,3.0
44,1937,1.5
44,2454,3.5
44,1642,4.0
44,1426,4.0
44,1533,4.0
44,125,4.0
44,1739,3.0
45,1829,3.5
45,2168,4.5
45,1718,2.0
45,919,3.0
45,229,2.5
45,1794,3.5
45,2144,4.5
45,1567,3.0
45,1996,3.5
45,789,4.0
45,743,2.5
45,1941,3.5
45,141,3.0
45,626,3.5
45,2415,5.0
45,123,5.0
45,2483,4.0
45,224,4.0
45,1209,2.5
45,1804,4.0
45,2280,3.0
46,1121,4.5
46,1727,3.0
46,1466,3.5
46,2432,3.0
46,838,3.0
46,482,1.5
46,1088,1.0
46,1050,2.5
46,2244,4.0
46,2257,3.5
46,1809,3.0
46,1485,3.5
46,1750,2.5
46,1391,3.5
46,1665,2.5
46,279,2.5
46,388,2.0
46,1984,2.0
46,2408,2.5
46,975,4.0
47,1585,3.0
47,1770,3.5
47,2240,4.5
47,1195,3.0
47,940,2.5
47,1045,2.5
47,1112,3.5
47,390,3.0
47,1965,2.0
47,1044,3.0
47,1282,2.0
47,1985,3.0
47,1297,4.0
47,1142,2.0
47,1096,4.0
47,887,2.0
47,1310,4.5
47,1757,3.0
47,892,3.0
47,1326,3.0
47,2013,2.5
47,650,4.5
47,2321,4.0
47,898,3.0
47,950,5.0
47,492,2.5
47,318,3.0
47,433,2.5
47,2048,5.0
47,2440,3.0
48,218,4.0
48,134,2.5
48,1053,2.0
48,2012,1.5
48,1271,3.0
48,1266,3.5
48,1136,2.0
48,1494,3.5
48,154,3.5
48,1968,3.5
48,1693,3.5
48,1225,3.0
48,2264,3.5
48,1025,3.5
48,2201,3.0
48,1969,3.0
49,671,5.0
49,679,2.0
49,2485,2.0
49,480,2.5
49,2476,4.0
49,990,1.5
49,1479,2.0
49,2474,2.5
49,2127,3.0
49,1044,3.5
49,194,3.0
49,379,2.5
49,930,3.5
49,1962,2.5
50,331,1.5
50,1383,3.0
50,1670,3.5
50,1779,4.5
50,1527,1.5
50,1012,3.5
50,902,4.0
50,964,3.5
50,304,2.5
50,81,4.0
50,704,3.5
50,2306,3.0
50,1580,2.0
50,381,4.0
50,2297,4.0
50,1476,4.0
51,132,3.5
51,1049,5.0
51,407,3.5
51,2301,2.0
51,218,4.5
51,1816,3.0
51,2272,3.0
51,2317,4.5
51,199,2.5
51,2443,4.0
51,118,4.0
51,2468,3.5
51,480,4.0
51,10,1.5
51,1901,3.0
51,2150,4.0
52,945,2.5
52,1589,5.0
52,1472,5.0
52,1305,3.0
52,2269,3.5
52,1290,4.0
52,436,3.5
52,690,3.0
52,54,3.5
52,1381,4.5
52,2092,5.0
52,1675,2.0
52,2303,4.0
52,467,5.0
52,911,3.5
52,408,5.0
52,2353,4.5
52,2421,3.0
52,546,5.0
52,954,5.0
52,99,5.0
53,441,3.0
53,2450,2.5
53,568,3.5
53,2083,2.0
53,2317,2.0
53,853,3.5
53,1606,3.5
53,1628,3.0
53,16,5.0
53,2273,5.0
53,1743,4.5
53,1599,4.5
53,1542,2.5
53,2069,5.0
53,1481,2.5
53,1812,3.5
54,392,2.5
54,2142,4.0
54,1272,2.5
54,469,5.0
54,1770,3.5
54,2293,2.5
54,1697,3.5
54,2469,3.5
54,2094,3.0
54,65,4.0
54,2301,2.0
54,78,3.5
54,1143,3.0
55,1154,3.0
55,83,3.0
55,1628,3.0
55,1126,4.0
55,690,4.0
55,937,4.5
55,171,2.0
55,2035,3.5
55,1081,2.5
55,47,2.0
55,966,3.5
55,620,4.5
55,437,2.0
55,492,3.0
55,1588,2.0
55,2325,3.5
55,70,2.5
55,1519,4.5
55,2016,4.0
55,705,3.5
55,2249,4.0
55,1889,3.0
56,2128,3.5
56,681,4.0
56,2043,2.0
56,652,4.5
56,2422,4.0
56,1487,3.5
56,958,4.0
56,918,1.5
56,2065,2.5
56,607,4.5
56,678,1.0
56,677,3.0
56,1474,4.5
56,817,4.0
56,2154,4.0
57,2296,3.5
57,344,3.0
57,592,3.5
57,1612,3.0
57,2410,5.0
57,1925,3.0
57,1672,3.5
57,1149,1.5
57,2247,4.0
57,1970,2.0
57,1469,2.5
57,2129,2.0
57,1645,2.0
57,1675,5.0
58,1995,4.5
58,249,4.5
58,1454,2.5
58,1955,3.5
58,351,3.0
58,928,4.0
58,897,3.5
58,2377,3.5
58,2345,3.5
58,544,3.0
58,728,2.0
58,2070,3.5
58,1783,4.0
58,835,1.5
58,157,4.0
58,221,4.0
58,350,4.5
58,171,3.0
58,1718,3.5
59,1505,3.5
59,1239,3.5
59,604,4.5
59,1602,3.5
59,2218,3.0
59,541,3.5
59,220,3.0
59,1738,5.0
59,1342,3.0
59,792,1.5
59,436,3.0
59,1765,4.0
59,572,3.0
59,815,4.0
59,2369,3.5
59,1174,2.0
59,2492,4.0
59,101,3.0
59,1519,4.0
59,747,5.0
59,449,5.0
59,1896,4.0
59,873,3.0
59,778,3.5
60,1633,3.0
60,163,1.5
60,2018,3.0
60,1824,2.5
60,1308,3.0
60,18,2.5
60,1803,2.5
60,2078,2.0
60,179,2.5
60,1575,2.0
60,1754,2.0
60,1086,2.0
60,1905,3.0
60,1524,1.5
60,1323,5.0
60,99,4.0
60,530,4.5
60,2089,2.0
61,862,3.0
61,503,3.5
61,1479,3.0
61,381,4.0
61,2003,3.0
61,346,4.5
61,1801,2.5
61,335,3.5
61,750,2.5
61,1907,3.0
61,1185,2.5
61,1465,4.0
61,252,4.5
61,752,3.0
61,1955,3.0
61,1392,4.5
61,1483,2.5
61,882,4.5
61,2352,4.5
61,1888,4.5
61,891,2.5
61,2037,2.5
61,2002,4.0
61,2364,3.5
61,2305,3.0
61,507,5.0
61,1227,1.5
62,1731,3.0
62,1416,4.5
62,1196,3.0
62,2097,2.0
62,1667,3.0
62,569,4.5
62,2099,4.5
62,1535,4.0
62,1132,3.0
62,512,1.5
62,2307,3.5
62,1506,2.5
62,1486,3.5
62,1193,3.5
62,2380,4.5
62,1194,4.5
62,6,3.5
62,475,4.0
62,1889,3.0
62,1007,2.5
62,789,4.0
63,1282,1.5
63,1290,2.0
63,2384,3.0
63,313,3.5
63,1963,3.0
63,239,3.0
63,2342,2.0
63,1579,3.5
63,123,2.0
63,2233,3.5
63,416,2.0
63,782,2.0
63,1442,3.0
63,1285,2.0
63,2039,2.0
63,814,4.5
63,1030,4.5
63,115,4.0
63,2042,3.0
63,582,4.0
63,941,3.5
63,1517,1.5
63,622,4.0
63,497,2.0
63,2169,2.5
63,646,3.0
63,1016,3.0
63,250,3.5
63,712,4.0
64,946,4.0
64,912,4.5
64,1447,3.0
64,1024,4.5
64,725,5.0
64,73,4.0
64,1869,3.0
64,2336,4.5
64,90,4.5
64,1370,4.0
64,964,2.0
64,1213,3.5
64,1411,4.0
64,2148,2.5
64,15,4.0
64,174,3.0
64,958,2.5
64,668,3.5
64,899,4.0
64,1918,3.0
64,1784,2.5
64,1646,2.5
65,872,3.0
65,73,2.5
65,1860,3.5
65,1277,3.5
65,1738,2.5
65,929,2.0
65,1735,3.5
65,2081,2.0
65,734,3.5
65,1862,3.0
65,267,4.0
65,844,2.5
65,1363,2.5
65,461,2.5
65,1206,1.5
65,1699,3.0
65,135,3.5
65,1340,3.5
65,1276,3.0
65,160,4.0
66,854,2.0
66,2442,2.0
66,399,3.0
66,77,3.0
66,1098,2.5
66,462,3.5
66,1189,4.5
66,1645,2.5
66,2342,2.5
66,1837,3.0
66,240,2.0
66,812,2.5
66,839,3.5
66,629,2.0
66,1629,3.5
66,128,3.5
66,841,2.5
66,2339,3.5
66,817,2.5
66,2452,4.5
66,536,3.0
66,1109,2.0
66,459,2.5
66,456,2.5
66,1998,2.5
66,454,3.0
66,2497,2.5
66,1225,3.5
67,2297,3.5
67,259,3.0
67,290,4.5
67,2228,3.0
67,2236,4.0
67,26,2.5
67,2181,2.0
67,255,2.5
67,1462,4.0
67,1596,2.0
67,33,2.0
67,256,4.5
67,752,2.0
67,1458,3.5
67,460,3.0
68,404,2.5
68,132,5.0
68,2092,2.5
68,2431,3.0
68,2364,2.0
68,1579,4.0
68,489,3.0
68,1458,4.0
68,1855,3.5
68,1322,3.0
68,857,2.5
68,1087,2.0
68,1518,3.5
68,1920,1.0
68,2115,3.0
69,291,3.5
69,141,1.0
69,2041,5.0
69,1153,2.5
69,1671,4.0
69,781,2.0
69,769,3.5
69,197,4.0
69,1391,1.5
69,1458,4.0
69,2266,2.5
69,601,4.5
69,697,2.5
70,1878,2.0
70,1590,3.0
70,1636,1.5
70,1656,2.5
70,39,3.0
70,1214,3.0
70,776,1.5
70,1915,2.5
70,1394,4.0
70,177,2.5
70,2270,3.0
70,782,4.0
70,2392,2.5
71,361,4.0
71,2192,4.5
71,2146,3.0
71,11,2.0
71,1606,3.0
71,2308,3.0
71,1459,2.0
71,2402,3.0
71,365,3.5
71,1616,4.5
71,1808,4.5
71,2183,3.0
71,1289,4.0
71,904,5.0
71,1751,2.5
71,1640,3.0
71,127,5.0
71,1097,4.0
71,1457,3.0
71,1538,2.5
71,390,3.5
71,2279,4.0
71,1049,3.0
71,890,2.5
71,2401,2.5
71,534,2.5
71,91,3.5
72,1424,3.0
72,1176,3.0
72,1847,3.0
72,1995,1.5
72,2005,2.5
72,392,2.5
72,2055,2.0
72,1709,3.0
72,1200,2.5
72,208,2.0
72,1687,3.0
72,1434,5.0
72,1739,4.5
72,2485,3.5
73,1402,2.5
73,1511,3.0
73,1223,3.5
73,1420,4.5
73,1482,2.0
73,1789,4.5
73,1715,3.0
73,2235,4.0
73,420,3.0
73,2495,2.5
74,1019,3.5
74,1904,1.5
74,1316,4.0
74,575,3.0
74,1929,2.0
74,278,2.5
74,1355,4.0
74,2219,4.0
74,2192,2.0
74,1759,4.5
74,389,4.0
74,844,4.0
74,648,2.5
74,1933,3.5
74,2411,2.5
74,1083,3.0
74,480,1.5
74,2207,2.0
74,2321,4.0
74,1895,4.0
74,1456,4.0
74,1642,2.5
74,1805,3.0
74,2019,3.5
74,309,3.5
74,1776,2.5
74,1278,4.0
74,959,3.5
74,925,3.0
75,895,2.5
75,1811,3.0
75,1598,5.0
75,746,3.5
75,2038,2.5
75,333,5.0
75,2084,4.0
75,170,2.0
75,564,2.5
75,2420,2.5
75,1591,2.5
75,747,2.0
75,1043,5.0
75,1813,2.5
75,730,3.5
75,820,2.5
75,1302,3.5
75,921,3.0
75,1358,4.0
75,16,3.0
75,1621,2.5
76,1808,3.0
76,2315,5.0
76,1296,3.0
76,2080,4.0
76,920,4.0
76,2256,3.5
76,888,3.5
76,1958,4.5
76,648,1.5
76,1541,4.0
76,89,2.5
76,2449,3.5
76,1849,4.0
76,2087,3.5
76,509,3.5
76,402,3.0
76,2148,3.5
76,715,2.5
76,1141,3.0
76,2045,3.5
76,1763,4.0
76,1970,3.5
76,2265,5.0
76,1278,4.5
76,1806,2.5
76,2447,3.5
77,1333,3.0
77,1118,2.5
77,609,4.0
77,852,4.5
77,209,4.5
77,818,2.0
77,861,4.0
77,1133,3.0
77,259,2.5
77,1174,3.0
77,1287,3.5
77,422,1.5
77,643,4.0
77,1395,3.5
77,2239,3.5
77,1616,3.0
77,2449,5.0
77,1575,2.5
77,1320,4.5
77,306,3.0
77,2227,5.0
77,869,2.5
78,948,2.0
78,295,3.5
78,468,2.5
78,2082,2.5
78,764,3.0
78,1202,5.0
78,1284,3.0
78,2161,3.5
78,857,2.0
78,949,4.0
78,1794,3.0
78,1535,4.5
79,1991,3.0
79,1982,4.0
79,1085,5.0
79,1139,4.0
79,2053,3.5
79,818,3.5
79,1408,3.5
79,679,4.0
79,1274,3.0
79,2129,5.0
79,681,2.5
79,24,2.5
79,318,2.0
79,1793,4.5
79,279,4.0
79,2082,4.0
79,140,3.5
79,2321,5.0
79,1142,4.0
79,703,4.0
79,2439,2.0
79,2261,4.5
79,1497,3.0
79,2058,5.0
79,117,1.5
79,311,3.0
79,321,5.0
80,455,4.5
80,2370,3.0
80,1940,4.0
80,259,2.5
80,2083,3.5
80,1533,3.5
80,422,4.5
80,45,3.5
80,674,2.5
80,1589,3.5
80,392,2.5
80,297,4.0
80,973,3.0
80,838,4.0
80,2386,3.5
80,1957,3.0
80,2217,3.0
80,2049,4.0
80,1754,3.5
80,770,3.0
80,1517,3.0
80,693,5.0
81,2198,2.5
81,1574,2.5
81,1824,2.5
81,1494,3.5
81,107,2.0
81,1629,4.0
81,2235,5.0
81,355,3.0
81,2446,2.0
81,739,2.5
81,1910,3.5
81,982,5.0
81,1536,3.0
81,1483,2.5
81,836,3.0
81,1609,1.0
81,1991,3.5
81,1880,3.0
81,2164,3.5
81,1099,3.0
81,1155,4.0
81,1185,2.5
81,332,3.0
81,1851,3.5
81,137,3.0
81,1834,1.5
81,287,2.5
81,1917,2.5
81,1022,2.0
81,1352,2.0
82,1999,3.5
82,93,2.5
82,1580,2.0
82,1633,2.5
82,1913,3.0
82,468,5.0
82,2324,5.0
82,1256,1.5
82,1064,3.0
82,1436,4.5
82,1394,3.5
82,1213,2.5
82,306,3.0
82,1388,3.5
82,152,3.0
82,2306,3.5
83,1897,3.0
83,1169,5.0
83,317,3.5
83,78,2.5
83,1139,2.5
83,1059,2.5
83,2421,2.0
83,433,4.5
83,1794,3.5
83,1453,3.0
83,316,3.0
83,653,5.0
83,924,4.5
83,1370,2.0
83,1760,2.5
83,1075,3.5
83,2001,4.0
83,1032,4.0
83,1911,3.5
84,949,3.0
84,1297,2.0
84,2349,3.0
84,1163,2.0
84,1679,3.0
84,784,3.0
84,1990,2.0
84,1659,4.5
84,1507,4.0
84,1847,2.5
84,2062,3.5
84,940,4.5
84,1642,3.5
84,1248,2.5
84,564,3.5
84,152,2.0
84,1833,3.5
84,693,2.5
84,464,3.0
84,1503,3.0
84,1016,3.5
84,2290,2.5
84,1863,3.0
84,899,3.5
84,1266,2.5
84,387,2.5
84,1087,3.0
84,2046,3.5
85,1734,3.0
85,2140,3.0
85,944,4.5
85,640,4.0
85,591,3.0
85,628,3.0
85,693,3.5
85,2175,4.5
85,935,4.0
85,80,3.5
85,1786,5.0
85,1364,3.0
85,573,2.5
85,93,2.0
85,1491,4.5
85,2137,5.0
85,1606,3.0
85,567,1.0
85,1145,4.0
85,1167,2.5
85,439,3.5
85,2073,3.0
85,766,3.0
85,1864,4.5
85,2210,1.5
85,2026,1.0
85,330,3.5
85,27,4.0
85,135,3.0
85,1887,3.5
86,2093,3.0
86,1474,3.0
86,1501,4.0
86,1968,3.0
86,1572,3.5
86,696,3.0
86,720,3.5
86,1716,3.0
86,1037,3.0
86,2008,4.0
86,1147,2.0
87,399,5.0
87,1523,1.5
87,1154,3.5
87,1347,4.0
87,404,3.0
87,1694,4.0
87,1871,3.5
87,146,4.0
87,681,1.5
87,1140,4.0
88,1179,3.0
88,1315,4.0
88,704,3.0
88,1672,3.5
88,2221,3.5
88,2048,2.0
88,1263,4.5
88,809,2.5
88,1849,3.0
88,1147,3.5
88,2478,2.5
88,1734,3.5
88,819,2.5
88,1264,4.5
88,1296,3.5
88,1779,5.0
89,668,4.5
89,1946,3.0
89,1429,4.0
89,1914,3.0
89,575,4.0
89,1697,2.5
89,1594,3.0
89,1948,4.0
89,32,4.5
89,878,2.0
89,1557,3.5
89,2063,3.0
89,403,4.5
89,2035,1.5
89,1092,2.0
89,680,3.5
89,1759,3.5
89,1681,3.5
89,1520,3.0
89,126,2.5
89,818,2.5
89,787,3.5
89,1438,3.0
89,1335,2.0
89,1056,1.5
89,2158,3.0
89,1641,2.5
89,970,4.0
89,989,3.0
89,754,4.0
90,2234,5.0
90,585,3.0
90,1965,4.5
90,1196,3.0
90,1120,3.5
90,724,3.0
90,580,4.0
90,251,3.5
90,499,2.5
90,320,3.0
90,2401,3.5
90,878,1.5
90,822,3.5
90,820,3.0
90,2235,2.5
90,922,3.0
90,1426,2.0
90,221,3.0
90,1858,2.5
90,1969,3.5
90,1881,3.0
90,93,2.0
90,1944,3.5
91,93,3.5
91,74,4.0
91,1708,4.0
91,161,1.5
91,629,2.0
91,1435,4.5
91,1696,2.5
91,2247,2.0
91,699,2.0
91,484,3.5
91,401,3.5
91,2354,3.5
91,2137,3.5
91,1569,3.0
91,121,1.0
91,20,3.0
92,1508,2.5
92,223,1.5
92,2088,4.0
92,1389,1.5
92,398,1.0
92,2448,2.0
92,2241,3.0
92,1489,3.5
92,1628,3.5
92,345,3.5
92,1122,2.5
92,1911,4.0
92,194,4.5
92,1888,2.5
92,2032,3.0
92,530,4.5
92,448,3.5
92,258,5.0
92,904,1.0
92,1132,2.5
92,823,2.5
92,1281,2.0
92,846,2.0
92,1686,4.0
93,128,3.5
93,2009,3.0
93,1882,2.0
93,285,3.5
93,1267,4.0
93,2211,3.5
93,2379,2.5
93,297,3.0
93,867,3.5
93,1785,4.0
93,95,4.5
93,1460,3.5
93,558,4.0
93,1381,2.0
93,1544,3.0
93,1204,1.5
93,1725,2.5
93,2269,3.0
93,820,3.5
93,2392,3.0
93,2044,1.0
94,1429,4.5
94,1368,3.5
94,33,4.0
94,469,3.0
94,1769,2.5
94,1084,3.0
94,1450,3.5
94,1359,2.5
94,1891,3.0
94,1627,3.0
94,1535,2.5
94,1907,2.5
94,1780,4.5
94,537,2.5
94,902,3.0
95,1912,4.0
95,223,4.0
95,2378,4.0
95,210,2.0
95,2472,3.5
95,610,4.5
95,305,2.5
95,2346,3.5
95,1400,4.0
95,1387,3.0
95,1305,2.5
95,347,2.5
95,460,4.0
95,381,3.5
95,17,3.5
95,2072,1.0
95,518,3.5
95,1375,2.5
95,2187,2.5
95,893,2.5
95,1441,1.5
95,998,3.5
95,944,2.5
96,40,3.5
96,1006,2.5
96,807,2.0
96,2257,4.0
96,1584,3.5
96,1080,3.5
96,97,2.0
96,1699,4.5
96,826,3.0
96,1057,2.0
96,2013,1.5
96,1940,3.0
96,2412,4.5
96,1052,1.5
96,1799,3.5
96,706,3.0
96,1519,3.0
96,2120,3.5
96,111,2.5
96,2423,3.5
96,1197,3.5
96,1695,4.0
96,428,3.5
96,1914,2.5
96,398,3.0
96,1696,2.0
96,1338,2.5
96,2271,2.5
97,1207,4.0
97,1741,2.5
97,978,3.5
97,1378,4.5
97,495,3.0
97,99,4.0
97,727,3.5
97,1265,4.0
97,2381,3.5
97,430,4.0
97,485,4.0
97,1547,2.0
97,285,4.0
97,1778,4.0
97,1221,2.5
97,1233,2.0
97,2132,4.0
97,2480,3.5
97,1518,3.5
97,333,3.0
97,66,3.0
97,2300,2.5
97,1356,2.5
97,1874,3.0
97,994,4.5
98,1542,5.0
98,1218,3.0
98,116,1.0
98,2113,3.5
98,1395,2.5
98,2008,5.0
98,1603,3.5
98,2416,4.5
98,1755,4.0
98,1540,4.0
98,251,5.0
98,187,3.5
98,707,2.5
98,1914,3.5
98,754,5.0
98,2241,3.0
98,441,4.0
98,113,2.5
98,146,3.5
98,700,3.5
98,1840,3.0
99,1549,3.0
99,1807,5.0
99,1321,1.0
99,706,4.0
99,1294,3.0
99,2021,2.5
99,1139,3.0
99,555,2.0
99,378,3.0
99,1596,4.0
99,1006,3.0
99,1822,3.0
99,989,4.5
99,1081,3.0
99,1010,3.0
99,1651,3.5
99,2324,3.5
99,45,3.5
99,904,3.0
99,1438,2.5
99,1171,3.5
99,1643,3.5
99,1272,2.5
99,382,4.0
99,1057,2.0
99,2067,4.5
99,532,3.5
99,839,3.0
99,582,2.5
100,2203,3.0
100,1641,3.0
100,1906,2.5
100,2157,1.5
100,1317,5.0
100,1596,4.0
100,1968,4.0
100,1168,4.5
100,26,4.0
100,1686,5.0
100,1969,3.0
100,161,4.0
100,1240,1.5
100,84,3.0
100,745,3.0
100,108,4.0
100,1300,4.5
100,1628,4.0
100,833,4.0
100,2417,2.0
100,804,3.0
100,2164,3.5
100,249,4.0
100,154,2.5
100,670,2.0
100,29,3.0
100,508,4.5
100,1467,2.0
101,1273,3.0
101,1708,1.5
101,1764,3.5
101,251,3.0
101,2116,4.5
101,648,2.0
101,1451,4.5
101,1019,3.5
101,565,3.0
101,1390,2.5
101,2084,2.5
101,2221,3.0
101,1269,4.0
101,1666,2.0
101,9,3.0
101,1106,2.5
101,2012,2.5
101,1012,3.5
101,1653,3.0
101,659,3.5
102,2185,3.0
102,16,3.5
102,2410,2.0
102,955,3.0
102,508,3.0
102,2386,3.0
102,423,4.0
102,334,4.0
102,1824,3.0
102,2298,3.0
102,2263,1.5
102,1537,3.5
102,2024,3.5
103,196,2.0
103,566,3.0
103,1861,4.0
103,1693,2.0
103,2088,2.5
103,322,4.0
103,1373,4.0
103,1296,3.5
103,2239,3.0
103,1044,3.0
103,2019,2.5
103,2162,3.5
103,2282,4.0
103,1713,3.5
103,2267,3.0
104,711,4.0
104,1165,3.5
104,1179,5.0
104,1911,3.0
104,113,3.0
104,187,2.5
104,1064,2.5
104,90,3.0
104,1245,3.5
104,1454,5.0
104,2172,3.0
104,1136,4.0
104,598,2.5
104,1566,2.5
105,2220,3.0
105,1977,2.5
105,1832,2.5
105,1804,2.5
105,1742,2.0
105,95,3.5
105,1993,3.0
105,1921,3.0
105,1483,3.0
105,2248,3.0
105,2315,1.5
105,452,1.5
105,1266,3.0
105,366,1.5
106,1045,2.5
106,2436,3.5
106,2101,3.5
106,1829,1.5
106,2336,3.0
106,299,3.0
106,1578,2.0
106,1036,3.5
106,183,4.0
106,1449,3.0
106,437,4.0
106,283,3.0
106,1063,2.0
106,428,2.5
106,993,3.5
106,1542,2.0
106,230,3.0
106,105,3.5
106,332,5.0
106,735,3.5
106,969,3.0
106,84,3.0
106,391,2.0
106,2271,3.0
106,1507,4.5
106,287,4.0
106,1866,3.0
107,1516,4.5
107,1051,2.5
107,651,3.0
107,1436,3.0
107,1019,5.0
107,2442,5.0
107,1388,3.0
107,1354,3.0
107,2465,3.5
107,1089,1.5
107,977,3.0
107,26,3.0
107,1599,3.5
107,2229,5.0
107,2054,4.0
107,1082,2.5
107,703,1.0
107,705,3.5
107,2377,3.5
107,1468,4.0
107,1789,4.5
107,62,2.0
107,183,3.0
107,2065,2.5
108,1738,3.0
108,710,4.5
108,1990,3.0
108,1299,3.5
108,558,2.5
108,1778,4.0
108,913,2.0
108,867,2.5
108,1835,2.5
108,190,3.0
108,162,3.5
109,2047,1.5
109,1646,3.5
109,1454,3.5
109,755,2.5
109,1091,1.5
109,2164,4.0
109,1546,2.5
109,137,3.5
109,2025,4.0
109,2074,3.5
109,2172,2.5
109,433,1.5
109,2007,3.0
109,1833,4.0
109,100,3.5
109,2464,1.0
109,1113,3.0
109,1387,4.0
110,809,5.0
110,773,4.5
110,1091,2.0
110,1808,2.5
110,169,3.0
110,1957,3.0
110,242,3.5
110,237,3.0
110,32,3.0
110,1170,3.5
110,1124,3.5
110,407,3.0
110,2277,3.0
110,826,2.0
110,262,3.5
110,511,5.0
110,733,3.5
110,125,3.0
110,731,1.5
110,2476,2.5
110,24,3.5
110,38,3.0
110,270,4.5
110,1624,3.5
110,2262,3.5
110,1865,3.0
110,1691,3.5
110,878,2.0
110,2372,2.0
110,402,3.0
111,2112,4.0
111,1691,3.0
111,164,2.5
111,596,3.5
111,1129,2.5
111,1873,3.0
111,967,4.0
111,186,4.5
111,1362,3.0
111,1191,3.0
111,497,2.0
111,1848,3.0
111,1952,5.0
111,669,3.0
111,2463,3.5
111,901,3.5
111,935,5.0
111,2072,2.5
111,437,2.5
111,66,2.5
111,466,3.5
111,804,1.5
111,1355,3.5
111,2319,3.0
111,1690,2.0
111,677,2.5
111,688,2.5
111,955,4.0
111,566,5.0
111,2430,3.0
112,1123,4.0
112,10,4.0
112,1468,2.5
112,2019,3.5
112,688,2.5
112,2394,2.5
112,942,2.0
112,1972,2.5
112,2069,3.5
112,968,3.0
112,795,3.0
112,118,3.5
112,2212,4.5
112,2042,2.0
112,2114,4.0
112,329,2.5
112,1009,3.0
112,777,3.5
112,1596,4.0
112,2421,4.0
112,818,4.0
112,909,3.5
112,1407,5.0
112,1967,3.5
112,991,4.5
112,2385,4.0
113,1199,2.0
113,63,3.0
113,1999,3.5
113,1943,4.5
113,99,4.0
113,2254,4.0
113,765,3.0
113,2269,3.5
113,954,2.0
113,2267,2.0
113,200,3.5
113,1296,3.0
113,2115,4.0
113,506,4.0
113,555,5.0
113,8,2.5
114,2204,4.5
114,653,1.0
114,94,3.0
114,2301,3.5
114,2202,3.5
114,1638,3.5
114,20,2.5
114,1932,3.5
114,1447,4.5
114,1914,3.5
114,1788,3.5
114,877,1.5
114,1867,3.0
114,262,3.0
114,1440,3.0
114,2161,2.0
114,1451,3.0
114,657,2.5
114,189,4.0
114,520,3.0
114,565,4.0
114,840,3.0
114,609,2.0
114,1980,2.5
114,403,3.0
114,2380,3.0
115,250,5.0
115,1016,2.0
115,1106,3.5
115,1856,3.0
115,1320,5.0
115,862,2.5
115,949,3.5
115,1784,3.5
115,1601,4.5
115,1302,2.0
115,49,5.0
115,2210,2.0
115,58,3.5
115,1513,3.5
115,1728,3.5
115,2056,3.5
115,1291,3.5
115,43,3.0
116,1294,3.5
116,559,2.0
116,965,5.0
116,771,3.5
116,992,3.0
116,1089,3.5
116,1887,4.0
116,718,1.5
116,2376,4.0
116,252,3.5
116,41,3.5
116,1817,5.0
116,2207,4.0
116,137,4.5
116,876,4.5
117,1959,3.0
117,1080,3.5
117,2498,4.0
117,293,3.0
117,1159,5.0
117,2103,2.5
117,907,3.5
117,787,4.0
117,286,3.0
117,625,2.5
117,2191,2.5
117,1691,3.5
117,1438,4.0
117,1545,1.5
117,179,4.5
117,1789,5.0
117,2353,1.5
118,2310,3.5
118,1579,4.0
118,32,3.5
118,997,3.5
118,450,2.0
118,2097,3.0
118,1803,3.5
118,124,5.0
118,1934,4.0
118,620,3.0
118,2176,2.5
118,2357,2.5
118,1657,3.0
118,1354,3.0
118,1222,4.5
118,1534,2.0
118,69,3.5
118,1467,3.0
118,690,3.5
118,2380,4.0
118,487,4.5
118,467,3.5
118,26,2.0
118,533,3.5
118,2130,2.5
118,1560,4.0
118,894,2.5
118,432,3.0
119,1864,4.0
119,2153,1.0
119,2329,3.0
119,830,3.5
119,1328,3.5
119,2230,3.5
119,252,4.5
119,899,2.0
119,2233,3.5
119,1046,4.0
119,765,4.5
119,1680,3.0
119,2158,4.0
119,170,3.5
119,2415,5.0
119,1618,3.5
119,75,2.5
119,581,2.5
119,213,2.0
119,912,3.0
119,516,3.5
119,1471,3.0
119,1604,3.5
120,2381,4.0
120,342,4.5
120,1564,2.5
120,662,1.5
120,737,3.5
120,1706,2.5
120,219,3.0
120,1499,2.5
120,810,3.5
120,672,1.5
120,933,2.5
120,267,4.0
120,2185,4.0
120,2078,2.5
120,2164,3.5
120,1922,3.0
120,1506,3.0
120,1104,3.5
120,7,3.5
120,256,2.0
120,1662,3.5
120,1586,2.0
120,1298,2.5
121,1491,3.5
121,277,4.0
121,148,2.5
121,1234,2.5
121,1763,4.5
121,100,4.5
121,1999,3.5
121,1003,2.5
121,1241,3.5
121,2037,3.5
121,2466,2.5
121,1046,4.0
121,382,2.5
121,799,4.5
121,1136,4.0
121,515,3.5
121,269,4.5
121,1203,3.0
121,1848,4.0
121,1055,5.0
121,1221,4.5
121,699,3.5
121,2028,2.0
121,205,1.5
121,1612,3.5
121,867,4.5
121,768,4.5
121,912,1.5
121,2094,3.5
122,1010,4.0
122,1193,4.0
122,2137,2.5
122,225,4.0
122,1085,5.0
122,1492,3.5
122,1474,4.0
122,106,2.5
122,1798,5.0
122,1321,4.5
122,724,4.0
122,418,3.0
122,2399,4.0
122,2057,4.0
122,447,2.5
122,2212,5.0
122,1977,4.5
123,289,4.5
123,137,5.0
123,2225,3.0
123,1147,3.5
123,5,2.0
123,1853,4.0
123,2150,4.5
123,614,2.5
123,1968,4.0
123,164,2.5
123,703,2.5
123,1572,5.0
123,578,1.5
123,2207,4.0
123,601,3.5
123,1588,3.5
123,214,2.5
123,1410,1.5
123,1944,3.5
123,1581,3.5
123,1815,3.5
123,886,4.5
123,2417,4.0
123,181,2.0
123,334,4.0
123,851,2.5
123,1632,3.0
124,1459,2.5
124,120,3.0
124,2164,3.0
124,868,3.5
124,1079,4.0
124,2332,2.0
124,1491,3.5
124,1307,3.5
124,634,4.5
124,70,3.0
124,455,4.0
124,168,2.0
124,1854,3.5
124,516,2.0
124,754,2.5
125,146,3.0
125,157,2.5
125,1423,3.5
125,247,3.0
125,1417,3.0
125,577,3.5
125,192,4.0
125,299,3.0
125,175,4.5
125,2346,2.5
125,705,2.5
125,1171,4.5
125,501,3.0
125,1814,3.0
125,2258,2.5
125,1080,1.5
125,703,3.5
125,1919,4.0
125,1004,4.0
125,2270,3.5
125,975,4.0
125,1572,2.5
125,1158,2.5
125,1342,3.5
126,117,5.0
126,106,4.5
126,1251,3.0
126,2200,2.0
126,496,3.0
126,2345,4.5
126,966,4.0
126,596,2.5
126,2120,3.5
126,1333,2.5
126,2448,3.5
126,1832,2.5
126,2492,3.0
126,1001,3.0
126,2204,3.5
127,1109,4.5
127,1630,2.5
127,755,4.0
127,2281,3.0
127,111,3.5
127,234,3.5
127,75,4.0
127,1050,2.5
127,830,3.0
127,2001,3.5
127,1964,4.5
127,1302,4.5
127,567,4.0
127,1063,4.0
127,1948,5.0
127,2027,5.0
127,59,3.5
127,2073,4.0
128,1982,1.5
128,1741,2.5
128,1266,2.0
128,2217,3.0
128,1375,4.0
128,530,2.5
128,985,3.0
128,220,4.5
128,1154,3.5
128,1488,3.5
128,2062,4.5
128,1309,3.5
128,2200,4.0
128,780,3.5
128,979,3.5
129,1227,2.0
129,1862,4.5
129,2326,4.0
129,391,3.5
129,1734,3.5
129,2237,2.5
129,1208,3.5
129,75,2.0
129,2198,3.5
129,1107,4.5
129,1270,3.0
129,2424,3.5
129,750,4.0
130,820,4.5
130,383,2.5
130,2335,2.5
130,903,4.0
130,2408,1.5
130,773,3.0
130,1777,3.0
130,224,3.5
130,1502,5.0
130,223,4.5
130,1991,3.5
130,879,3.5
130,961,3.5
130,358,4.5
130,1747,2.5
130,828,3.0
130,1868,3.0
130,2162,2.5
130,723,3.5
130,537,3.5
131,1948,2.0
131,1393,2.5
131,2034,2.0
131,2408,3.5
131,520,1.5
131,628,2.0
131,29,3.5
131,2076,1.5
131,409,3.5
131,672,3.0
131,1102,2.0
131,2391,3.5
131,839,3.0
131,769,3.5
131,2395,2.0
131,581,2.0
131,391,3.0
131,253,2.0
131,1909,3.0
131,1776,2.0
131,515,2.0
131,776,3.0
131,2498,4.0
131,1954,3.5
131,84,1.5
132,546,2.5
132,2279,2.5
132,1839,3.0
132,719,3.0
132,2296,3.5
132,860,1.0
132,194,2.0
132,408,3.0
132,1368,2.0
132,1846,3.5
132,895,3.0
132,524,2.0
132,2375,3.0
132,552,2.5
132,1698,3.0
132,2115,2.5
132,446,3.0
132,2275,3.5
132,1860,3.5
132,802,3.5
132,685,4.0
132,474,3.0
132,1703,2.5
132,1031,3.0
132,506,4.5
132,2104,2.5
133,266,2.5
133,2334,3.0
133,1493,2.0
133,1596,2.0
133,2209,3.0
133,1803,4.5
133,1685,2.5
133,829,3.5
133,585,1.5
133,1749,3.0
133,395,3.0
133,1067,2.0
133,1818,3.5
133,1344,2.5
133,252,4.0
133,2287,3.0
133,2466,3.0
133,2425,2.5
133,1479,3.0
133,1042,2.0
133,1926,2.0
133,507,3.5
133,64,4.5
133,689,3.0
133,749,3.5
133,450,2.5
133,467,3.0
133,782,4.0
133,1563,3.5
133,2281,1.5
134,1688,3.5
134,2227,3.5
134,2128,3.5
134,1825,4.5
134,1832,3.0
134,1087,4.0
134,1577,1.0
134,45,2.0
134,637,2.0
134,512,2.5
134,1937,2.5
134,1211,3.5
134,1000,4.5
134,1481,3.0
134,1901,4.5
134,2161,4.0
134,1803,3.5
134,900,2.0
134,1403,4.0
134,2046,4.5
134,1315,4.0
134,411,2.5
134,481,5.0
134,1229,3.5
134,1259,3.5
134,176,3.0
134,234,5.0
134,2092,3.5
134,136,3.0
134,851,3.0
135,649,3.0
135,1527,2.5
135,916,2.5
135,140,2.5
135,983,3.0
135,1425,4.0
135,551,3.0
135,1766,4.5
135,1410,4.5
135,2235,3.0
135,350,3.0
135,543,3.0
135,201,3.5
135,511,3.0
135,1551,3.0
135,1745,2.5
135,2189,3.0
135,2220,3.5
135,211,4.5
135,316,3.0
135,1905,3.5
135,706,2.5
135,1732,3.5
136,1217,2.5
136,479,2.5
136,647,3.5
136,324,3.5
136,1977,3.5
136,632,3.0
136,2233,2.0
136,1381,3.0
136,2159,3.0
136,1134,4.5
137,1151,2.5
137,2288,3.5
137,2203,4.0
137,187,2.5
137,2408,2.0
137,779,2.0
137,2159,1.5
137,1600,3.5
137,243,3.0
137,1287,2.0
137,273,2.0
138,1960,3.5
138,791,3.0
138,353,5.0
138,500,2.5
138,378,4.0
138,713,1.0
138,1648,4.0
138,601,3.5
138,1953,5.0
138,1993,5.0
138,1088,5.0
138,2065,2.0
138,2007,4.0
138,97,2.0
138,1111,4.5
139,1818,5.0
139,1606,3.5
139,1139,4.0
139,2255,4.0
139,1935,2.0
139,14,4.0
139,2037,3.0
139,1150,1.5
139,1403,1.5
139,308,3.5
139,2432,3.0
139,1987,3.5
139,1899,2.0
139,1863,3.5
139,2119,2.5
139,982,3.5
139,2454,4.0
139,2384,4.5
139,1901,4.0
139,2430,3.5
139,973,3.0
139,777,2.5
139,757,3.0
139,302,4.5
139,2104,2.5
139,744,3.0
139,886,3.5
139,2215,3.0
139,1703,4.0
139,2395,3.0
140,1836,2.5
140,605,4.0
140,367,2.5
140,983,2.0
140,1496,4.0
140,613,3.5
140,2116,3.0
140,924,3.0
140,2500,3.0
140,1418,4.5
140,2025,2.0
140,1554,4.0
140,1019,2.5
140,781,3.0
140,88,2.5
140,906,3.5
140,201,3.0
140,475,5.0
140,639,3.0
141,1929,4.5
141,424,3.5
141,1580,3.5
141,2327,2.0
141,1615,2.5
141,1883,3.0
141,2005,4.0
141,380,2.5
141,5,3.0
141,101,3.5
141,220,2.5
141,288,2.0
141,924,3.5
141,602,4.0
142,2400,3.5
142,1483,4.0
142,1583,3.5
142,1804,2.5
142,698,2.5
142,830,3.5
142,2352,3.0
142,2047,2.5
142,1605,3.0
142,28,4.0
142,232,2.5
142,1572,2.0
142,244,1.0
142,1548,2.5
142,1053,3.0
142,361,3.5
143,1069,3.5
143,1882,3.5
143,2194,2.5
143,360,4.5
143,1096,2.5
143,117,3.0
143,1195,2.5
143,1269,4.0
143,2162,4.0
143,2302,5.0
143,131,5.0
143,1296,3.0
143,119,2.5
143,2293,2.5
143,286,3.5
143,610,3.5
143,73,3.5
143,195,2.0
143,1412,5.0
143,573,2.5
143,437,3.5
143,179,3.0
143,1939,3.0
143,2214,3.5
144,1804,3.5
144,2366,3.5
144,1497,3.5
144,1040,3.5
144,717,3.5
144,63,3.5
144,261,3.0
144,69,3.0
144,420,3.0
144,1091,3.0
144,2210,3.5
144,421,3.0
144,534,3.0
144,2107,4.5
144,1394,4.0
144,568,2.5
145,2020,2.5
145,2158,4.5
145,451,2.5
145,428,1.5
145,1665,3.5
145,1724,3.5
145,1248,3.0
145,1500,3.5
145,117,2.5
145,338,3.5
145,82,3.5
145,2374,3.5
145,1695,4.0
145,2385,3.0
145,2367,4.0
145,1732,4.0
145,1875,4.0
145,2345,4.5
145,800,4.0
145,1632,2.5
145,668,3.5
145,2291,3.0
145,811,3.5
146,844,3.5
146,621,2.5
146,1682,1.5
146,2343,3.5
146,1916,3.5
146,1314,2.0
146,220,3.0
146,2027,2.0
146,978,3.0
146,1790,3.0
146,979,5.0
146,705,3.0
146,880,3.0
146,154,2.0
146,2265,2.5
147,1532,3.5
147,915,3.5
147,1625,2.5
147,1817,4.0
147,951,3.5
147,1995,3.5
147,125,3.0
147,833,5.0
147,719,3.0
147,1735,3.5
147,539,3.0
147,1704,4.0
147,7,5.0
147,1142,3.0
148,1506,4.0
148,196,4.5
148,2435,3.0
148,2179,2.0
148,1956,2.5
148,1279,2.0
148,1785,2.0
148,1672,3.5
148,2097,3.5
148,780,3.5
149,1054,2.5
149,1609,3.5
149,1909,2.0
149,1986,3.0
149,1496,3.0
149,2211,3.5
149,2258,3.0
149,1931,4.0
149,230,4.0
149,2091,3.5
149,2110,4.5
149,2383,3.5
149,1770,4.5
149,287,3.0
149,2138,2.5
149,1261,3.0
149,2,3.0
149,2407,4.5
149,1364,3.0
149,452,3.5
149,188,5.0
149,1324,3.5
149,498,2.5
149,1945,3.5
149,1176,2.0
149,1071,4.0
149,633,4.0
149,2215,3.0
150,1130,2.0
150,574,2.5
150,320,2.0
150,1840,2.5
150,1753,2.5
150,886,3.0
150,62,3.0
150,1402,3.0
150,207,3.0
150,1594,2.0
150,280,3.5
150,1398,2.0
151,2142,4.0
151,2221,2.5
151,1356,2.5
151,2056,3.0
151,1062,2.0
151,216,3.0
151,2364,4.5
151,59,2.5
151,664,4.0
151,2031,4.5
151,654,3.5
151,623,3.5
151,921,3.5
151,1351,3.5
151,1161,4.5
151,1563,5.0
151,1087,2.5
151,476,5.0
151,1183,3.5
152,2205,2.0
152,1202,4.5
152,1769,4.0
152,6,4.5
152,1699,1.5
152,709,4.5
152,3,2.5
152,1928,4.5
152,284,2.5
152,1092,2.5
152,1205,3.5
152,790,2.5
152,486,4.0
152,143,2.5
152,875,4.0
152,791,2.0
152,649,2.5
152,1456,3.5
152,535,3.0
152,469,3.0
152,1459,5.0
152,1163,4.0
152,1457,2.0
152,2280,3.5
152,1575,3.0
152,633,4.5
152,844,3.0
152,1328,4.5
152,2290,3.5
153,2428,4.0
153,400,3.5
153,383,2.0
153,277,5.0
153,1034,2.0
153,1658,1.5
153,2406,3.5
153,1425,3.0
153,471,3.5
153,11,4.0
153,1145,4.0
153,499,3.5
153,80,5.0
153,2309,1.5
153,1393,3.5
153,1516,2.5
153,2226,5.0
153,316,3.0
153,2322,2.0
153,1980,4.5
153,974,1.5
153,1219,3.0
153,1912,3.5
153,2090,3.0
153,602,1.5
153,1710,2.0
154,1810,2.5
154,1611,3.5
154,172,4.0
154,1648,2.0
154,1557,3.5
154,2069,4.0
154,1184,3.0
154,839,2.0
154,755,3.0
154,1326,4.0
154,1714,4.0
154,597,2.5
154,295,3.0
154,2333,3.0
154,503,2.0
154,1508,4.5
154,1703,4.5
154,620,4.5
154,958,3.0
154,762,3.5
154,340,4.0
155,710,5.0
155,1664,3.0
155,1846,3.5
155,719,4.5
155,620,2.0
155,475,4.0
155,1057,4.0
155,2392,3.5
155,1484,2.5
155,2241,4.5
155,2374,4.0
155,783,3.5
155,454,4.5
155,570,4.0
155,1691,3.0
155,1460,1.5
155,395,3.0
155,946,3.5
155,1153,1.5
156,1242,4.0
156,875,2.5
156,1205,4.0
156,2087,1.5
156,2075,2.0
156,2203,2.5
156,92,4.5
156,872,3.5
156,879,2.5
156,1075,4.5
156,657,3.5
156,1228,4.5
156,1672,3.5
156,1199,4.0
156,2292,4.0
156,290,3.0
156,1200,3.5
156,804,3.0
156,109,3.0
156,1966,2.5
156,1218,3.0
156,257,3.0
156,570,2.0
156,1523,2.5
156,1721,3.5
156,306,4.0
156,563,3.0
157,1647,3.0
157,1661,3.5
157,210,5.0
157,2414,3.0
157,115,5.0
157,1543,2.0
157,497,4.5
157,1879,2.5
157,2140,4.0
157,2295,2.0
157,2446,4.0
157,2252,5.0
157,110,3.0
157,22,2.5
157,876,3.0
157,2269,3.0
157,748,1.5
157,579,3.5
157,2400,2.5
158,233,2.5
158,1932,1.0
158,2073,2.5
158,2399,4.5
158,2187,3.5
158,1020,3.5
158,765,3.5
158,1924,3.5
158,1954,3.5
158,1840,1.0
158,290,4.0
158,321,4.5
158,1077,2.5
158,2476,3.5
158,882,4.5
158,550,2.0
158,317,4.0
158,2262,2.5
158,336,4.0
158,2134,4.0
158,1602,4.0
158,1538,5.0
158,573,3.5
159,944,2.5
159,897,3.0
159,659,4.0
159,1324,5.0
159,1997,3.5
159,1942,3.0
159,2365,3.5
159,1326,3.0
159,1425,2.5
159,349,3.0
159,1799,5.0
159,1428,3.5
159,1321,3.0
159,368,2.0
159,2276,3.0
159,581,3.0
159,1227,1.0
159,2433,3.0
159,61,1.5
159,1667,4.5
159,59,1.0
159,2251,4.5
159,2299,4.0
159,490,3.5
159,34,3.0
159,2083,4.0
159,89,3.5
160,777,3.0
160,908,3.0
160,1748,3.0
160,2167,4.0
160,2395,4.0
160,879,4.0
160,257,3.0
160,1779,3.5
160,1271,4.0
160,2278,3.0
160,2473,2.5
160,619,3.0
160,141,3.5
160,2082,1.5
160,1046,4.0
160,1729,3.5
160,1828,3.0
160,263,3.5
160,118,3.5
160,157,2.0
161,566,2.5
161,373,4.5
161,802,3.5
161,582,5.0
161,2074,2.5
161,1946,3.0
161,1540,3.5
161,176,1.5
161,108,3.0
161,541,3.0
161,4,1.0
161,1542,3.5
161,152,3.0
161,497,3.0
161,850,2.0
161,2086,2.0
161,527,3.5
161,2338,3.5
161,1224,3.0
161,768,2.0
161,51,3.0
161,690,3.5
162,2453,2.0
162,482,3.0
162,1140,3.0
162,978,3.0
162,716,2.0
162,2340,3.0
162,1927,2.5
162,871,4.0
162,1050,2.5
162,2464,4.5
162,539,3.0
162,1038,4.5
163,1346,4.5
163,2314,5.0
163,1373,5.0
163,1098,4.0
163,873,4.0
163,1589,4.5
163,729,4.0
163,1660,3.0
163,2315,5.0
163,2093,3.0
163,1752,5.0
163,1803,2.5
163,1127,2.5
163,1243,3.5
163,1051,1.5
163,641,4.5
163,1306,5.0
163,1014,3.5
163,25,3.0
163,1983,3.0
163,854,5.0
163,2316,4.0
163,363,2.5
164,1878,4.0
164,2237,3.0
164,2327,4.5
164,1269,2.5
164,1778,4.5
164,1406,4.0
164,1573,3.5
164,705,1.5
164,1859,3.5
164,1253,3.0
164,2025,5.0
164,518,2.0
164,826,4.0
164,1474,3.5
164,324,4.0
164,667,2.5
164,2286,3.5
164,1383,3.5
164,2138,2.5
164,1035,3.0
164,1520,3.5
164,80,2.5
164,573,3.5
164,2003,3.5
164,1102,1.5
164,2043,3.0
164,98,3.5
164,1386,3.5
164,937,2.0
165,1740,3.0
165,314,3.0
165,2330,3.0
165,2207,1.0
165,1192,3.0
165,2282,3.0
165,1274,1.5
165,1733,2.5
165,543,3.5
165,1087,2.5
165,143,2.5
165,1772,2.5
165,606,3.0
165,1407,1.0
165,1921,2.5
165,118,2.5
165,1428,3.5
165,813,2.5
165,1330,3.5
165,520,1.5
165,1640,4.0
166,1074,2.0
166,1357,4.5
166,1567,3.5
166,1103,3.0
166,252,3.0
166,1126,3.5
166,1428,2.5
166,1057,3.5
166,1693,3.0
166,922,4.5
166,1335,4.0
166,1380,3.5
166,756,4.0
166,499,3.0
166,280,4.5
166,2366,2.5
166,2430,3.5
166,1347,4.5
166,819,1.0
166,985,5.0
166,1084,2.0
166,24,4.5
166,1426,1.5
166,1205,2.0
166,300,2.0
166,888,4.5
166,557,2.5
167,919,3.0
167,2186,2.5
167,2238,4.0
167,2481,3.5
167,2271,1.5
167,735,4.0
167,647,3.5
167,1466,2.0
167,1459,3.0
167,198,2.5
167,1726,3.5
167,941,3.5
167,2042,4.0
167,1570,3.5
167,1929,3.5
167,2244,3.0
167,1228,3.5
167,1370,4.0
167,591,3.0
167,2487,3.0
167,474,2.5
167,948,2.5
167,975,3.0
167,1067,2.5
167,531,2.5
167,844,2.5
167,779,3.0
167,478,3.5
168,1376,4.0
168,2307,2.5
168,1491,3.0
168,2072,1.5
168,2285,3.5
168,1488,3.5
168,669,4.5
168,2302,4.5
168,1170,4.0
168,144,3.5
168,2317,3.5
168,2111,1.5
168,2363,3.5
168,1426,2.5
168,369,3.0
168,1558,3.0
168,1813,2.5
168,2140,1.5
168,953,5.0
168,1625,3.5
169,1547,3.5
169,1235,3.5
169,1911,4.5
169,1398,3.0
169,2312,3.0
169,1932,2.0
169,1880,3.5
169,624,4.5
169,1989,2.5
169,1643,3.5
169,1253,2.5
169,1542,4.0
169,800,2.0
169,1139,2.5
169,1205,3.0
169,1070,3.0
169,1907,2.5
169,1134,1.5
169,1140,3.5
169,2040,4.5
169,154,2.0
170,69,2.5
170,1618,3.5
170,1085,2.5
170,2222,1.5
170,1946,4.0
170,1180,2.0
170,1495,1.5
170,898,2.5
170,401,2.5
170,1060,3.0
170,1818,3.0
170,995,4.5
170,915,3.0
170,1214,3.5
170,2449,2.0
170,2296,2.0
170,577,4.0
170,618,2.0
170,261,2.5
171,395,2.0
171,863,5.0
171,299,4.5
171,656,3.0
171,1432,4.5
171,335,4.5
171,145,3.5
171,753,3.5
171,1275,2.5
171,1583,2.5
171,909,3.0
172,1459,5.0
172,494,4.5
172,377,2.5
172,2031,2.5
172,2138,2.0
172,1184,3.0
172,2477,3.5
172,1560,4.0
172,1227,2.5
172,814,5.0
172,2386,3.5
173,2404,2.5
173,2280,3.5
173,1367,3.5
173,432,3.5
173,1786,4.5
173,1836,3.0
173,1158,3.0
173,1396,4.0
173,2467,3.5
173,1312,3.5
173,1465,3.5
174,1893,3.5
174,2153,2.5
174,2048,3.0
174,1760,3.0
174,1162,3.5
174,1781,1.5
174,2035,4.0
174,919,3.0
174,1579,2.0
174,860,2.5
174,1268,1.0
174,1522,5.0
174,1017,1.0
174,1054,2.5
174,1834,2.5
174,1720,4.0
174,125,3.0
174,2326,2.5
174,663,2.5
174,650,1.5
175,1899,3.0
175,2129,3.0
175,1656,2.0
175,395,4.0
175,2190,5.0
175,484,3.0
175,1455,2.0
175,2097,4.0
175,542,1.5
175,2336,3.5
176,146,2.0
176,1892,4.0
176,1608,2.5
176,1286,3.5
176,106,4.0
176,1085,2.0
176,1519,2.5
176,1510,3.0
176,2061,3.5
176,1626,3.0
176,2205,3.0
176,267,2.0
176,2174,4.5
176,434,2.5
176,1865,2.0
177,44,4.5
177,171,3.5
177,920,5.0
177,452,3.5
177,506,4.5
177,384,2.0
177,1212,2.5
177,1063,4.5
177,2194,4.5
177,2074,4.0
177,1258,3.5
177,934,3.5
177,2157,4.5
177,13,4.0
177,2040,4.5
177,2483,5.0
177,1625,5.0
177,1818,4.0
177,692,3.0
177,1732,3.0
177,440,2.5
177,1813,4.5
177,2396,5.0
177,274,4.5
177,1083,3.0
177,1910,4.5
177,779,3.5
177,2128,4.5
178,2210,2.0
178,556,3.0
178,1295,3.0
178,902,4.0
178,726,2.0
178,1606,2.0
178,148,2.0
178,1127,3.5
178,415,2.5
178,225,3.5
178,1118,3.0
178,1428,3.5
178,384,3.0
178,1214,2.0
178,1603,2.0
178,707,2.0
178,345,2.5
178,2328,4.5
178,504,4.5
178,2394,4.0
178,528,3.0
178,2455,1.0
178,1190,3.0
178,604,2.0
179,235,3.5
179,2316,3.0
179,1255,3.0
179,1485,4.5
179,1976,3.5
179,1268,4.0
179,2153,3.0
179,1578,4.0
179,2142,3.5
179,2097,3.0
179,1504,3.0
179,1516,3.0
179,1367,2.0
179,1960,2.5
179,1231,2.5
179,664,3.0
179,923,3.0
179,304,2.5
179,2053,3.5
179,1781,2.0
179,1333,4.5
179,1524,2.5
179,1263,2.5
179,487,3.5
179,2015,3.0
179,1189,3.5
180,1426,3.5
180,691,4.0
180,2149,1.5
180,1392,3.0
180,1736,3.0
180,811,3.5
180,188,3.0
180,127,3.0
180,1149,2.5
180,2253,4.0
180,1660,3.5
180,302,3.0
180,290,2.5
180,36,4.0
180,1123,3.0
180,2305,5.0
180,1371,2.5
180,1606,3.0
180,1578,2.0
180,148,4.5
180,1183,3.0
180,1288,1.5
181,1348,4.5
181,1996,2.5
181,967,2.5
181,1193,3.5
181,1056,2.0
181,931,4.5
181,1112,4.5
181,1011,3.5
181,687,3.5
181,1162,2.0
181,1444,1.0
181,2191,5.0
181,856,4.5
182,1284,3.0
182,1140,1.5
182,2307,2.0
182,2198,2.5
182,2370,2.5
182,1423,2.5
182,436,2.0
182,1621,3.5
182,1626,3.0
182,2109,5.0
182,1346,2.5
182,1097,3.0
182,2216,3.0
182,1842,4.5
183,2233,4.5
183,2216,3.0
183,1126,2.5
183,848,4.0
183,616,3.0
183,1419,2.5
183,649,3.0
183,1502,3.0
183,2244,1.5
183,485,4.0
183,2267,4.0
183,2479,3.5
183,1244,4.0
183,1483,2.0
183,547,3.5
183,2426,4.5
183,2223,4.0
183,2394,2.0
183,2125,3.5
183,2261,3.5
183,161,3.0
184,872,4.5
184,1906,3.5
184,35,4.0
184,301,5.0
184,131,4.0
184,1554,3.5
184,2094,5.0
184,2299,4.0
184,2368,1.5
184,499,4.5
184,2136,3.0
184,2184,3.0
184,1438,1.0
184,1699,4.0
184,937,5.0
184,1214,2.5
184,1018,2.5
184,759,2.5
184,1327,5.0
184,1417,5.0
185,1605,3.5
185,916,4.0
185,1507,2.5
185,1667,5.0
185,422,3.5
185,1285,3.5
185,824,1.5
185,2023,3.0
185,602,2.0
185,601,4.5
185,1098,4.5
185,1602,4.5
185,607,4.0
185,2261,3.0
186,2,5.0
186,702,4.5
186,1866,2.0
186,59,4.0
186,307,2.0
186,2456,5.0
186,1073,4.0
186,29,3.0
186,438,3.0
186,2433,3.0
186,2188,3.0
186,1433,2.5
186,1518,3.0
186,508,2.5
186,1861,4.5
186,2074,3.0
186,188,1.5
186,701,4.5
186,2071,3.5
186,1689,3.5
186,2006,3.0
186,1,4.0
186,2136,4.0
187,1598,2.5
187,277,4.0
187,60,3.0
187,1953,4.5
187,1492,3.5
187,2104,2.5
187,2189,5.0
187,761,3.5
187,624,4.5
187,409,4.0
187,2286,4.5
187,843,3.0
187,489,4.5
187,915,2.0
187,1113,2.5
187,1810,5.0
187,1621,4.5
187,1323,4.0
187,1004,4.5
187,2452,4.5
187,1990,3.0
187,2202,3.0
187,1085,2.5
187,552,5.0
187,680,3.5
188,127,2.5
188,2205,2.5
188,591,3.5
188,476,2.0
188,436,2.0
188,2298,2.5
188,1341,3.5
188,1759,4.0
188,897,2.5
188,1119,3.0
189,1362,2.5
189,168,3.5
189,1519,3.5
189,696,2.5
189,1399,3.5
189,999,3.0
189,975,2.0
189,1940,2.0
189,2455,2.5
189,1382,2.5
189,1756,2.5
189,145,2.5
189,86,2.5
189,1843,2.5
189,552,4.0
189,187,3.5
189,301,3.5
189,175,1.5
189,2308,2.5
190,220,3.5
190,1651,2.5
190,762,2.0
190,766,4.5
190,78,2.5
190,1947,3.0
190,12,2.0
190,1537,3.5
190,2253,1.0
190,507,2.0
190,1249,3.0
190,2236,3.0
190,199,2.0
190,1418,2.0
191,2150,3.5
191,1806,2.0
191,1790,1.5
191,157,3.5
191,603,2.0
191,1813,2.5
191,2243,2.0
191,663,2.0
191,146,3.0
191,634,3.0
191,984,4.0
191,1624,2.5
191,1450,2.0
191,30,3.0
191,1365,3.5
191,951,2.0
191,713,3.0
191,1281,3.5
191,2056,2.5
191,944,5.0
191,1149,4.0
191,417,2.0
191,505,2.5
191,181,4.5
191,735,3.0
191,773,2.5
191,1486,3.5
191,2087,3.0
192,1218,2.0
192,1723,3.0
192,1346,1.5
192,1084,3.5
192,225,4.0
192,1419,4.5
192,1182,4.0
192,1479,3.5
192,1159,2.0
192,743,3.5
192,2183,3.0
192,596,2.5
192,1244,2.5
192,2367,1.5
192,487,3.5
192,1922,5.0
192,1287,3.5
192,2495,4.0
192,1678,2.5
192,2399,3.5
192,400,2.5
193,1019,4.0
193,1153,3.5
193,1035,3.0
193,1148,4.5
193,2080,3.5
193,406,5.0
193,1231,4.0
193,563,2.0
193,1138,4.5
193,203,4.0
193,1796,3.5
193,668,2.5
193,709,3.0
193,590,3.5
193,1607,4.0
193,246,3.0
193,1062,4.0
193,553,3.0
193,655,3.5
193,706,3.5
193,464,2.5
194,1065,3.0
194,2372,2.0
194,155,3.0
194,514,3.5
194,1075,2.5
194,800,3.5
194,780,2.5
194,1487,3.5
194,619,5.0
194,1409,4.0
194,2044,3.5
194,2340,4.0
194,869,3.0
194,409,2.0
194,1706,5.0
194,2436,3.0
194,1146,3.5
194,2260,3.5
194,873,2.0
195,2173,4.0
195,1159,4.0
195,1114,2.5
195,434,2.0
195,678,3.0
195,2313,2.0
195,27,2.5
195,1819,3.5
195,1302,3.0
195,1485,3.0
195,1642,4.0
195,938,4.5
195,82,4.0
196,2101,2.5
196,1232,3.0
196,456,3.5
196,1990,3.5
196,299,2.5
196,346,3.0
196,2150,3.0
196,1362,4.0
196,355,3.5
196,1781,3.0
196,2136,4.5
196,1326,2.0
197,134,2.0
197,1177,1.5
197,179,2.0
197,1784,4.5
197,682,3.5
197,1743,3.5
197,2164,5.0
197,1970,3.5
197,1755,5.0
197,1542,3.5
197,1147,5.0
197,2169,3.0
197,2056,4.5
197,2044,4.0
198,1046,4.0
198,1262,2.0
198,797,3.5
198,576,3.5
198,487,3.0
198,622,2.0
198,1398,5.0
198,1298,2.0
198,106,2.5
198,940,3.5
198,119,3.5
198,2061,5.0
198,1235,4.5
198,1570,3.5
198,2462,4.0
198,2491,2.5
198,1252,2.0
198,2139,2.5
198,2308,4.0
198,1258,2.5
198,88,2.0
198,1973,2.0
198,1410,2.5
198,2148,3.5
199,1112,4.0
199,1736,1.5
199,504,3.0
199,1236,4.0
199,638,4.0
199,2117,2.0
199,1711,4.5
199,2119,2.5
199,576,3.0
199,1769,3.0
199,1891,3.5
199,918,4.5
200,206,3.5
200,1252,4.5
200,745,3.5
200,1260,2.5
200,1871,2.5
200,1627,5.0
200,867,2.5
200,263,4.5
200,68,3.0
200,1919,4.0
200,1699,3.0
200,1755,3.5
200,1603,3.0
200,526,3.5
200,2377,5.0
200,1059,4.5
200,1311,4.5
200,674,2.0
200,448,4.0
200,1686,3.0
200,1600,5.0
200,1096,3.5
200,59,4.0
200,811,2.0
200,1416,2.0
200,409,4.0
200,1046,3.5
200,608,2.0
200,1299,3.5
200,1714,2.0
201,2438,2.5
201,2389,3.0
201,2138,4.5
201,1057,3.0
201,1610,2.0
201,1117,3.0
201,1124,3.0
201,1736,2.5
201,2042,2.0
201,722,3.0
201,2246,4.0
202,1068,4.0
202,1834,3.5
202,553,3.0
202,1545,3.5
202,626,2.5
202,1258,2.5
202,2004,3.0
202,233,3.0
202,543,3.0
202,932,4.0
202,755,2.0
202,1221,1.5
202,376,4.5
202,707,2.0
202,2226,1.5
202,559,5.0
202,1651,2.5
203,741,4.0
203,933,4.0
203,2419,2.0
203,450,4.0
203,523,4.5
203,518,3.5
203,2212,3.5
203,2039,3.5
203,1116,5.0
203,442,5.0
203,1695,4.0
204,1725,3.5
204,1266,4.0
204,257,3.5
204,2027,4.5
204,831,3.5
204,1922,4.5
204,691,3.5
204,1769,3.0
204,1141,4.0
204,1727,1.5
204,551,2.5
204,66,3.5
204,2427,2.5
204,1900,3.0
204,349,4.5
204,506,3.5
204,984,4.0
204,1748,4.0
204,2328,3.0
204,1620,3.0
204,1926,4.5
204,224,4.0
204,829,2.5
204,1554,3.5
204,2240,5.0
204,690,4.0
204,533,3.5
205,1585,1.5
205,2312,2.5
205,2468,2.0
205,1159,3.5
205,1466,3.0
205,1639,4.0
205,1768,2.5
205,1288,2.0
205,1279,4.0
205,531,3.0
205,1282,2.0
205,601,2.0
205,1125,1.5
205,2194,3.5
205,1388,2.5
205,2064,4.5
205,976,4.5
205,2223,3.5
205,2420,3.5
205,1785,4.5
205,2011,4.5
206,932,4.0
206,351,3.0
206,311,4.0
206,1266,3.5
206,737,3.5
206,1802,2.5
206,1042,3.0
206,603,3.0
206,1183,4.5
206,2008,3.0
206,2083,3.0
206,622,3.5
206,1175,3.0
206,631,4.0
206,2454,3.0
206,165,3.0
206,1036,1.5
206,1263,2.0
206,1940,4.0
206,535,4.0
206,739,3.0
206,568,2.0
206,1364,3.0
206,1602,2.5
206,1030,4.0
206,1024,4.0
207,494,3.5
207,1040,3.0
207,2031,4.5
207,1208,4.5
207,1471,4.0
207,348,2.5
207,1838,3.5
207,1253,3.5
207,2100,1.5
207,524,4.5
207,1807,3.0
207,864,4.0
207,1112,3.5
207,21,3.5
208,2462,2.0
208,825,3.0
208,1915,2.5
208,268,1.5
208,686,3.5
208,2325,3.0
208,282,2.5
208,2430,2.5
208,1615,1.5
208,1666,2.0
208,1800,2.0
208,324,3.5
208,1116,2.5
208,234,2.5
208,1680,2.5
208,1863,3.0
208,2469,3.0
208,1963,3.5
208,114,3.5
208,603,2.5
209,210,4.0
209,37,2.5
209,1994,3.0
209,680,3.0
209,2202,3.0
209,501,4.0
209,2472,1.5
209,2204,3.5
209,1876,4.0
209,2090,3.5
209,280,4.5
209,144,4.0
210,1045,2.0
210,1248,4.5
210,181,3.0
210,1501,2.5
210,1429,2.5
210,2032,4.0
210,1687,2.0
210,2117,2.5
210,2171,2.5
210,1631,3.0
210,2416,2.0
210,749,2.0
210,1790,3.5
210,2446,3.5
210,1804,4.5
211,1146,1.5
211,1335,3.0
211,1583,2.5
211,149,3.0
211,2156,2.5
211,20,3.5
211,1821,2.0
211,2442,2.5
211,433,4.0
211,2373,1.5
211,1882,3.5
211,483,3.5
211,630,4.0
212,1914,4.5
212,338,4.0
212,1170,2.5
212,922,5.0
212,720,4.0
212,1790,1.5
212,1710,5.0
212,531,3.5
212,1322,2.5
212,2084,3.5
212,1818,4.0
213,294,3.0
213,938,3.0
213,1747,2.0
213,1228,4.0
213,1455,4.5
213,793,4.0
213,1022,5.0
213,997,3.5
213,2493,4.0
213,1089,2.0
213,1276,3.0
213,117,4.5
213,1245,1.5
213,1034,2.0
213,2023,4.5
213,2073,2.0
213,1580,3.0
213,1170,3.0
213,62,3.0
213,1565,4.0
214,270,3.5
214,1799,3.0
214,1139,2.5
214,2462,3.0
214,1070,3.5
214,916,2.0
214,2070,3.5
214,747,3.5
214,338,3.0
214,600,4.0
214,699,3.0
214,12,3.5
214,1366,3.0
214,2005,2.5
214,907,3.5
214,466,2.5
214,1647,3.5
214,734,4.0
214,840,2.0
214,677,3.5
215,916,3.0
215,1917,4.0
215,1710,3.0
215,1832,2.0
215,1610,2.5
215,647,3.5
215,2233,3.0
215,292,3.5
215,2228,2.5
215,60,3.0
216,837,1.5
216,641,5.0
216,1799,3.5
216,1529,3.5
216,2491,5.0
216,281,2.5
216,2402,3.0
216,2200,3.5
216,1350,2.5
216,1599,3.0
216,1452,2.5
216,1556,3.0
216,1424,3.5
216,1906,3.5
216,67,3.0
216,1946,3.5
216,157,4.5
216,2171,4.0
216,934,4.0
216,1732,3.0
217,477,4.0
217,2308,2.5
217,1321,3.5
217,2395,2.5
217,1177,3.0
217,2301,4.0
217,2261,3.0
217,1228,2.5
217,1469,2.5
217,2364,4.5
217,643,4.0
217,2482,3.0
217,558,2.0
217,854,3.0
217,2022,2.0
217,1819,2.5
217,2371,4.5
217,147,3.5
217,1174,2.5
218,2482,3.5
218,1387,4.5
218,1880,3.0
218,1135,2.5
218,2201,4.0
218,2299,3.0
218,1470,3.0
218,612,3.0
218,452,4.5
218,348,1.5
218,1186,2.5
218,356,3.5
218,1772,1.5
218,1993,3.5
218,2125,3.5
218,1930,3.0
218,325,3.5
218,1687,3.0
218,2021,3.5
219,880,3.5
219,1774,3.5
219,598,2.5
219,1298,2.5
219,1676,3.5
219,1106,4.0
219,2196,2.5
219,1742,2.5
219,2105,3.5
219,1068,3.0
219,1594,2.5
219,2097,2.5
219,656,3.5
219,1134,2.5
220,1897,4.0
220,2232,2.5
220,2483,3.0
220,1501,2.0
220,506,2.0
220,1141,3.5
220,484,4.0
220,111,3.0
220,1518,3.5
220,1282,3.5
220,119,2.0
220,79,2.5
220,2420,2.5
220,2496,3.5
220,1955,3.5
220,1600,3.0
220,2199,3.0
220,2168,3.0
220,619,3.0
220,1220,3.0
220,2042,2.0
220,883,3.0
220,221,3.5
220,2235,4.0
220,1963,3.0
221,1959,3.0
221,1222,4.0
221,2118,3.0
221,2135,3.5
221,1644,3.0
221,1418,4.0
221,229,3.5
221,2240,2.0
221,1781,3.5
221,2361,3.0
221,121,4.5
221,1470,4.5
221,2215,4.0
221,1714,3.0
222,1798,3.0
222,1458,4.0
222,866,4.0
222,1737,4.0
222,227,3.0
222,1313,3.5
222,217,3.5
222,2139,4.0
222,531,3.5
222,2439,3.5
222,580,5.0
222,2452,5.0
222,1911,4.5
222,413,3.5
222,1355,2.5
222,1513,5.0
222,157,2.0
223,1874,2.5
223,1188,2.5
223,670,4.0
223,1886,3.5
223,1297,3.0
223,2194,3.0
223,1760,3.5
223,39,2.5
223,1463,2.0
223,2430,3.5
223,1726,4.0
223,1185,3.0
223,2192,3.5
223,518,2.5
223,662,4.5
223,903,3.5
223,1155,5.0
223,1695,3.5
223,2045,3.0
223,1311,2.5
223,2065,1.5
223,2264,3.0
223,1992,3.5
223,1331,2.5
223,1524,3.5
223,1443,3.5
224,2176,3.0
224,2062,4.0
224,1829,2.5
224,280,4.0
224,2305,3.0
224,592,4.0
224,1272,3.5
224,2206,3.0
224,1054,3.5
224,560,3.0
224,1599,1.5
224,2359,3.0
224,2473,3.5
224,637,1.5
224,1013,3.5
224,1685,3.0
224,1122,3.0
224,2113,2.5
224,1420,4.0
224,839,3.0
224,756,2.5
224,936,3.0
224,969,4.0
224,1028,4.0
224,2053,3.0
224,2312,1.5
224,765,3.0
224,2300,3.5
224,1916,3.0
224,2124,1.5
225,2116,3.5
225,135,2.5
225,1311,3.0
225,2438,3.0
225,1440,2.0
225,1357,3.0
225,1002,2.5
225,1351,4.5
225,2297,4.5
225,1730,1.5
225,2059,3.5
225,1707,2.0
225,1980,3.5
225,1148,2.0
225,2443,2.0
226,190,3.0
226,575,4.0
226,172,3.0
226,1694,3.5
226,987,3.0
226,2403,4.0
226,1660,2.5
226,1472,4.0
226,1344,2.5
226,1462,1.0
226,2247,3.0
226,791,4.5
226,1060,2.0
226,285,3.5
226,1275,2.5
226,1360,1.0
226,2369,4.0
226,2047,3.0
226,2457,5.0
226,1811,2.5
226,1777,3.5
226,746,4.5
226,631,4.5
226,216,2.0
226,60,3.0
226,2303,4.5
227,651,3.0
227,1038,3.0
227,1239,3.5
227,2492,3.0
227,1354,3.5
227,1132,3.0
227,95,2.5
227,929,3.5
227,1682,3.0
227,40,2.5
227,2374,4.0
227,1057,3.0
227,912,3.5
227,445,3.5
228,2344,2.5
228,156,2.0
228,170,4.0
228,533,3.5
228,1494,2.5
228,583,2.5
228,424,1.0
228,1630,5.0
228,100,3.0
228,2408,4.0
228,1994,4.5
228,608,2.0
229,1867,3.0
229,582,2.5
229,2155,3.5
229,59,2.5
229,1319,4.0
229,41,3.5
229,361,3.5
229,2456,2.5
229,1365,1.5
229,1303,2.5
229,1043,2.5
229,15,2.5
229,58,2.0
229,301,2.0
229,1213,3.0
229,2381,4.5
229,1199,3.0
229,1598,3.0
230,643,2.5
230,1851,1.5
230,1450,4.5
230,376,3.0
230,2450,4.0
230,1049,2.5
230,824,4.0
230,137,3.0
230,1730,2.0
230,1861,2.5
230,2392,2.5
230,1633,3.0
230,1619,3.5
230,1055,4.0
230,816,3.5
231,1369,3.0
231,942,4.0
231,496,4.0
231,2040,3.5
231,1167,4.0
231,247,4.0
231,896,3.0
231,1812,3.5
231,183,2.5
231,658,2.5
231,1967,3.0
231,169,3.0
231,1321,4.0
231,2272,3.0
231,2093,4.0
231,1713,2.5
231,1675,3.5
232,1635,2.0
232,1672,2.0
232,1044,2.0
232,547,3.0
232,20,2.5
232,685,1.5
232,60,4.0
232,1873,2.5
232,1831,2.5
232,1921,3.0
232,1118,3.5
232,2489,1.5
232,229,2.5
232,899,3.0
232,1421,3.0
232,754,3.0
232,1148,3.5
232,1688,2.0
232,538,3.0
232,2156,4.0
232,152,4.0
232,1901,2.0
232,141,3.5
232,906,4.0
232,784,3.5
232,1830,2.5
232,2168,1.5
232,1450,4.0
232,1941,3.0
233,2088,2.0
233,780,4.5
233,765,4.0
233,1345,3.0
233,987,3.0
233,658,2.5
233,1200,1.5
233,2478,4.0
233,431,5.0
233,2477,4.0
233,1578,3.0
233,1471,3.5
233,188,2.5
234,2117,3.5
234,736,4.0
234,1898,3.0
234,566,2.0
234,1806,3.0
234,2067,4.0
234,398,2.5
234,158,4.0
234,602,2.5
234,1921,4.0
234,1651,3.0
234,2045,4.5
234,383,2.5
234,1589,2.5
234,31,4.5
234,1713,3.0
234,2331,2.5
234,585,3.5
234,857,3.0
234,1337,3.5
234,324,5.0
234,2168,3.5
234,2148,3.5
234,1401,5.0
234,152,3.5
234,858,2.0
235,1125,3.5
235,120,2.0
235,1173,3.0
235,358,1.5
235,21,4.0
235,2286,3.5
235,423,4.0
235,2258,3.0
235,1463,3.5
235,1266,2.0
235,778,4.5
235,702,4.0
235,1516,3.0
236,424,2.0
236,1472,2.5
236,1185,3.5
236,2231,4.0
236,830,1.5
236,1635,2.5
236,1231,2.5
236,831,2.5
236,2099,4.5
236,2487,4.5
236,603,4.0
236,2157,4.5
236,325,3.5
236,159,2.5
236,1587,3.0
236,1037,2.5
236,1784,3.0
236,1593,3.0
236,873,4.0
236,1006,3.0
236,1438,3.5
236,2003,3.0
236,1474,2.5
236,323,2.0
236,1156,3.0
236,1728,4.0
236,1184,5.0
236,111,2.5
236,1671,2.5
237,1740,2.5
237,1079,1.5
237,474,2.5
237,524,2.5
237,1042,2.0
237,2363,2.5
237,2454,2.5
237,2219,2.5
237,992,4.5
237,669,3.0
237,339,2.5
237,753,3.5
237,1314,2.5
237,1605,5.0
237,444,3.5
237,245,4.0
238,2310,5.0
238,1815,1.5
238,2299,4.0
238,1314,3.5
238,2008,1.5
238,219,2.0
238,390,2.0
238,253,4.5
238,988,4.0
238,384,2.5
238,1691,2.5
238,2317,3.5
238,70,3.0
238,1084,2.0
238,493,3.0
238,1047,4.0
239,460,2.5
239,1993,3.5
239,32,3.0
239,917,3.5
239,16,2.5
239,66,3.0
239,2477,2.5
239,389,2.0
239,1291,2.5
239,1989,2.0
239,269,4.0
239,2412,4.0
239,940,2.5
239,1430,2.5
239,1892,3.0
239,659,3.5
239,1894,3.5
239,1819,3.0
239,81,2.0
239,446,3.0
239,2476,3.0
239,2054,3.5
239,2164,2.0
239,1273,3.0
239,150,3.0
239,1100,2.0
239,2033,3.0
239,2109,3.0
240,1178,3.0
240,1345,3.5
240,1586,3.5
240,564,2.0
240,1253,4.0
240,860,3.0
240,601,3.5
240,2479,2.0
240,161,2.0
240,1816,3.5
241,1612,3.0
241,964,3.5
241,1533,3.5
241,1990,3.5
241,2049,3.0
241,2066,2.5
241,831,2.5
241,1228,3.0
241,168,3.0
241,520,2.5
241,1940,2.5
241,1456,4.0
241,302,3.0
241,68,2.0
241,943,2.5
241,570,2.0
241,1392,3.5
241,1657,4.0
241,1497,3.0
241,373,4.5
241,1631,3.5
241,1869,3.0
241,848,2.5
241,1529,3.0
241,2177,2.5
241,138,3.5
241,1136,2.0
241,2335,2.0
241,786,4.0
241,1397,2.5
242,2455,4.0
242,814,3.5
242,1885,4.0
242,1915,3.0
242,1671,4.5
242,1871,3.5
242,2024,3.0
242,1802,5.0
242,2365,5.0
242,1577,2.5
242,1784,3.5
242,2213,2.0
242,457,3.5
242,656,2.5
242,2008,3.0
242,2165,3.0
242,2252,3.5
242,2276,2.5
242,806,2.0
242,1263,3.5
242,2103,4.5
242,431,2.0
243,2422,2.5
243,1450,2.5
243,774,3.5
243,439,3.5
243,2005,3.5
243,215,4.0
243,688,4.0
243,1291,3.5
243,2453,4.0
243,1479,3.0
243,145,3.0
243,1329,2.5
243,177,4.5
243,1767,4.5
243,2240,3.5
243,1446,4.5
243,2004,3.0
243,1118,3.0
243,165,4.5
243,2332,4.0
244,2284,3.0
244,1274,1.5
244,1765,3.0
244,1506,2.0
244,71,2.5
244,1752,3.5
244,2338,3.0
244,2024,3.0
244,732,3.0
244,1399,3.5
244,2216,2.5
244,754,2.5
244,906,3.0
244,1568,5.0
244,1216,4.5
244,2198,2.0
244,821,3.0
244,1528,2.0
244,861,3.0
244,2375,3.5
244,1864,3.0
244,2159,3.5
244,611,4.5
244,2134,4.5
244,2493,2.0
244,620,2.0
244,24,2.5
244,2437,4.0
245,434,4.0
245,794,4.0
245,1325,3.5
245,1575,1.5
245,440,4.0
245,1027,2.5
245,2230,1.5
245,17,4.0
245,2176,2.0
245,842,4.0
245,2488,2.0
245,1800,2.0
245,1748,2.5
245,1517,4.0
245,482,4.0
245,895,3.5
245,972,4.0
245,1134,3.0
245,634,2.5
245,104,3.5
245,1981,5.0
245,2445,2.0
245,2285,2.5
245,2482,2.5
245,1995,3.5
246,1663,3.0
246,1546,4.0
246,349,3.0
246,1066,4.5
246,560,3.5
246,1468,2.5
246,675,4.0
246,2203,3.5
246,246,4.0
246,1893,2.5
246,1487,5.0
246,1089,3.5
246,788,2.0
246,176,3.0
246,1931,5.0
246,2161,5.0
246,241,3.5
246,586,4.0
246,2306,4.0
246,53,3.5
246,2154,3.5
246,1121,5.0
246,162,3.0
246,456,5.0
246,1209,3.0
246,1630,5.0
246,726,4.0
246,38,4.0
247,1814,2.5
247,1327,2.5
247,2472,3.0
247,1478,3.5
247,874,3.0
247,1887,3.0
247,527,3.0
247,1302,3.5
247,2200,4.5
247,2081,2.5
247,2040,3.5
247,285,3.0
247,2231,3.5
247,692,5.0
247,122,5.0
247,319,4.0
247,308,4.5
247,165,3.0
247,1753,5.0
247,1225,4.5
247,1869,2.5
247,413,4.0
248,2350,3.5
248,70,2.5
248,1104,2.0
248,445,2.0
248,575,5.0
248,1813,4.0
248,1812,3.0
248,231,2.5
248,1830,3.5
248,1649,3.5
248,2170,1.5
248,966,3.5
248,85,2.0
248,1117,3.5
248,1096,3.0
248,2270,2.5
248,2384,2.5
248,679,3.0
248,296,3.5
248,1844,4.5
248,254,2.5
248,22,4.0
248,297,3.5
248,235,3.0
248,737,2.0
248,1852,3.0
248,429,2.5
248,491,3.0
249,2085,2.0
249,443,2.5
249,685,2.5
249,562,4.0
249,1452,3.0
249,1486,4.0
249,719,3.0
249,283,3.0
249,2176,5.0
249,560,3.5
249,967,4.5
249,725,2.0
249,681,3.5
249,402,3.5
249,1769,2.5
249,654,2.5
249,865,2.0
249,2496,4.5
249,160,3.5
250,2110,4.0
250,1327,3.5
250,1131,2.5
250,512,3.5
250,719,4.0
250,1083,2.5
250,431,3.0
250,288,3.0
250,382,2.5
250,161,4.0
250,1783,4.0
250,1276,3.0
250,1194,4.5
250,251,5.0
250,536,2.0
250,8,3.0
250,2447,2.5
250,2458,3.5
250,450,3.0
250,447,2.5
250,555,3.0
250,128,3.0
250,817,5.0
250,638,4.5
250,2316,3.0
251,707,3.0
251,2473,3.5
251,765,3.0
251,365,1.5
251,2131,3.5
251,2300,2.5
251,455,1.5
251,1625,4.0
251,1667,1.0
251,2430,2.5
251,2459,4.0
251,1321,3.0
251,1356,4.0
251,77,4.0
251,1270,3.5
251,2172,3.0
251,2127,3.0
251,21,3.5
251,1225,3.5
251,871,2.5
251,1147,3.0
252,2173,3.5
252,887,2.5
252,1438,2.5
252,510,2.5
252,1336,2.0
252,908,3.5
252,621,1.5
252,265,3.5
252,1327,3.0
252,2496,2.5
253,1641,4.0
253,816,3.0
253,1575,1.5
253,1521,2.0
253,305,1.0
253,1318,3.5
253,1366,2.5
253,2205,3.0
253,1817,2.5
253,1888,3.5
253,878,3.0
253,2274,2.5
253,1719,2.5
253,485,3.0
253,805,3.5
253,2096,4.5
253,277,2.0
253,526,3.0
253,330,3.0
254,723,3.5
254,1286,4.0
254,1447,3.5
254,1821,2.0
254,2050,2.5
254,804,2.5
254,1243,3.0
254,1676,3.5
254,2169,4.0
254,1524,3.0
254,890,5.0
254,2191,3.5
254,17,3.5
254,1165,3.0
254,2041,3.5
254,2102,3.5
254,1508,3.5
255,925,2.5
255,2203,3.0
255,139,5.0
255,1997,5.0
255,296,1.5
255,1436,4.0
255,161,3.0
255,2315,2.0
255,1765,3.0
255,1413,2.5
255,2446,1.0
255,2014,4.0
255,1024,5.0
255,424,1.5
256,1908,4.0
256,2060,3.5
256,324,4.0
256,1367,3.5
256,1542,1.0
256,2307,4.0
256,1264,4.0
256,2428,4.0
256,1735,3.5
256,1401,4.5
256,385,2.5
256,643,2.5
256,1762,5.0
256,1030,5.0
256,1491,2.5
257,514,3.5
257,786,2.5
257,1569,4.0
257,1745,3.0
257,1678,4.0
257,1774,2.5
257,244,2.0
257,1460,3.5
257,624,3.5
257,2106,4.0
257,1481,5.0
257,1934,3.0
257,408,2.5
258,737,3.5
258,2043,3.5
258,1535,2.5
258,2254,3.0
258,1806,3.0
258,1241,4.5
258,614,3.5
258,887,4.0
258,1160,5.0
258,643,3.0
258,306,2.5
258,2377,3.5
258,533,2.5
258,474,2.5
258,2193,2.5
258,1394,4.5
258,2499,5.0
258,41,2.5
258,2478,4.5
259,2001,3.0
259,1251,4.5
259,1886,3.5
259,1950,2.0
259,304,2.5
259,1013,3.0
259,1952,3.0
259,991,3.5
259,875,3.0
259,1225,3.5
259,555,2.0
259,2426,3.5
259,1852,2.5
259,1176,4.0
260,789,3.0
260,1085,3.5
260,2387,2.5
260,1032,4.0
260,1676,2.0
260,1009,4.0
260,2269,4.0
260,154,2.5
260,1877,3.0
260,131,3.0
260,1820,3.0
260,1658,4.0
260,1936,3.5
260,592,1.5
260,1535,2.0
260,816,3.5
260,1879,3.5
260,1772,3.5
260,359,4.0
260,2265,3.0
260,91,3.0
260,647,1.5
260,1240,3.0
260,2359,3.0
260,1120,3.5
261,172,3.0
261,860,2.0
261,2252,4.5
261,1564,3.5
261,491,4.0
261,1206,2.0
261,2422,5.0
261,2311,3.0
261,1001,3.5
261,858,2.5
261,1002,1.0
261,2342,3.0
261,1495,2.0
261,1073,2.5
261,550,3.0
261,1582,3.0
262,312,2.0
262,988,3.5
262,1341,3.5
262,1122,4.0
262,1867,3.0
262,1892,4.5
262,373,2.0
262,931,3.0
262,643,3.0
262,938,4.0
262,169,3.5
262,973,3.0
262,1667,4.0
262,1373,3.0
262,1482,3.0
262,596,4.0
262,1762,3.0
262,2472,3.0
262,2323,3.5
262,862,2.0
262,1467,2.5
262,1138,3.0
262,730,3.0
262,1500,2.0
262,760,3.0
262,935,2.5
263,2232,3.0
263,1513,3.0
263,86,3.0
263,698,4.0
263,1972,3.5
263,1187,3.5
263,2079,5.0
263,991,3.5
263,160,3.5
263,163,3.5
263,2476,5.0
263,473,4.5
263,45,1.0
263,395,5.0
263,1989,3.0
263,342,2.5
263,1818,4.0
263,1477,3.5
263,626,3.0
264,1021,5.0
264,830,2.5
264,466,3.0
264,1371,3.5
264,87,3.0
264,2271,1.5
264,201,3.5
264,1122,2.5
264,1623,4.0
264,1087,4.0
264,588,3.0
264,2242,2.5
264,1993,5.0
264,446,3.0
265,19,3.0
265,726,2.0
265,107,2.0
265,210,4.0
265,716,2.0
265,977,2.0
265,2156,2.5
265,1682,3.5
265,1628,2.0
265,44,4.0
265,1293,2.5
265,1318,4.5
266,1634,4.5
266,2448,3.5
266,946,1.5
266,1526,1.5
266,742,5.0
266,1331,3.0
266,233,5.0
266,1731,4.5
266,1735,2.5
266,354,4.5
266,1004,5.0
266,1166,3.5
266,1493,3.5
266,105,4.0
266,2041,4.5
266,1303,4.5
266,218,4.5
266,818,4.0
266,1161,3.5
266,1334,3.5
266,1510,5.0
266,1535,2.0
266,1366,3.0
267,485,4.0
267,1296,3.0
267,2180,3.0
267,1930,3.0
267,2299,2.0
267,864,4.0
267,358,2.5
267,719,2.0
267,2475,2.0
267,996,3.0
267,574,2.5
267,1982,4.0
267,1051,3.0
267,304,4.5
267,139,3.0
267,479,4.0
267,1743,2.0
267,1577,4.0
267,2045,2.5
267,2401,1.0
267,131,3.5
267,2088,1.5
267,1626,3.0
267,729,3.0
267,158,2.5
267,1295,1.5
267,1134,2.0
268,448,3.0
268,821,4.0
268,1131,2.0
268,566,2.5
268,1564,3.0
268,1071,2.5
268,2428,3.5
268,2327,3.5
268,1561,3.5
268,2350,3.0
268,1058,3.5
268,2361,3.0
268,1925,4.0
268,360,3.0
268,676,4.0
268,217,4.0
268,1362,4.0
268,350,3.5
268,312,3.5
269,277,4.0
269,1177,3.0
269,482,2.5
269,310,4.0
269,134,3.0
269,1442,4.5
269,1254,4.5
269,1329,3.0
269,1316,3.5
269,1265,5.0
269,2467,2.5
269,945,3.0
269,526,3.5
269,507,3.0
269,192,2.5
269,1373,5.0
269,1314,4.5
269,237,4.0
269,1592,4.5
269,382,3.0
269,361,3.5
269,2400,1.5
269,2315,3.0
269,1280,2.5
269,178,3.0
269,2257,3.5
269,239,3.5
269,124,3.5
269,2457,3.5
270,12,2.5
270,2343,2.0
270,622,3.0
270,1604,4.0
270,1514,3.0
270,1780,3.0
270,779,2.0
270,221,3.5
270,1629,5.0
270,2311,4.0
270,1863,2.5
270,845,3.0
271,757,4.5
271,704,5.0
271,1277,5.0
271,2026,4.5
271,647,2.5
271,1534,3.5
271,221,3.5
271,2230,4.0
271,1492,4.0
271,263,3.0
271,275,5.0
271,2349,2.0
271,255,5.0
271,496,4.5
271,962,2.0
271,1109,4.0
271,2234,4.0
271,2195,5.0
271,2429,4.0
271,1152,3.0
271,2360,5.0
271,1055,3.5
271,271,4.5
272,492,4.0
272,695,3.5
272,1483,2.5
272,116,2.0
272,1981,4.5
272,1728,3.5
272,2365,4.0
272,1455,3.0
272,954,2.5
272,817,3.5
272,1743,2.0
272,636,4.0
272,1733,3.0
272,2069,3.5
272,2291,2.5
272,2042,3.5
272,1639,3.5
273,828,3.5
273,443,2.5
273,298,2.5
273,904,2.5
273,1666,4.5
273,1,2.5
273,817,2.0
273,288,3.0
273,2161,2.0
273,1776,3.5
273,1196,3.5
273,857,2.5
273,1091,2.5
273,238,3.0
273,975,4.5
273,627,2.5
273,1363,3.5
273,504,3.5
273,440,3.5
273,2149,3.5
273,1014,2.5
273,149,3.0
273,1977,3.0
273,775,1.0
274,1867,2.0
274,1896,2.5
274,632,3.0
274,1423,3.5
274,2240,3.0
274,811,2.5
274,1652,2.0
274,1700,5.0
274,1786,4.0
274,2280,2.5
275,710,3.5
275,637,3.5
275,2143,5.0
275,366,2.5
275,2332,3.5
275,1317,4.0
275,1840,3.0
275,1774,2.0
275,1912,5.0
275,770,4.0
275,1715,5.0
275,913,2.5
275,2030,3.5
275,977,5.0
275,1618,3.0
275,1769,3.5
275,2327,4.5
275,943,5.0
275,1356,3.5
275,607,3.5
275,57,4.0
275,2457,5.0
275,1189,2.0
275,222,2.5
275,1286,2.5
275,1407,4.5
275,212,5.0
275,1306,4.0
275,944,4.5
275,1760,4.0
276,2220,2.5
276,2311,4.0
276,2380,4.0
276,1366,2.5
276,306,5.0
276,293,5.0
276,148,3.0
276,269,3.5
276,815,4.0
276,1424,3.0
276,181,1.5
276,871,3.5
276,1395,2.0
277,2141,4.0
277,2411,2.5
277,1319,3.0
277,2250,3.0
277,1418,4.0
277,606,2.0
277,1689,2.0
277,1573,3.0
277,412,3.5
277,829,2.5
278,1864,2.0
278,410,3.0
278,1755,3.5
278,1025,3.0
278,1828,3.0
278,2017,3.5
278,2343,3.0
278,787,2.5
278,1288,4.5
278,1720,1.5
278,1128,3.5
278,1586,3.0
278,181,2.0
278,1787,4.0
278,2377,2.0
278,1133,3.5
278,1585,3.5
278,23,3.0
278,2176,3.5
278,1612,3.5
278,1698,4.0
279,1840,3.0
279,1712,2.0
279,608,3.0
279,234,3.0
279,2424,3.5
279,105,1.0
279,638,2.5
279,2379,1.0
279,1107,3.5
279,1287,4.0
279,1126,4.5
279,2370,2.5
279,261,3.5
279,550,4.0
279,1623,3.0
279,965,3.5
279,1777,3.5
279,1122,4.0
279,122,3.5
279,63,3.0
279,410,2.0
279,2467,3.0
279,1863,5.0
280,1243,3.5
280,1123,3.0
280,1757,2.5
280,1194,3.0
280,758,3.5
280,585,1.0
280,1550,3.5
280,2413,3.5
280,1399,3.0
280,426,4.0
280,1853,3.0
280,458,2.5
280,64,4.0
280,119,2.5
280,2013,2.0
280,887,3.0
280,2267,4.0
280,2461,4.0
280,990,5.0
280,1387,2.5
280,1658,4.0
281,677,3.0
281,1350,2.5
281,75,1.5
281,2108,3.5
281,766,4.5
281,1500,3.5
281,2490,2.0
281,1648,2.0
281,285,4.0
281,1950,2.5
281,350,5.0
281,1321,2.5
281,656,5.0
281,1558,4.5
281,227,4.0
281,129,3.5
281,847,3.0
281,1577,2.5
281,1533,3.5
281,1518,3.5
281,1954,4.0
281,204,3.0
282,1566,3.5
282,631,3.5
282,667,3.0
282,2350,3.0
282,461,3.0
282,2312,3.5
282,1043,3.5
282,1755,3.5
282,131,2.0
282,2344,2.5
282,119,3.0
282,390,4.5
282,282,2.0
282,663,2.0
282,2048,2.0
282,1200,3.5
282,200,2.5
282,2004,3.5
282,210,2.5
282,322,3.0
282,1879,3.0
282,1269,4.5
282,1618,3.0
282,870,3.5
282,1546,3.0
282,350,3.5
282,674,4.0
282,2008,1.5
282,1091,3.0
282,2137,3.5
283,2441,2.0
283,906,2.5
283,555,1.5
283,879,3.0
283,1254,2.5
283,537,3.5
283,6,3.0
283,218,2.0
283,2284,2.5
283,1934,1.5
284,274,3.5
284,1385,3.5
284,1702,2.0
284,1346,3.5
284,1497,2.5
284,109,4.0
284,1934,2.5
284,1504,4.5
284,2376,3.5
284,2262,2.5
284,1514,3.0
284,861,3.0
284,122,2.5
284,446,3.0
284,743,5.0
284,1959,3.0
284,2244,2.0
284,8,3.0
284,925,3.0
284,469,3.5
284,1320,3.5
284,1102,3.5
284,1816,3.5
284,1680,3.5
284,1838,3.0
284,206,3.5
284,1354,3.0
284,2149,2.0
284,1599,3.5
285,2185,2.5
285,1716,3.5
285,82,2.0
285,213,2.5
285,883,3.0
285,2222,4.0
285,1547,2.0
285,326,2.0
285,582,4.5
285,1067,2.5
285,2363,4.5
285,1909,2.0
285,1388,2.5
285,288,3.5
285,2471,4.0
285,1136,3.5
285,1963,3.0
286,1112,4.0
286,2145,2.0
286,2470,4.0
286,1263,3.0
286,978,3.0
286,1534,2.5
286,1231,2.5
286,2232,3.0
286,453,4.0
286,1047,2.0
286,2444,2.0
286,2040,3.5
286,787,4.0
286,1048,2.0
286,1707,2.5
286,133,3.0
286,979,2.0
286,2486,4.0
286,954,2.5
286,1013,3.5
286,1322,3.5
286,769,3.0
286,1841,2.0
286,487,2.5
286,414,3.0
286,101,1.5
286,2107,3.5
286,1002,2.0
286,105,4.0
286,454,3.0
287,1479,3.0
287,2482,3.0
287,1087,4.5
287,840,3.0
287,2355,2.0
287,1814,4.0
287,1019,2.5
287,364,2.5
287,1116,3.0
287,2085,1.5
287,1060,3.0
287,945,2.5
287,397,3.5
287,2494,3.0
287,2453,2.5
287,2460,3.5
287,2445,2.5
287,1229,2.0
288,1689,4.0
288,1448,2.5
288,1410,2.0
288,163,2.0
288,551,4.0
288,2377,3.5
288,153,3.0
288,594,2.5
288,672,2.5
288,570,2.0
288,1926,3.5
288,2264,3.5
288,2392,3.0
288,1511,3.0
288,439,4.0
288,1423,1.5
288,869,4.0
288,368,3.0
288,341,3.5
288,194,5.0
288,1812,5.0
288,765,3.5
288,1196,3.5
289,562,3.5
289,367,4.0
289,493,3.5
289,1677,3.5
289,2313,2.0
289,2359,2.5
289,2454,5.0
289,1491,4.5
289,1734,2.5
289,287,3.5
289,548,4.0
289,572,3.0
289,2275,2.5
289,1370,4.5
289,744,3.0
289,844,3.5
289,689,3.5
289,697,2.5
289,748,2.5
290,1880,3.0
290,420,3.5
290,241,2.5
290,874,1.5
290,187,4.0
290,1907,4.0
290,2062,2.5
290,359,2.0
290,1562,2.0
290,229,4.0
290,2402,4.5
290,2055,2.5
290,2303,3.5
290,108,5.0
290,1450,3.5
290,2157,4.0
290,1719,2.5
290,689,2.5
290,768,4.0
290,1812,2.5
290,2090,3.5
290,988,4.0
290,128,3.0
290,2182,1.5
290,536,4.0
291,1074,3.0
291,1470,2.0
291,47,3.0
291,483,5.0
291,1390,4.5
291,1203,5.0
291,335,3.0
291,2384,4.5
291,643,3.5
291,746,3.0
291,1054,4.5
291,1419,2.5
291,2053,3.5
291,240,4.5
291,1283,2.0
291,1269,2.0
291,2249,3.0
291,120,4.5
291,1041,4.0
291,750,2.5
291,658,4.5
291,647,3.0
291,2447,3.0
291,1137,4.0
291,675,3.5
291,506,3.0
291,752,5.0
291,309,3.5
292,1013,4.0
292,2198,3.0
292,2223,4.5
292,1018,4.5
292,988,3.0
292,2471,4.0
292,2495,4.0
292,895,4.5
292,239,5.0
292,38,2.5
292,1900,1.5
292,1630,1.5
292,1010,4.5
292,854,4.0
292,1458,2.0
292,1760,3.0
292,440,5.0
292,1563,3.5
292,1625,3.0
292,148,2.5
292,1830,2.5
292,1439,2.5
292,1270,3.5
292,2281,3.0
293,195,4.0
293,2254,2.5
293,118,5.0
293,230,3.0
293,1854,4.0
293,747,3.5
293,2353,3.0
293,1469,4.0
293,1025,5.0
293,352,3.5
293,914,4.0
293,635,4.0
293,2362,4.5
294,1430,3.0
294,1380,5.0
294,314,4.0
294,1525,2.5
294,518,3.0
294,2374,3.0
294,1645,3.0
294,1914,2.0
294,322,3.0
294,2215,4.5
294,64,3.5
294,756,4.5
294,540,5.0
294,2417,3.0
294,1662,3.0
294,2484,4.5
294,263,2.5
295,1960,2.5
295,1115,3.5
295,1305,5.0
295,566,5.0
295,1380,2.5
295,216,4.0
295,2383,2.5
295,2440,4.0
295,1948,4.5
295,1660,3.0
295,181,3.5
295,2219,4.0
295,2306,3.5
295,679,3.0
295,2226,2.5
295,1383,4.5
295,2139,4.5
295,1422,3.5
295,1375,3.5
295,358,4.0
295,1213,4.0
296,722,4.0
296,2089,4.0
296,2294,1.0
296,895,2.5
296,122,4.5
296,344,3.5
296,33,3.5
296,756,4.0
296,337,3.5
296,2094,3.5
296,2298,5.0
296,2029,4.0
296,1,3.5
296,1934,2.0
296,2157,3.0
296,1535,4.0
296,2500,2.0
296,1145,4.0
296,1104,1.5
296,66,3.5
296,1222,4.0
297,1050,3.5
297,299,4.5
297,982,3.5
297,1910,3.0
297,189,4.5
297,967,2.5
297,956,1.0
297,1266,2.0
297,2110,3.0
297,688,2.0
297,1334,4.0
297,1015,3.0
297,2067,4.5
297,2480,3.5
297,962,2.5
297,1960,2.0
297,997,3.0
297,723,3.5
297,922,2.5
297,2344,3.5
297,79,3.0
297,909,3.0
297,1219,3.5
297,1618,3.5
297,1993,4.0
297,1166,5.0
297,433,3.0
297,76,4.0
297,2179,3.5
298,695,3.0
298,1036,3.5
298,930,5.0
298,2379,3.0
298,2382,3.0
298,996,1.0
298,512,3.5
298,1140,3.5
298,1286,4.5
298,1734,4.0
298,1683,3.0
298,2321,4.5
299,2168,2.5
299,2486,4.0
299,737,3.0
299,567,3.0
299,1882,3.5
299,1504,3.0
299,677,2.0
299,424,2.0
299,1304,3.5
299,1693,2.0
299,271,3.5
299,2306,1.0
299,1128,4.5
299,150,3.0
299,1356,2.0
299,1037,2.5
299,1692,3.5
299,2222,2.0
299,1282,3.0
299,153,2.5
299,1,1.5
299,1432,2.5
299,1726,4.0
299,1803,4.0
299,785,2.0
299,365,4.0
299,204,2.0
299,573,3.0
300,1720,4.5
300,1522,2.5
300,2060,3.0
300,711,3.0
300,1695,5.0
300,339,3.5
300,885,4.5
300,1168,2.5
300,742,5.0
300,1638,5.0
300,1964,4.0
300,219,4.0
300,1472,3.5
300,2367,3.0
300,924,4.0
300,792,3.5
300,1656,5.0
300,1420,3.5
300,301,4.5
300,1798,5.0
300,1306,3.0
300,890,4.0
300,2426,5.0
300,928,5.0
300,854,5.0
300,1750,3.5
300,1619,3.0
300,548,2.0
300,2349,3.5
300,1384,5.0
301,2094,4.0
301,1243,1.5
301,1591,3.0
301,668,3.0
301,1731,4.5
301,107,1.0
301,968,1.5
301,363,2.5
301,728,5.0
301,930,2.0
301,2271,2.5
301,1036,4.0
301,380,2.0
301,2030,3.0
301,2361,3.5
301,1521,3.5
301,1131,4.0
301,852,2.0
301,1610,3.5
301,1196,3.5
301,942,2.5
301,1927,2.5
301,1623,3.0
301,1471,3.5
301,1697,3.5
301,457,4.5
302,1194,5.0
302,111,4.0
302,298,3.0
302,275,3.5
302,2390,4.0
302,43,2.0
302,1383,4.5
302,713,4.0
302,2033,2.5
302,2443,3.5
303,702,3.0
303,1390,4.0
303,631,3.0
303,494,4.5
303,527,3.5
303,1065,3.5
303,1970,2.5
303,1660,2.0
303,752,3.0
303,484,2.5
303,2204,2.0
303,2264,2.0
303,647,2.5
303,2012,3.0
303,66,3.0
303,1420,2.5
303,1185,5.0
303,2117,1.5
303,125,5.0
303,2229,2.5
303,1240,3.0
303,1679,2.5
303,372,3.5
303,1206,3.5
303,2394,3.0
303,1401,3.0
303,1415,3.5
303,1700,3.0
304,2108,3.0
304,1938,2.5
304,1446,2.0
304,1352,3.0
304,1212,2.5
304,1673,3.0
304,1891,3.5
304,2178,3.0
304,1395,3.0
304,2459,3.0
304,1988,3.0
304,1735,3.0
304,451,2.5
304,1081,3.5
304,613,4.0
304,293,4.5
304,830,5.0
304,2427,1.0
304,1466,3.0
304,1957,2.0
304,1716,1.5
304,1373,3.0
304,483,3.5
304,394,4.5
305,1040,3.5
305,714,3.5
305,624,3.0
305,1546,1.5
305,286,4.0
305,913,4.0
305,252,3.5
305,822,2.5
305,2164,3.5
305,433,3.5
305,916,2.5
305,2493,3.0
305,2240,4.0
305,501,3.0
305,1154,2.5
305,866,2.5
305,893,2.0
305,1272,2.5
305,2258,3.0
305,1439,2.0
305,2247,2.5
305,75,2.0
305,671,2.5
305,820,3.0
305,1687,3.5
305,1793,2.5
305,2444,3.5
306,160,2.5
306,1597,4.0
306,1733,4.5
306,2483,4.5
306,564,5.0
306,140,3.5
306,244,3.0
306,2458,3.0
306,932,4.5
306,1097,2.0
306,2238,2.5
306,2380,3.5
306,836,4.5
306,972,3.5
307,1802,5.0
307,852,4.0
307,864,3.0
307,944,3.0
307,2376,2.0
307,120,2.0
307,831,4.0
307,393,3.0
307,542,4.0
307,2425,2.5
307,177,4.0
307,527,4.0
307,1345,3.5
307,22,4.0
307,957,3.5
307,147,4.0
307,770,3.0
307,435,3.5
307,1743,2.5
307,260,3.5
307,449,5.0
307,886,3.5
307,24,3.0
307,1580,3.0
307,2170,2.5
308,2209,3.0
308,975,4.0
308,1804,3.0
308,1111,2.0
308,703,2.5
308,1811,3.0
308,2254,2.5
308,707,4.5
308,1412,3.5
308,2111,4.5
308,1171,3.0
308,1526,2.5
308,1568,4.5
308,1273,2.5
308,400,4.5
308,463,2.0
308,888,2.5
308,2229,2.0
309,1788,3.0
309,1846,5.0
309,742,3.0
309,2462,2.5
309,2283,4.0
309,1947,2.5
309,1820,1.5
309,749,3.5
309,1878,3.0
309,1707,4.0
310,1699,3.5
310,290,3.5
310,249,3.5
310,1085,4.5
310,105,3.5
310,44,3.5
310,1011,3.0
310,1039,4.0
310,58,3.5
310,1551,3.5
310,1723,3.0
310,1789,4.5
310,1800,2.5
310,271,3.5
310,1625,2.5
311,1963,4.0
311,1782,4.0
311,2495,2.0
311,505,4.5
311,230,5.0
311,1443,5.0
311,1635,3.5
311,2189,2.0
311,62,4.5
311,2414,4.5
311,2247,4.0
311,1947,1.5
311,2032,4.5
311,385,5.0
311,1645,4.0
311,1386,4.5
311,878,3.5
311,1413,3.0
312,2008,4.5
312,2200,3.0
312,539,3.0
312,2325,2.5
312,1514,4.0
312,2077,3.0
312,2019,2.5
312,1754,3.0
312,731,3.5
312,184,2.5
312,2020,4.0
312,93,2.0
312,2079,2.5
312,897,4.0
312,2407,3.5
312,1621,4.5
312,256,3.5
312,344,2.5
312,145,2.5
312,1064,2.5
312,1398,3.0
312,1451,2.5
313,2355,3.5
313,1371,5.0
313,1213,4.5
313,690,3.5
313,1012,2.5
313,325,2.0
313,2160,2.5
313,841,2.5
313,2100,3.0
313,670,3.5
313,738,2.5
313,69,2.5
313,2477,3.5
313,113,3.5
313,68,3.0
313,1754,4.0
313,1095,2.5
313,2392,2.0
313,704,3.0
314,889,3.0
314,1837,3.0
314,692,3.5
314,1185,3.0
314,1293,2.0
314,460,3.0
314,1758,2.5
314,842,3.5
314,793,4.0
314,1964,3.0
314,92,3.5
314,192,3.5
314,1425,2.0
314,1965,4.0
315,1335,2.0
315,2295,2.5
315,2074,3.0
315,844,3.5
315,152,1.5
315,1169,2.5
315,268,4.0
315,2171,2.0
315,2298,1.5
315,413,2.5
315,687,2.0
315,2464,3.0
315,1859,3.0
315,2441,3.5
315,2455,1.0
315,686,3.5
315,1979,3.5
315,103,3.5
315,2144,3.0
315,498,3.0
315,836,4.0
315,172,4.5
316,2008,4.5
316,163,3.0
316,1886,1.5
316,211,1.5
316,714,3.0
316,1323,2.0
316,850,5.0
316,2174,2.0
316,2360,2.5
316,2259,4.5
316,1255,4.0
316,2454,3.5
316,810,2.5
316,820,3.5
316,498,3.0
316,712,3.5
316,2253,2.5
316,1208,3.5
316,1234,2.5
316,564,3.5
316,2389,3.5
316,461,4.5
316,1339,4.0
316,1119,3.0
317,1811,5.0
317,1525,4.5
317,1127,4.0
317,1023,2.5
317,2224,4.5
317,1679,3.5
317,1660,2.0
317,1292,2.0
317,726,3.0
317,1001,2.5
317,927,4.0
317,1097,3.5
317,24,4.0
317,2358,3.0
317,926,3.5
317,471,2.0
317,1629,4.0
317,1756,2.5
317,2009,1.5
317,370,2.0
317,616,3.0
317,1904,3.0
317,1402,1.5
318,1542,1.5
318,1456,2.5
318,1755,1.0
318,1439,3.5
318,2190,2.5
318,1786,3.5
318,2046,1.0
318,2010,1.5
318,2452,3.5
318,1217,3.0
318,2088,2.0
318,2368,3.5
318,2421,4.5
318,2249,4.5
318,1890,3.5
318,1646,4.0
318,2076,3.5
318,306,3.5
318,1266,3.0
318,916,3.5
318,2130,1.0
319,1198,2.0
319,1271,4.5
319,149,2.5
319,1556,2.5
319,261,3.0
319,870,3.0
319,2210,2.5
319,336,2.0
319,1133,2.5
319,1207,3.0
319,2061,3.5
319,2143,4.0
319,454,2.5
319,578,4.5
319,1205,3.5
319,2470,3.5
319,2212,1.5
320,727,4.5
320,1394,3.5
320,1084,1.5
320,2168,2.0
320,2163,3.5
320,828,2.0
320,543,3.0
320,1933,3.0
320,1223,3.5
320,2273,3.0
321,168,4.0
321,39,5.0
321,681,3.0
321,1202,3.0
321,1116,5.0
321,770,3.0
321,539,3.5
321,216,4.0
321,2473,3.5
321,1822,4.0
321,2136,2.5
321,401,4.0
322,119,5.0
322,302,3.0
322,561,4.0
322,2036,3.0
322,609,3.0
322,2243,3.0
322,155,3.0
322,918,2.5
322,354,3.0
322,1265,5.0
322,756,3.5
322,1585,1.5
322,2010,3.0
322,690,5.0
322,2499,2.5
322,662,2.0
322,1706,4.0
322,864,3.5
322,185,5.0
322,424,2.0
322,2165,3.0
322,2087,3.0
322,878,3.0
322,280,4.5
322,1418,4.0
323,2451,2.0
323,205,3.0
323,1507,3.0
323,2496,2.5
323,879,3.5
323,706,4.0
323,2411,3.0
323,1912,2.0
323,2145,2.0
323,2126,3.0
323,315,4.0
323,228,4.5
323,365,3.5
323,192,4.0
323,309,3.5
323,1409,3.0
323,491,3.5
323,1630,3.5
323,1867,1.5
323,722,3.0
324,583,2.5
324,2338,2.0
324,222,5.0
324,933,2.5
324,516,2.0
324,220,3.5
324,1633,1.0
324,670,2.5
324,799,3.0
324,2210,1.5
324,797,3.5
324,1290,2.0
324,632,4.5
324,1886,3.5
324,1208,2.0
324,644,4.5
324,62,3.5
324,2230,1.0
324,2278,2.5
324,1640,3.0
324,2387,2.5
324,356,3.0
324,514,2.5
324,930,4.5
324,1101,3.0
324,1834,3.0
324,60,2.5
324,262,3.5
324,789,4.0
324,1145,3.5
325,970,2.0
325,1119,2.0
325,222,4.5
325,1772,4.5
325,582,3.5
325,1243,4.5
325,1121,4.5
325,494,5.0
325,485,2.5
325,1540,4.0
325,1787,5.0
325,1426,2.5
325,1389,4.0
325,71,2.0
325,1113,4.5
325,1162,4.0
325,1900,5.0
326,1918,2.0
326,976,3.5
326,1656,2.5
326,665,1.0
326,2335,3.0
326,1340,3.0
326,766,3.5
326,157,3.0
326,1626,2.0
326,1926,2.5
326,841,4.0
326,356,3.0
326,869,3.0
326,1668,3.5
326,491,3.5
326,1088,2.5
326,2299,2.0
326,2115,3.5
326,966,3.0
326,939,3.5
326,169,3.5
327,351,4.5
327,771,4.0
327,849,3.5
327,1931,2.5
327,1814,4.0
327,2189,2.0
327,1228,3.0
327,1088,2.5
327,2141,3.0
327,565,4.5
327,1616,3.5
327,120,1.5
327,610,2.0
327,2080,4.0
327,801,4.0
327,2313,3.0
327,130,3.5
327,143,3.0
327,1269,1.5
327,645,2.0
327,472,2.5
327,1857,3.5
327,1846,3.0
327,725,4.5
327,1496,4.5
327,2383,2.5
327,1224,3.5
327,50,5.0
327,1153,2.5
327,1886,4.0
328,948,2.5
328,2334,3.0
328,615,3.0
328,56,4.0
328,2217,3.0
328,1589,2.0
328,1673,2.0
328,1521,3.5
328,9,3.0
328,1862,3.0
328,118,2.5
328,1266,2.0
328,245,4.0
328,555,2.0
328,792,3.5
328,1163,2.0
328,463,4.0
328,1362,2.5
328,1452,3.5
328,119,1.5
328,1606,3.0
328,676,2.5
328,163,5.0
328,695,3.5
328,2240,2.0
328,234,3.5
329,1796,1.5
329,1283,4.0
329,2453,3.5
329,85,4.5
329,1176,2.5
329,413,3.5
329,724,2.5
329,1531,3.0
329,548,3.5
329,905,4.5
329,1561,4.0
329,1942,4.0
329,875,2.5
329,376,3.0
329,2199,3.0
329,40,2.0
329,811,4.0
329,1250,4.0
329,961,4.0
329,908,3.5
330,1109,4.5
330,1214,3.5
330,1355,3.0
330,900,4.0
330,1799,5.0
330,631,4.0
330,2373,3.5
330,1369,3.5
330,1746,5.0
330,1035,5.0
330,1496,4.0
330,2231,4.0
330,1426,2.5
330,1854,3.0
330,919,4.0
330,774,2.5
330,402,3.5
330,1367,3.0
330,2323,5.0
330,1343,3.0
331,643,3.0
331,91,3.5
331,2276,3.5
331,207,2.0
331,118,2.5
331,934,2.5
331,13,2.0
331,290,4.5
331,1838,3.0
331,1230,3.5
331,921,2.0
331,2429,5.0
331,2454,2.0
331,931,4.0
331,101,3.5
331,459,4.0
331,1849,3.5
331,2015,3.0
331,1662,3.0
331,1457,3.0
331,801,3.5
331,2451,4.0
331,2156,2.5
331,1523,4.0
332,1339,1.5
332,1405,3.0
332,1827,3.0
332,1754,3.0
332,357,2.5
332,2258,4.5
332,975,3.0
332,1523,3.0
332,654,3.5
332,2325,3.0
332,2383,2.5
332,1558,2.5
332,121,3.5
332,2156,2.5
332,660,2.5
333,499,3.0
333,23,2.5
333,2175,4.0
333,1347,2.5
333,92,3.5
333,59,3.5
333,656,2.5
333,2483,4.0
333,2367,3.5
333,1414,2.5
333,2421,3.0
333,22,2.0
333,1073,4.0
333,138,2.0
333,1344,2.0
333,1166,2.5
333,700,3.0
333,418,3.5
333,1737,4.5
333,2244,3.5
333,2102,3.0
333,1511,3.5
334,1568,3.5
334,1507,3.5
334,1694,2.0
334,1179,5.0
334,742,5.0
334,747,3.5
334,1205,3.0
334,1540,2.0
334,1745,2.0
334,138,3.5
334,1395,2.5
334,684,3.0
334,1013,2.5
335,1285,4.5
335,439,3.5
335,1840,3.5
335,967,2.0
335,595,3.5
335,570,4.0
335,62,3.0
335,1196,4.0
335,887,4.0
335,371,3.5
335,285,2.5
335,948,5.0
335,836,3.5
335,664,2.0
335,1240,3.0
335,191,2.5
335,102,4.0
335,2106,3.5
336,1596,3.0
336,1428,2.0
336,136,1.0
336,2339,2.5
336,220,3.0
336,2020,3.5
336,1870,2.5
336,241,4.5
336,6,3.0
336,2133,3.0
336,2382,4.5
336,254,2.5
336,711,3.0
336,986,3.0
336,1007,2.0
336,2068,3.0
336,1159,3.5
336,1369,2.5
336,1938,3.0
336,303,3.0
336,1643,2.5
336,2378,3.5
336,691,4.5
337,2432,4.0
337,1130,3.0
337,226,3.0
337,1185,5.0
337,390,5.0
337,176,3.5
337,983,3.5
337,204,3.0
337,1819,3.5
337,579,4.5
337,1450,3.0
337,982,1.5
337,199,2.5
337,892,3.5
337,2231,2.0
337,135,3.5
337,1836,2.5
337,765,5.0
337,202,2.5
337,175,3.5
337,2016,3.0
338,651,5.0
338,1041,4.0
338,446,3.5
338,462,2.5
338,2381,2.5
338,2453,3.0
338,1926,4.0
338,2289,4.0
338,425,3.0
338,765,4.5
338,2411,4.0
338,544,3.5
338,187,4.5
338,954,4.0
338,291,3.5
338,1209,2.5
338,802,5.0
338,1115,4.5
338,767,3.5
338,2277,2.5
338,394,3.5
338,2141,3.5
338,2066,2.0
338,246,2.5
338,332,3.0
338,1495,4.0
339,1238,3.5
339,1668,4.5
339,1229,3.0
339,2060,5.0
339,1122,3.0
339,1964,4.5
339,1738,3.5
339,1789,4.5
339,2238,2.0
339,411,3.5
339,1516,2.0
339,2038,4.5
339,67,4.5
339,98,3.0
339,441,4.0
339,2228,4.0
339,2106,3.0
339,1922,3.5
339,2071,2.5
340,2286,4.0
340,1425,2.5
340,762,2.5
340,2420,3.0
340,206,2.5
340,690,3.5
340,1095,3.0
340,2237,2.5
340,578,3.5
340,187,4.0
340,2056,4.5
340,2105,3.5
340,765,2.0
340,1414,3.0
340,1180,2.5
340,119,3.5
340,1725,4.5
340,1021,3.5
340,2210,3.0
340,1262,2.0
340,1813,4.0
340,535,4.0
340,1507,4.5
340,1244,4.0
340,313,3.5
340,766,2.5
340,2131,2.5
341,2229,5.0
341,1683,2.5
341,2270,3.5
341,640,2.5
341,2015,3.0
341,1046,2.5
341,2007,4.0
341,112,4.0
341,1578,2.5
341,480,2.5
341,1982,3.5
341,1823,3.0
341,196,5.0
341,979,4.5
341,1190,2.5
341,2205,2.5
341,187,2.5
341,1261,2.5
341,2083,3.0
341,2169,5.0
341,1735,3.5
341,453,5.0
341,1601,2.0
341,963,2.5
341,1768,3.5
341,1336,2.5
341,38,3.0
342,1969,2.5
342,2280,3.5
342,2139,4.0
342,632,3.5
342,492,5.0
342,2414,4.0
342,2377,1.5
342,2102,2.0
342,2097,2.5
342,1423,1.5
342,1947,2.0
342,1195,3.0
342,2136,3.0
342,2493,2.0
342,842,1.5
342,508,2.5
342,622,4.0
342,1010,2.5
343,538,2.0
343,1399,3.0
343,1352,2.0
343,1462,2.5
343,1432,4.0
343,3,4.0
343,125,1.5
343,1904,1.5
343,870,3.5
343,764,2.5
343,384,2.5
343,2120,3.5
343,1612,2.5
343,1832,3.0
343,400,4.5
344,2147,4.0
344,2213,3.5
344,538,4.0
344,136,2.0
344,954,2.0
344,1788,3.0
344,2185,3.5
344,1781,4.0
344,1547,3.0
344,1011,3.5
344,1116,1.5
344,1581,5.0
344,1719,3.0
345,1191,3.0
345,891,1.5
345,642,3.5
345,1287,2.5
345,682,3.0
345,1978,2.5
345,1935,3.0
345,383,2.5
345,101,2.5
345,2003,2.0
345,602,3.0
345,880,2.5
345,1291,2.5
345,1878,2.5
346,782,3.0
346,1009,2.0
346,1764,2.5
346,1955,3.5
346,880,3.0
346,1140,3.5
346,328,3.5
346,1070,3.5
346,1754,3.0
346,305,2.0
346,2293,3.0
346,1160,2.5
346,1668,3.0
346,1518,4.0
346,310,2.5
346,113,3.0
346,1152,4.0
346,1460,4.5
346,196,2.5
346,1338,4.0
346,1153,4.0
346,1873,1.0
346,2429,3.0
346,1715,5.0
346,1683,2.0
347,870,2.5
347,31,2.5
347,1449,2.5
347,1977,3.0
347,2460,3.5
347,1477,2.5
347,2043,2.5
347,1260,3.5
347,1151,4.0
347,596,4.5
347,1181,3.0
348,19,2.5
348,457,2.5
348,645,3.0
348,1264,2.0
348,716,3.0
348,1752,3.5
348,725,3.5
348,1334,3.5
348,537,3.0
348,1130,2.5
348,1856,3.0
348,1198,3.0
348,1899,3.5
349,2078,3.0
349,1324,4.5
349,2492,4.5
349,1721,2.5
349,654,2.5
349,37,3.0
349,91,2.0
349,2205,3.5
349,947,4.0
349,1002,4.5
349,1752,1.5
349,161,2.0
349,1920,1.5
349,2432,3.0
349,1757,2.5
349,1081,1.5
349,1016,4.0
349,2134,4.0
349,1981,2.5
349,603,5.0
349,2433,4.5
349,271,2.0
349,1449,4.0
349,2386,4.0
349,2498,4.0
350,1355,3.0
350,1778,2.5
350,1677,3.5
350,120,2.5
350,1434,3.0
350,360,3.5
350,544,3.5
350,1279,2.0
350,1803,3.0
350,1139,3.5
350,2210,2.5
350,1414,3.0
350,1999,3.0
350,1193,2.0
350,612,2.5
350,489,4.5
350,2137,2.5
350,1679,4.5
350,1357,4.0
350,2403,3.5
350,1180,2.0
350,1749,2.0
350,442,2.5
350,2352,4.0
350,702,4.5
350,1464,2.5
350,1023,3.5
350,2152,2.0
350,676,2.0
351,1436,2.5
351,1463,3.0
351,282,3.0
351,1995,2.0
351,883,3.0
351,1935,3.5
351,2478,2.0
351,1180,4.0
351,2123,2.5
351,916,2.5
351,2,3.5
351,1622,4.0
351,1768,2.5
351,1669,3.5
351,429,2.5
351,893,3.5
351,1245,2.5
351,926,2.0
351,729,3.0
351,1594,3.5
351,2500,3.5
351,2003,3.5
352,583,2.5
352,539,2.0
352,1906,3.0
352,669,3.0
352,361,2.5
352,1455,4.0
352,1967,2.5
352,245,2.0
352,1805,4.0
352,1228,2.0
352,263,2.0
352,1219,3.0
352,369,3.5
352,732,4.5
352,613,2.5
352,417,3.0
352,2001,2.0
353,733,4.5
353,292,3.0
353,786,3.0
353,1877,3.0
353,1793,5.0
353,245,3.5
353,1150,3.0
353,862,2.5
353,97,2.5
353,2407,4.0
353,2387,3.0
353,1440,3.5
353,2067,2.5
354,1658,3.5
354,1081,5.0
354,1649,3.0
354,746,4.0
354,2246,2.5
354,1609,3.5
354,1603,4.0
354,643,5.0
354,876,3.5
354,2208,4.0
354,94,4.0
354,2314,2.5
354,392,4.0
354,1486,3.0
354,1024,3.5
354,1587,4.0
354,1821,3.5
354,1932,2.5
354,2352,4.5
354,1552,2.0
354,131,3.0
354,1190,2.0
354,892,3.5
354,371,3.5
354,535,2.5
354,1098,4.0
354,1778,2.5
354,1027,5.0
354,1796,3.5
354,296,3.5
355,261,4.5
355,2052,3.5
355,295,5.0
355,1061,2.0
355,682,3.0
355,2063,3.5
355,2423,2.0
355,367,4.5
355,1060,4.0
355,1830,3.5
355,2291,3.0
355,1144,2.0
355,1604,3.5
355,1695,3.0
355,1010,3.0
355,256,3.0
355,963,4.0
355,2328,2.5
355,1432,2.0
355,761,5.0
355,2181,3.0
355,317,4.0
355,1916,2.5
355,674,4.0
355,364,4.0
355,877,2.5
355,1433,4.5
356,2146,5.0
356,2235,2.5
356,1583,3.5
356,1452,4.0
356,1764,2.5
356,1036,4.0
356,1480,3.0
356,1906,2.0
356,2238,3.0
356,1916,2.0
356,734,1.5
356,513,3.0
356,882,2.0
356,1939,5.0
356,1318,2.0
356,98,3.0
356,1975,4.0
356,158,3.0
356,2416,2.5
356,316,2.5
356,1222,5.0
356,1813,3.5
356,2204,3.0
356,121,2.5
357,317,1.5
357,1306,5.0
357,624,3.0
357,785,4.0
357,1417,3.5
357,1494,2.0
357,2437,3.0
357,1166,2.5
357,1106,5.0
357,1227,3.0
357,603,2.5
357,1117,4.0
357,720,3.5
357,2190,2.5
357,869,4.0
357,1593,5.0
357,1296,5.0
357,1240,3.0
357,1616,3.5
357,945,3.5
357,135,3.0
357,2071,3.5
357,1804,2.0
357,1682,1.5
357,986,5.0
357,589,3.0
357,146,4.5
357,2268,3.5
358,2154,3.5
358,1061,2.5
358,2469,2.0
358,1173,3.0
358,102,3.0
358,1453,3.5
358,1640,2.5
358,1628,1.5
358,707,4.5
358,2196,2.0
358,2428,1.0
358,591,4.0
358,1860,2.5
358,249,3.5
358,1189,5.0
358,1968,3.0
358,1912,4.0
358,1292,2.5
358,1945,2.5
358,1810,4.0
358,447,3.0
358,1373,2.0
358,1392,2.5
358,1884,5.0
358,981,3.0
358,616,3.0
358,1500,3.5
358,820,2.5
358,490,3.0
358,37,4.5
359,2219,2.5
359,2199,2.5
359,2075,3.0
359,2269,3.0
359,671,4.0
359,1792,5.0
359,905,3.0
359,1095,3.5
359,1234,4.0
359,1505,5.0
359,2045,2.5
359,2272,3.0
359,1371,4.0
359,225,4.5
359,1375,4.0
359,2020,4.5
359,1327,3.5
359,2113,4.0
359,2166,5.0
359,2001,2.5
359,1131,3.5
359,2488,4.5
359,2255,4.5
359,1737,2.5
359,1834,2.5
359,1915,2.5
359,941,3.5
360,368,2.5
360,825,4.0
360,2164,4.0
360,320,4.5
360,233,4.5
360,97,3.0
360,739,3.5
360,171,1.5
360,393,3.0
360,1045,4.0
360,1859,3.5
360,2407,3.5
360,29,4.0
360,1216,3.5
361,1712,2.5
361,1776,2.0
361,2215,2.5
361,52,3.5
361,283,3.0
361,2228,2.5
361,2107,5.0
361,1373,2.0
361,2293,4.0
361,619,5.0
361,387,3.0
361,432,2.5
361,1899,2.5
361,1540,4.0
361,2242,4.0
361,2085,2.5
361,1569,3.0
361,1667,2.0
361,1786,3.0
361,673,4.0
361,240,2.5
361,1056,3.0
361,1364,4.0
361,1236,2.0
361,147,2.0
361,2268,3.5
361,267,4.0
362,1913,3.0
362,1777,2.0
362,1873,2.5
362,914,2.0
362,646,3.5
362,1885,3.5
362,1121,2.0
362,1353,4.0
362,2284,4.0
362,945,3.0
362,1849,1.5
362,959,4.5
362,408,3.5
362,473,2.5
362,1492,2.0
362,615,4.5
362,2441,3.0
362,568,3.0
362,707,2.0
362,2459,2.0
362,1372,3.0
362,716,3.5
362,2031,3.0
362,2043,3.5
362,1467,2.5
362,330,3.0
362,845,2.5
362,631,2.5
363,1196,4.5
363,491,3.5
363,2065,3.0
363,1224,3.5
363,1602,4.0
363,2281,4.5
363,579,4.0
363,1777,2.5
363,2123,3.0
363,2124,3.0
364,2180,1.5
364,770,2.5
364,195,2.0
364,490,4.0
364,622,3.5
364,249,3.0
364,42,3.0
364,545,2.5
364,1640,3.0
364,1533,3.0
364,1945,3.5
364,1837,4.0
364,1265,3.0
364,1170,4.0
364,1606,3.0
364,2463,3.0
364,1779,3.0
364,1999,3.5
364,1910,2.5
364,225,4.0
364,443,2.5
364,1861,2.5
364,2325,4.0
364,1114,3.5
364,854,4.0
364,2065,2.0
364,865,3.0
364,777,3.0
365,1224,3.0
365,22,3.0
365,1736,3.5
365,2075,2.5
365,1879,2.0
365,1230,4.5
365,1668,3.5
365,121,5.0
365,2332,2.5
365,1946,2.0
365,250,4.0
366,1495,3.5
366,995,2.5
366,2393,1.5
366,1254,3.0
366,468,3.5
366,1146,3.0
366,2286,3.0
366,2010,4.0
366,1809,4.0
366,690,4.0
366,366,3.0
366,919,3.0
366,1305,2.5
366,472,1.0
366,1533,3.5
366,1122,2.0
366,611,3.0
366,217,4.0
366,277,4.5
366,1449,5.0
366,402,3.0
366,1257,3.0
367,1899,1.5
367,2321,3.5
367,1989,2.5
367,931,2.0
367,442,3.0
367,371,4.5
367,327,4.0
367,2313,3.5
367,1291,2.0
367,705,3.5
367,386,1.5
367,1119,2.5
367,697,2.5
367,2153,5.0
367,2420,2.5
367,241,3.0
367,141,2.5
367,1649,3.5
367,1409,2.5
367,942,2.0
367,48,2.5
367,158,2.5
367,934,3.0
367,1514,4.0
367,2161,4.0
367,583,5.0
367,2344,2.5
368,1692,3.5
368,1218,4.5
368,1102,2.5
368,884,3.0
368,2078,4.5
368,342,4.0
368,592,2.5
368,2178,3.0
368,1582,4.0
368,1677,4.0
369,1220,3.0
369,1192,5.0
369,1914,4.0
369,2102,5.0
369,2151,4.5
369,1465,5.0
369,425,3.5
369,373,4.0
369,2436,3.5
369,2066,5.0
369,1557,5.0
369,640,4.0
369,88,4.0
369,402,3.5
369,1142,3.5
369,2044,3.5
369,1503,5.0
369,656,3.0
369,102,3.5
369,2334,5.0
369,90,3.5
369,1568,3.5
370,182,3.5
370,1172,4.0
370,2161,5.0
370,1135,3.0
370,298,3.5
370,1641,3.0
370,1850,3.5
370,1901,2.0
370,314,5.0
370,859,3.0
370,1129,3.0
370,883,4.0
370,91,4.5
370,128,3.5
370,662,2.5
370,2399,4.0
371,2339,4.0
371,1959,4.0
371,575,5.0
371,2308,2.5
371,97,3.5
371,1202,5.0
371,2170,5.0
371,1734,3.5
371,1302,2.5
371,2389,4.0
371,1842,5.0
371,2347,2.0
371,2360,3.5
371,2127,4.0
371,1547,3.5
372,613,3.5
372,1186,2.5
372,1744,4.0
372,1968,2.0
372,2016,4.0
372,267,2.5
372,2353,4.0
372,690,4.0
372,1677,5.0
372,320,3.0
372,1337,2.5
372,1252,4.0
373,2262,5.0
373,901,3.0
373,1413,4.0
373,1878,3.0
373,2263,3.0
373,394,3.0
373,2429,4.0
373,216,3.0
373,184,2.5
373,1099,2.0
374,1069,3.5
374,205,1.5
374,1316,1.5
374,1761,3.5
374,821,2.5
374,1201,2.0
374,99,4.5
374,169,3.5
374,2047,2.5
374,1042,3.0
374,150,3.5
374,1587,3.5
374,1333,2.0
374,1000,2.0
374,1471,4.0
374,1957,3.0
374,1299,1.5
374,1937,3.5
375,1849,2.5
375,74,4.5
375,463,2.5
375,2183,2.5
375,2050,3.0
375,1465,4.0
375,1729,3.0
375,1203,3.0
375,6,4.5
375,830,2.0
375,2127,3.0
375,2034,1.5
376,852,2.5
376,80,4.0
376,785,3.5
376,1287,2.5
376,1046,2.5
376,1185,3.5
376,217,1.0
376,1883,4.5
376,1466,3.0
376,2350,3.5
376,234,3.0
376,503,2.5
376,1415,5.0
376,1649,4.5
376,2492,3.5
376,2199,1.5
376,1011,4.0
376,1509,4.0
376,856,3.0
376,1795,3.0
376,1968,4.0
377,1280,4.5
377,155,2.5
377,584,3.5
377,463,2.0
377,1875,5.0
377,1748,1.5
377,1530,3.5
377,332,3.5
377,1798,4.0
377,2062,4.5
377,789,3.0
377,1864,4.0
378,1400,2.5
378,1196,1.5
378,921,1.0
378,1440,3.0
378,2122,2.0
378,1956,1.0
378,145,4.0
378,2114,5.0
378,1546,2.0
378,2332,3.5
378,414,3.5
378,820,3.0
378,163,1.0
378,1041,4.0
378,825,3.5
378,1862,4.0
378,1575,1.0
378,1249,4.0
378,67,3.0
378,849,3.5
378,2263,4.0
379,1554,2.0
379,692,1.5
379,2476,3.5
379,1540,3.5
379,2339,3.0
379,1708,4.5
379,2045,3.5
379,1145,2.0
379,1346,3.0
379,1695,2.5
379,1733,2.5
379,1601,3.5
379,2268,3.0
379,804,3.0
379,1620,2.5
379,2495,3.5
379,434,1.5
379,1225,5.0
379,989,2.0
379,2003,2.5
379,405,2.5
379,1850,3.0
380,54,3.0
380,1973,2.5
380,721,3.0
380,698,3.0
380,1696,2.0
380,543,4.0
380,1268,3.0
380,163,4.0
380,1725,2.5
380,2025,2.0
380,360,3.0
381,443,2.5
381,832,3.5
381,334,3.0
381,583,4.0
381,949,4.0
381,2180,3.5
381,1924,3.0
381,2204,3.0
381,375,3.5
381,1402,3.5
381,1312,5.0
381,210,3.0
382,764,1.5
382,1677,3.5
382,987,3.0
382,1541,3.0
382,490,3.0
382,1254,2.0
382,2323,4.0
382,1546,2.0
382,595,2.5
382,1834,2.0
382,1358,2.5
382,1952,2.5
382,858,2.5
382,1659,3.0
382,878,3.5
382,988,3.0
382,360,3.5
382,1876,1.5
382,1525,3.5
382,1752,3.5
382,651,3.0
382,2132,4.0
382,1575,3.0
383,1181,2.5
383,1668,3.5
383,805,4.5
383,529,4.0
383,255,3.5
383,1154,3.0
383,347,2.5
383,189,3.5
383,103,3.0
383,202,2.5
383,2008,3.5
383,2415,3.0
383,2109,4.5
383,197,5.0
383,1876,4.0
383,1336,3.0
383,662,2.5
383,1063,4.0
383,229,5.0
383,557,3.0
384,1207,3.0
384,2105,2.5
384,1360,3.0
384,796,2.5
384,1866,5.0
384,1414,4.0
384,599,4.0
384,1442,3.5
384,2357,2.5
384,1832,3.0
384,1930,4.0
384,2489,3.0
384,1286,5.0
384,2254,3.0
384,990,2.0
384,1270,4.0
384,812,3.5
384,719,2.5
384,421,3.0
384,2500,2.5
384,1216,4.0
384,1490,4.0
384,859,3.5
384,1383,3.0
384,1243,4.0
384,2316,5.0
384,2264,3.5
384,1891,4.0
384,2225,1.5
385,2408,3.0
385,658,5.0
385,1001,2.0
385,870,4.5
385,1140,4.0
385,1416,2.5
385,2498,3.0
385,1515,3.0
385,2415,3.5
385,307,3.5
385,1031,3.5
385,766,4.0
385,711,3.0
385,1686,3.5
385,460,2.5
385,749,3.5
385,244,3.0
385,802,4.0
385,2465,3.5
385,2093,3.5
386,108,4.0
386,1735,3.5
386,1410,2.5
386,971,3.0
386,489,2.0
386,1620,3.0
386,747,3.0
386,2274,2.5
386,2352,3.0
386,2164,3.0
386,1922,2.0
386,847,2.5
386,2340,2.5
386,1526,3.0
386,844,3.5
386,2044,4.0
386,502,1.5
386,539,4.0
386,1672,3.5
386,287,2.5
386,1194,4.0
386,2025,2.0
386,587,3.5
386,2310,2.5
386,1358,3.0
386,1974,4.5
387,1283,3.5
387,2479,4.5
387,941,3.0
387,1204,3.5
387,440,4.5
387,1454,4.5
387,854,3.0
387,316,4.5
387,1940,2.5
387,2434,2.5
387,650,3.5
387,1864,3.5
387,600,3.0
387,1961,2.5
387,1572,3.0
387,2126,4.0
387,1119,3.5
387,2487,3.5
387,144,3.0
387,2259,4.5
387,1863,3.0
387,726,3.5
388,1061,2.5
388,2138,2.0
388,83,2.5
388,290,2.5
388,1385,3.0
388,2113,3.5
388,1239,3.0
388,1218,2.0
388,855,3.5
388,1062,3.5
388,1196,3.0
388,1594,3.5
388,1210,3.5
388,633,3.0
388,1615,3.5
388,2161,2.5
388,790,3.5
388,406,4.0
388,684,3.5
388,2365,3.5
389,877,2.5
389,253,4.0
389,2465,2.0
389,1575,2.5
389,1163,3.0
389,2088,3.0
389,916,4.0
389,1076,3.0
389,1830,2.5
389,781,3.0
389,80,3.0
389,2352,3.5
389,660,4.5
389,809,3.0
389,659,3.0
389,199,2.5
389,19,5.0
389,1032,2.5
389,972,4.5
389,1885,3.5
389,2181,1.0
389,2432,4.5
389,42,2.0
389,1889,2.5
389,383,2.5
389,706,2.0
390,1357,4.5
390,794,4.0
390,765,3.5
390,1634,5.0
390,619,4.5
390,192,4.0
390,2455,4.5
390,1476,3.0
390,683,3.0
390,1784,5.0
390,1116,2.5
390,99,3.5
390,260,2.5
390,887,4.5
390,1318,4.0
390,752,5.0
390,1953,4.5
390,237,3.5
390,245,5.0
390,926,3.0
391,650,3.5
391,300,4.5
391,1271,3.5
391,1087,4.0
391,18,2.5
391,2437,3.5
391,1900,4.0
391,1720,2.0
391,2290,2.5
391,1434,4.0
391,937,3.0
391,642,4.5
391,504,2.5
391,1492,3.0
391,1546,3.5
391,39,3.5
391,732,2.0
391,1026,3.0
391,527,3.5
391,1229,3.0
392,1378,3.5
392,1622,2.5
392,326,1.0
392,786,2.5
392,71,3.0
392,213,3.0
392,1370,3.5
392,1976,2.5
392,1439,3.0
392,362,2.0
392,80,4.0
392,2172,3.0
392,2105,2.5
392,329,4.0
393,224,2.5
393,166,3.0
393,1618,3.0
393,1469,2.5
393,409,3.5
393,1169,2.0
393,1582,2.0
393,1352,3.0
393,374,5.0
393,1144,2.5
393,520,4.5
393,1365,2.5
393,2494,3.5
393,657,2.5
393,2032,3.5
393,1781,2.5
393,133,3.5
393,2044,3.0
393,2490,4.0
393,1230,3.5
393,1253,3.5
393,1035,2.0
393,1900,2.0
393,315,1.5
393,2465,2.5
393,2388,3.5
393,109,5.0
394,1467,3.5
394,1596,3.0
394,2066,2.5
394,668,3.0
394,280,3.5
394,2454,2.5
394,1321,3.0
394,1356,3.5
394,351,3.0
394,141,4.0
394,1333,2.5
394,1631,1.5
394,1279,4.0
394,418,2.5
394,1720,5.0
394,1775,3.0
394,2490,3.0
394,556,2.5
394,515,2.5
395,780,4.0
395,2187,2.5
395,2430,2.0
395,964,2.5
395,1835,2.0
395,1131,2.5
395,1319,2.5
395,570,4.0
395,434,2.0
395,54,4.5
395,23,2.5
395,2478,2.5
395,708,3.5
395,1461,4.0
395,1866,3.5
395,2248,2.5
396,745,2.5
396,1176,4.5
396,1492,3.5
396,1018,5.0
396,88,4.0
396,1584,4.5
396,14,5.0
396,2417,4.5
396,1801,2.5
396,682,3.5
396,2348,3.5
396,2402,5.0
396,1515,4.0
396,1782,1.0
396,1696,2.5
396,1076,3.5
396,1861,4.0
396,57,3.5
396,526,5.0
396,950,3.0
396,424,4.5
396,1862,3.5
396,2083,5.0
396,2216,5.0
396,1858,3.0
396,1354,4.5
396,455,5.0
396,2099,3.0
396,2208,2.0
397,1425,3.5
397,1803,3.0
397,1910,2.0
397,2421,1.0
397,1863,4.0
397,1346,3.0
397,1059,4.0
397,1849,4.0
397,2083,2.5
397,801,2.0
397,612,5.0
397,944,2.0
397,1470,2.0
397,166,2.5
397,1149,2.5
397,1841,3.5
397,1377,2.0
397,1365,3.0
397,1083,2.5
397,18,4.0
397,1632,2.5
397,17,4.0
398,633,4.0
398,930,4.0
398,1857,3.0
398,582,4.0
398,2288,2.5
398,1127,4.0
398,1681,3.5
398,304,3.0
398,1500,4.5
398,1036,5.0
398,302,3.0
398,1567,4.0
398,1307,3.0
398,1164,4.5
398,1880,3.0
399,1572,2.5
399,446,1.5
399,1506,3.5
399,1235,4.0
399,2235,3.5
399,744,3.5
399,309,5.0
399,2376,4.5
399,303,2.0
399,2452,4.5
399,2273,4.0
399,61,4.5
399,651,3.5
399,251,5.0
399,1439,4.0
399,1821,2.5
399,2147,3.5
399,2480,4.5
399,6,3.0
399,689,5.0
400,1323,4.0
400,899,2.0
400,2122,2.0
400,983,3.0
400,1605,2.5
400,1191,2.5
400,792,3.0
400,2401,3.0
400,1004,3.0
400,262,3.0
400,173,3.5
400,181,2.0
400,536,4.0
400,2438,3.0
400,337,2.5
400,126,3.0
400,2398,2.0
400,808,1.5
400,2218,3.0
400,2082,4.0
400,2378,3.0
401,1261,2.0
401,2466,3.5
401,2129,2.5
401,1812,4.5
401,1903,2.5
401,2427,3.5
401,1807,2.5
401,792,3.5
401,2500,4.5
401,1882,2.0
401,2358,2.5
401,1236,3.5
401,231,2.0
401,1821,3.5
401,1996,4.5
401,1547,2.0
401,1825,3.0
401,843,1.5
401,2034,4.0
401,2235,3.0
401,1719,2.5
401,1294,3.0
401,1604,3.5
401,2240,3.5
401,1994,3.5
401,2336,3.5
401,719,1.5
401,706,3.0
402,1632,3.5
402,1855,3.0
402,2426,2.5
402,1147,5.0
402,142,3.0
402,1236,2.5
402,2011,4.5
402,1882,4.5
402,2141,2.5
402,2060,4.5
402,125,4.5
402,62,4.0
402,1670,5.0
403,315,2.5
403,1266,4.0
403,381,3.0
403,82,3.5
403,1763,3.5
403,995,4.0
403,473,3.5
403,729,3.5
403,1891,4.0
403,1856,4.5
403,1939,2.0
403,335,3.5
403,648,4.0
403,1922,3.5
404,1342,4.0
404,2438,3.5
404,2149,2.5
404,1387,4.5
404,1021,3.0
404,216,2.5
404,1348,3.5
404,1502,3.0
404,828,2.5
404,62,3.0
404,58,2.5
404,2213,3.5
404,202,3.0
404,1861,3.5
404,1581,4.5
404,1830,3.0
404,1668,3.5
404,1209,2.0
404,214,5.0
404,308,3.5
404,1507,4.0
404,1308,3.5
404,1239,5.0
404,466,4.0
404,1416,2.0
404,309,2.5
404,552,4.0
404,1463,2.5
404,1142,3.0
405,900,3.0
405,84,2.5
405,760,5.0
405,612,3.5
405,1431,3.0
405,764,3.5
405,1310,5.0
405,644,3.5
405,805,2.5
405,1421,2.5
405,2454,4.5
405,1735,2.0
405,285,3.0
405,1508,4.5
405,1883,4.5
405,917,4.5
405,2315,3.5
405,1336,5.0
405,2121,4.5
405,1625,3.5
405,832,4.0
405,2292,3.5
405,744,3.5
405,2220,3.0
405,113,1.5
406,2194,3.0
406,2304,3.5
406,557,3.5
406,1275,4.0
406,1011,4.0
406,818,2.5
406,632,3.5
406,429,5.0
406,2458,2.5
406,338,2.5
406,2311,3.0
406,1538,4.5
406,2220,4.0
406,217,4.0
406,1134,3.0
406,1206,2.5
406,2381,3.0
406,107,3.0
406,1634,3.0
406,704,5.0
406,531,3.5
406,702,4.5
406,1691,3.5
406,1059,2.5
406,2071,5.0
407,2431,2.0
407,485,3.0
407,496,4.5
407,2452,3.5
407,1432,2.5
407,1328,4.0
407,2001,4.0
407,98,2.0
407,2235,3.0
407,228,2.0
407,2174,4.5
407,190,4.0
407,488,1.0
407,2406,4.0
407,1026,3.0
407,1305,3.5
407,1368,2.5
407,549,2.5
407,1148,3.0
407,541,3.5
407,1639,4.5
407,2192,3.5
407,624,2.0
408,2480,2.0
408,123,3.0
408,1477,3.0
408,2388,4.0
408,493,3.5
408,601,4.0
408,1198,1.5
408,2012,3.5
408,1422,3.0
408,1003,2.5
408,292,3.5
408,666,2.5
408,567,3.0
408,1434,2.5
408,1025,2.5
408,1895,1.5
408,2194,3.5
408,402,3.5
408,2493,3.0
409,1978,2.0
409,1037,3.0
409,1692,1.5
409,1686,3.0
409,1449,2.0
409,179,3.5
409,712,3.5
409,1555,1.5
409,801,3.5
409,67,2.5
409,2011,1.5
409,1009,2.5
410,444,1.5
410,693,2.5
410,1403,2.0
410,1831,4.0
410,994,2.0
410,1668,1.5
410,2301,2.5
410,181,2.5
410,2111,3.5
410,1526,3.0
410,2063,4.5
410,1113,3.5
410,1402,3.0
410,434,3.0
410,907,3.5
410,158,3.5
410,260,4.0
410,2231,2.5
410,553,3.5
410,746,4.5
410,582,2.0
410,176,4.0
410,1393,4.5
410,1579,3.5
410,1465,2.0
410,769,4.0
410,665,2.5
411,495,2.0
411,1680,2.5
411,511,3.0
411,689,3.0
411,770,3.5
411,2039,3.0
411,964,4.0
411,2135,3.0
411,910,1.5
411,1525,4.0
411,1539,3.5
411,900,2.0
411,2198,3.5
411,359,5.0
411,1253,2.5
411,23,3.0
411,57,3.0
411,2051,2.0
411,1031,3.5
411,1210,3.0
411,1940,3.5
411,1321,4.0
411,1041,3.0
411,1219,3.5
411,336,2.5
411,2040,3.5
411,494,2.0
412,598,4.5
412,1654,4.0
412,1009,3.0
412,1925,3.5
412,303,4.0
412,15,3.0
412,674,3.5
412,359,3.0
412,102,4.0
412,535,3.5
412,2438,2.0
412,2361,3.0
412,2192,1.5
412,711,3.5
412,553,2.5
412,251,4.5
412,2144,5.0
412,2138,4.5
412,2424,3.5
412,1214,2.0
412,1158,1.5
412,1709,3.0
413,2300,3.5
413,2492,2.5
413,2350,3.5
413,1003,4.0
413,394,4.0
413,1381,3.5
413,2413,2.5
413,2080,3.0
413,370,4.0
413,689,3.0
413,204,3.0
413,1627,3.0
413,1823,3.5
413,1873,3.0
413,1866,3.5
413,555,2.5
413,1961,4.0
414,2391,2.5
414,1864,5.0
414,1158,3.5
414,2103,4.0
414,1229,2.5
414,1767,3.5
414,1296,4.5
414,1232,3.0
414,239,3.0
414,1491,3.0
414,1998,1.0
414,24,4.5
414,963,4.0
414,1569,4.5
414,2006,3.0
414,2390,4.0
414,755,3.5
414,1386,2.5
414,1774,3.0
414,2399,2.5
414,1500,3.5
414,1205,3.0
414,2205,3.5
414,784,3.0
414,1388,4.0
414,727,5.0
414,202,4.0
414,2041,3.5
414,924,4.0
415,959,5.0
415,1488,3.0
415,1135,2.5
415,839,2.0
415,801,3.5
415,1008,2.0
415,1024,4.0
415,2395,4.0
415,1033,4.0
415,2278,3.0
415,2413,4.0
415,183,4.0
415,1650,3.5
415,385,1.5
415,652,4.0
415,1516,4.0
415,1675,3.5
415,1443,4.5
415,1661,4.0
415,2385,4.0
415,2186,2.0
415,1698,4.5
416,43,3.5
416,836,4.5
416,2267,4.5
416,944,4.0
416,2389,4.0
416,153,4.0
416,249,2.5
416,801,3.5
416,1235,3.5
416,2500,5.0
416,2354,2.5
416,1855,4.0
416,1586,2.0
416,1138,3.5
416,2165,4.0
416,239,2.0
416,685,2.5
416,177,2.5
416,1170,4.0
416,800,3.5
416,1172,5.0
416,531,3.0
417,1542,3.5
417,1433,2.0
417,1311,3.0
417,480,4.0
417,2286,3.0
417,2455,3.0
417,583,4.5
417,91,2.0
417,992,3.5
417,1494,2.5
417,550,2.0
417,620,4.0
417,1765,4.5
418,1256,3.5
418,764,4.0
418,184,3.0
418,374,5.0
418,357,4.5
418,1394,3.0
418,1222,3.5
418,288,1.5
418,2314,3.0
418,1059,3.0
418,2227,4.0
418,1287,4.0
418,1984,2.5
418,368,2.5
418,402,3.5
418,1976,3.5
418,517,4.0
418,526,4.5
418,1791,3.0
418,300,3.5
418,359,4.5
418,1294,2.5
418,1588,2.0
418,2497,3.0
418,916,4.0
418,1115,4.0
418,53,3.0
418,1560,2.5
419,1812,4.5
419,1104,3.0
419,2130,2.5
419,921,3.5
419,594,2.5
419,1676,3.5
419,906,2.0
419,1081,3.0
419,879,3.5
419,1801,3.5
419,965,3.0
419,132,2.5
419,469,3.0
419,1579,2.5
419,285,4.0
419,661,4.5
419,2438,4.0
419,1536,4.5
419,206,1.5
419,2388,3.0
419,782,2.5
419,1265,1.5
419,2469,2.5
419,1484,3.5
419,335,3.0
420,2113,2.5
420,610,2.5
420,742,4.5
420,70,4.0
420,2309,4.0
420,205,2.0
420,883,2.0
420,699,4.5
420,2474,3.5
420,1156,4.0
421,1590,3.5
421,2066,2.5
421,143,3.5
421,1985,2.5
421,1689,4.0
421,1785,4.0
421,1371,2.5
421,1441,2.0
421,2159,4.5
421,444,3.0
421,761,2.0
421,1408,2.5
421,113,4.0
421,1060,2.5
421,1841,3.0
421,860,3.0
421,40,3.5
422,1154,3.0
422,623,3.5
422,1468,3.5
422,368,2.0
422,753,3.5
422,144,3.5
422,2125,2.0
422,4,3.0
422,925,1.5
422,1166,4.0
422,2270,4.0
422,1236,2.0
422,1167,2.0
422,307,4.0
422,64,3.0
422,808,3.0
422,239,4.0
422,1467,2.0
422,2173,4.5
422,1573,1.5
422,701,3.5
422,2098,2.0
422,974,1.5
422,570,3.0
422,1590,3.5
422,1663,2.5
422,28,2.0
423,613,1.5
423,816,3.0
423,221,4.0
423,2064,2.5
423,287,3.0
423,708,2.5
423,239,3.5
423,2250,3.5
423,2346,4.0
423,1032,3.5
423,282,4.0
423,1761,3.5
424,548,1.5
424,913,3.5
424,1028,3.5
424,1790,3.5
424,809,3.5
424,1114,5.0
424,1020,4.5
424,1180,4.0
424,531,2.5
424,1230,2.0
424,1703,4.0
424,745,3.0
424,721,2.5
424,1245,5.0
424,1636,4.0
424,2064,4.0
425,458,3.5
425,1879,3.0
425,1718,2.0
425,1012,3.0
425,978,3.0
425,1924,3.0
425,637,4.0
425,1671,3.0
425,2118,3.5
425,1943,3.0
425,1689,3.5
425,1706,3.0
425,642,3.5
425,263,4.0
425,578,4.5
425,1714,3.0
425,1384,2.5
425,2033,3.5
425,695,3.5
425,965,3.0
425,1824,4.5
425,2209,5.0
425,1021,3.5
425,1597,3.5
425,997,3.0
425,2,4.0
425,1841,3.0
426,87,2.0
426,688,5.0
426,2204,2.5
426,989,2.5
426,2148,4.5
426,1662,5.0
426,1642,4.5
426,1007,2.5
426,1204,2.5
426,1850,5.0
426,742,4.0
426,1280,3.0
426,583,3.0
427,2017,5.0
427,1950,5.0
427,1922,5.0
427,1196,3.5
427,2199,5.0
427,292,4.0
427,2419,2.0
427,520,3.0
427,1460,4.5
427,210,3.0
427,363,2.0
427,76,2.5
427,2329,3.0
427,1323,2.5
428,2338,3.5
428,1902,3.0
428,122,2.5
428,1290,3.5
428,1754,3.0
428,1448,4.0
428,1269,5.0
428,84,4.0
428,1948,2.5
428,276,3.5
428,935,3.5
428,1648,3.5
428,733,2.5
428,1663,3.5
428,830,4.0
428,1514,2.0
428,433,3.0
428,1377,3.0
429,1327,4.5
429,2189,4.0
429,1367,3.5
429,1680,1.0
429,1170,4.0
429,106,4.0
429,1202,4.0
429,1986,3.0
429,1067,3.5
429,407,2.0
430,143,4.0
430,2099,3.0
430,952,3.0
430,2025,4.0
430,1826,3.0
430,2350,1.5
430,1267,2.0
430,1860,4.5
430,2336,2.0
430,803,2.5
430,1515,2.0
430,1017,3.5
430,431,2.5
430,2324,2.0
430,748,1.0
430,1110,4.0
430,310,3.5
430,683,2.0
430,1570,4.0
430,1879,4.0
430,1339,4.0
430,1704,3.5
430,1149,2.0
430,1824,2.5
431,2277,2.5
431,2001,3.5
431,814,3.5
431,1119,3.5
431,2360,4.0
431,2075,3.5
431,495,1.5
431,521,2.5
431,127,2.5
431,55,3.0
431,2231,2.5
431,624,4.5
431,1845,5.0
431,268,5.0
431,1752,3.5
431,2315,3.5
431,878,3.5
431,550,2.0
431,1787,2.5
431,1949,3.5
431,1788,4.0
431,2121,3.5
431,2039,3.0
431,596,3.5
431,39,3.0
431,2484,2.5
431,1121,4.0
431,2025,2.0
431,1935,2.0
431,537,4.0
432,547,3.0
432,2119,2.5
432,1207,4.5
432,309,3.0
432,1184,5.0
432,1613,3.0
432,968,3.5
432,283,4.0
432,2192,2.5
432,1164,1.5
432,1203,5.0
432,1791,2.5
432,224,3.5
432,1948,4.0
432,1675,4.0
432,892,4.5
432,1148,2.5
432,2237,3.0
432,1125,2.0
432,2476,3.5
432,1362,4.5
432,193,3.0
432,1335,2.5
433,238,4.0
433,1400,3.0
433,345,4.5
433,677,3.0
433,669,5.0
433,183,3.0
433,1961,4.5
433,1765,3.0
433,2042,3.0
433,1200,2.5
433,2235,2.5
433,1134,1.5
433,2357,2.0
434,1228,3.5
434,2272,3.0
434,1297,3.0
434,1475,2.0
434,1191,3.0
434,2442,3.5
434,160,3.5
434,1541,3.5
434,1653,3.5
434,1762,3.5
434,238,3.5
434,2316,1.5
434,1723,3.0
434,411,3.5
434,1794,3.5
435,179,3.5
435,2261,3.0
435,76,5.0
435,429,3.5
435,1883,5.0
435,1231,3.0
435,928,3.0
435,2030,3.5
435,1858,1.5
435,1038,2.5
436,1170,2.5
436,1982,3.5
436,2160,4.0
436,1311,3.0
436,841,2.5
436,2387,4.5
436,1018,4.0
436,2233,4.0
436,1957,3.5
436,339,1.5
437,2008,5.0
437,151,4.0
437,2051,3.5
437,655,4.0
437,766,4.5
437,846,4.5
437,1757,3.0
437,1950,2.5
437,2117,3.0
437,12,2.0
437,1070,3.0
437,279,3.5
437,404,3.5
437,177,4.0
437,1193,5.0
437,826,4.0
437,2159,2.5
437,2337,3.5
437,1533,4.5
437,1153,3.0
437,748,2.5
438,531,3.5
438,174,4.0
438,1846,2.0
438,2102,1.5
438,2319,2.0
438,2316,2.5
438,2497,3.0
438,2376,2.0
438,109,4.5
438,379,3.0
438,717,3.5
438,2017,3.5
438,59,2.5
438,1872,3.5
438,2322,3.5
438,1418,4.0
438,474,4.5
438,617,3.0
438,1598,1.5
438,816,3.0
438,1592,3.0
438,2074,3.5
438,402,3.5
438,733,3.5
439,1936,2.5
439,2422,2.0
439,906,5.0
439,1051,2.0
439,1261,2.0
439,42,4.5
439,282,4.0
439,1834,3.0
439,1996,3.5
439,2166,3.0
439,1829,3.0
439,1239,3.0
439,707,2.5
439,1728,3.5
439,990,3.5
439,1846,1.0
439,712,4.0
439,1233,3.5
440,489,2.5
440,461,4.0
440,1529,2.0
440,1740,3.0
440,2476,2.5
440,1764,3.0
440,2236,2.5
440,2205,5.0
440,2243,2.5
440,1423,3.0
440,1974,3.0
440,404,2.5
440,1833,4.0
440,687,1.0
440,794,5.0
440,2300,3.5
440,1296,4.0
440,2043,5.0
440,1523,5.0
440,2103,4.5
440,425,3.5
441,962,3.5
441,2478,3.5
441,1893,4.5
441,1108,3.0
441,2067,2.5
441,118,4.0
441,1637,2.5
441,2458,4.0
441,2373,3.5
441,581,1.0
441,661,2.5
441,2146,2.0
441,1963,4.0
441,330,2.0
441,1917,3.0
441,681,4.0
441,2312,4.5
441,2095,2.0
441,2376,1.5
441,2029,3.5
441,1773,4.5
441,1635,4.0
442,2416,3.0
442,597,3.0
442,2373,1.5
442,1067,4.0
442,188,3.0
442,204,3.5
442,2174,2.5
442,1861,3.5
442,2405,3.5
442,574,2.5
442,806,2.5
442,2339,3.5
442,2040,2.5
442,761,4.0
443,769,2.0
443,1966,4.0
443,1577,3.0
443,2478,3.5
443,522,2.0
443,2186,2.0
443,222,3.0
443,30,3.0
443,259,2.5
443,195,3.0
443,633,3.0
443,2278,3.0
443,1603,3.0
443,820,3.0
443,865,4.5
443,2106,1.5
443,453,4.0
443,938,2.0
443,2190,2.5
443,538,3.5
443,2387,2.0
443,2038,3.5
443,1894,5.0
443,637,3.0
443,307,4.0
444,721,4.0
444,1371,3.5
444,2437,3.0
444,503,3.5
444,2037,1.5
444,1055,2.5
444,773,4.0
444,634,5.0
444,1653,2.5
444,1406,3.0
444,1125,3.5
444,981,4.0
444,1915,2.0
445,536,2.5
445,1129,2.0
445,2095,3.0
445,1646,2.5
445,2037,3.0
445,277,5.0
445,1593,3.0
445,1825,3.5
445,2190,3.0
445,1581,2.5
445,2341,1.5
446,625,2.5
446,2381,3.5
446,1826,2.0
446,198,5.0
446,1450,4.0
446,447,4.0
446,115,3.0
446,1260,5.0
446,2490,4.0
446,946,3.5
446,1409,3.5
446,48,4.0
446,2432,2.5
446,1465,5.0
446,556,3.0
446,1084,3.5
446,973,3.0
446,535,4.5
446,2261,2.0
446,1713,4.0
446,1541,3.5
446,1590,4.0
446,1076,4.0
446,492,2.0
446,193,4.0
446,706,3.5
446,296,4.0
446,81,3.5
446,1097,4.5
447,1376,3.5
447,461,3.5
447,666,3.5
447,1198,2.0
447,2317,2.0
447,1691,4.0
447,215,4.0
447,544,2.0
447,1451,3.0
447,2090,2.5
447,1343,3.0
447,620,4.5
447,1313,2.0
447,1908,4.0
447,2458,3.0
448,1317,1.0
448,2152,4.5
448,1077,3.0
448,111,4.0
448,1630,3.0
448,707,2.0
448,1849,4.5
448,1637,2.5
448,1979,3.5
448,1226,1.0
448,975,3.0
448,932,3.0
448,154,2.5
448,1984,4.0
448,1363,3.0
448,1895,3.0
448,2217,2.5
448,1717,3.0
448,1086,2.5
448,347,4.0
448,2468,3.0
448,1804,2.0
448,2087,4.0
448,1485,3.0
449,1658,5.0
449,1422,3.0
449,85,3.5
449,2187,2.5
449,239,4.0
449,646,1.5
449,97,4.0
449,33,3.0
449,1112,2.5
449,911,3.0
449,2270,3.0
449,1733,3.5
450,1056,3.0
450,1458,4.0
450,2211,2.0
450,597,3.0
450,2275,2.5
450,1356,3.0
450,2403,2.0
450,981,3.0
450,1166,5.0
450,1188,1.5
450,1467,2.5
450,98,3.0
450,2349,4.0
450,834,3.5
450,135,1.5
450,742,3.0
450,568,3.0
450,528,3.5
450,1622,5.0
450,2363,4.0
450,1883,2.0
450,2336,2.0
450,1084,2.0
450,1854,2.5
450,1743,3.0
450,1551,3.0
450,67,3.5
450,1153,3.5
450,2399,3.5
451,1277,2.5
451,315,2.0
451,1464,2.0
451,41,2.0
451,366,5.0
451,343,3.5
451,155,3.5
451,686,2.5
451,1077,3.0
451,2282,4.0
452,1867,3.5
452,1733,5.0
452,1198,3.5
452,2154,4.0
452,1922,3.0
452,2310,2.5
452,814,1.0
452,393,3.0
452,2060,4.5
452,1053,4.5
452,1998,3.5
452,2109,4.0
452,777,3.5
452,1230,2.5
452,2490,2.5
452,802,3.5
452,506,2.5
452,2016,3.5
452,357,4.0
452,643,4.0
452,1585,4.5
453,1143,2.0
453,354,3.0
453,1772,3.0
453,2469,3.5
453,129,4.0
453,1544,3.0
453,1731,4.0
453,605,4.5
453,1455,2.5
453,2069,1.5
453,1862,4.5
453,1682,3.5
453,674,4.0
453,2457,4.5
453,1647,2.5
453,2170,1.5
453,1902,3.5
453,343,3.5
453,1395,3.0
453,2111,3.5
453,938,3.5
453,1105,3.0
453,378,5.0
453,88,2.5
454,1189,5.0
454,145,5.0
454,682,4.0
454,1042,3.5
454,1851,5.0
454,920,4.5
454,1790,3.5
454,269,3.0
454,1153,3.0
454,2172,2.5
454,1186,2.0
454,315,3.0
454,379,3.0
454,693,4.0
454,626,1.5
454,878,3.0
454,1602,4.0
454,1631,3.0
455,1899,2.0
455,638,4.5
455,1247,3.5
455,2017,2.5
455,1575,3.0
455,2215,2.5
455,1148,2.0
455,961,4.0
455,2107,3.5
455,969,3.5
455,1279,4.0
455,1623,3.0
455,1541,3.5
455,1956,2.5
455,144,2.0
455,343,2.0
455,1004,4.0
455,1562,2.5
455,1666,4.0
455,1158,3.5
455,157,3.5
455,1460,4.5
455,270,4.5
455,940,3.0
455,2293,3.5
455,2063,2.0
455,909,4.5
456,133,3.5
456,2265,4.5
456,1608,3.5
456,750,3.0
456,529,3.0
456,1335,4.0
456,1919,3.5
456,1453,2.5
456,1722,3.0
456,2215,5.0
456,1501,3.0
456,2228,3.0
456,2282,1.0
456,2461,3.5
456,1236,2.5
456,787,1.5
456,1559,3.5
456,1822,3.0
456,899,4.0
456,2148,3.5
456,2479,4.5
456,1261,3.5
456,2034,2.5
456,2071,4.5
456,2249,4.5
456,19,3.5
457,1398,3.0
457,59,3.5
457,1575,2.5
457,421,2.0
457,304,3.0
457,1213,3.0
457,2011,4.0
457,1132,2.0
457,1974,2.5
457,685,4.0
457,2223,4.0
457,1252,4.0
457,2448,3.5
458,2457,3.0
458,122,2.5
458,964,3.5
458,1651,3.0
458,1561,2.0
458,2419,2.5
458,1505,2.0
458,1811,3.0
458,1861,3.0
458,2114,2.5
458,1461,3.0
458,70,1.5
458,1136,1.0
458,2005,4.0
458,2039,2.5
458,2264,4.5
458,1826,3.5
458,668,3.5
458,384,2.0
458,1339,3.5
458,2144,2.0
458,2280,3.5
458,679,2.0
459,1312,4.0
459,2078,3.0
459,65,2.5
459,80,1.5
459,1821,3.0
459,1076,2.0
459,1681,2.5
459,561,3.0
459,1123,2.5
459,337,3.5
459,678,3.5
459,518,2.5
460,1641,3.5
460,2299,3.5
460,366,3.5
460,2267,3.5
460,1144,2.5
460,1158,3.0
460,155,3.0
460,128,3.0
460,157,3.5
460,1818,4.0
460,649,1.5
460,192,2.0
460,602,3.0
460,2297,4.5
460,1368,2.5
460,2086,2.5
460,1687,3.5
460,1705,3.0
460,653,3.5
460,777,4.5
460,746,2.0
460,2344,3.5
461,794,4.0
461,493,3.0
461,536,4.5
461,1835,3.0
461,1729,5.0
461,418,2.5
461,827,4.0
461,1423,1.5
461,223,1.0
461,1870,3.5
461,1360,1.5
461,2197,5.0
461,759,3.0
462,1328,2.5
462,2043,2.0
462,1627,2.5
462,291,1.0
462,270,2.5
462,423,4.0
462,66,4.0
462,510,2.0
462,53,3.0
462,1764,4.5
462,104,3.5
463,1723,3.5
463,839,2.5
463,915,5.0
463,1143,2.0
463,287,3.5
463,2267,2.5
463,1817,4.5
463,1161,4.5
463,1447,5.0
463,741,3.0
463,1006,3.0
463,582,3.5
463,1935,4.0
463,45,4.0
464,1565,2.5
464,2488,2.5
464,542,4.5
464,225,5.0
464,1006,1.5
464,2162,4.0
464,1806,3.5
464,568,2.5
464,522,2.0
464,1910,2.5
464,2071,4.0
464,2450,2.5
464,488,1.5
464,184,3.0
464,165,4.5
464,1830,4.5
464,1913,4.0
465,737,4.5
465,1107,4.5
465,2041,3.0
465,1765,3.0
465,2335,3.0
465,1647,2.0
465,935,3.0
465,64,2.5
465,1988,3.0
465,428,4.0
465,1145,2.5
465,1558,2.0
465,36,2.5
465,956,2.5
465,838,3.0
465,919,2.5
465,1879,4.0
465,1362,2.0
465,1678,2.5
465,646,3.5
465,691,3.5
465,2323,3.0
465,1256,3.5
465,2357,3.0
465,283,3.0
465,927,3.0
465,2012,3.5
465,348,2.0
465,922,3.0
466,304,4.5
466,1940,3.5
466,520,3.0
466,1465,5.0
466,138,3.5
466,2203,3.5
466,1444,2.0
466,1377,5.0
466,1302,2.5
466,441,2.5
466,1448,2.0
466,702,2.0
466,2373,2.5
467,331,5.0
467,1159,3.5
467,1330,3.0
467,1823,3.5
467,2398,3.5
467,1734,2.5
467,397,4.5
467,1701,4.0
467,2037,2.0
467,1137,3.0
468,1882,3.5
468,2064,3.0
468,380,3.0
468,970,2.5
468,2385,3.5
468,317,3.5
468,1949,3.0
468,2179,4.5
468,514,2.0
468,998,1.5
468,2220,4.0
468,2292,2.5
468,662,3.5
468,1550,3.0
468,2279,2.0
468,1090,4.5
468,2377,2.5
468,952,3.0
468,359,4.0
468,839,3.5
468,722,2.0
469,1867,4.5
469,193,4.5
469,2287,2.0
469,1154,5.0
469,2219,2.0
469,2304,3.5
469,821,3.5
469,266,3.0
469,71,2.5
469,2428,4.5
469,1085,4.0
469,2333,2.5
470,1420,1.0
470,300,3.0
470,1322,3.5
470,94,4.0
470,142,5.0
470,2301,2.0
470,2290,3.5
470,52,3.5
470,2491,3.5
470,758,4.5
470,1788,3.5
470,2057,4.0
470,137,2.5
470,296,3.5
471,613,3.0
471,2092,4.0
471,1390,2.0
471,1274,2.0
471,485,2.5
471,83,4.5
471,1522,3.5
471,2044,4.5
471,1057,2.0
471,2428,4.5
471,480,3.5
472,598,3.0
472,1718,3.5
472,2011,1.5
472,1915,3.0
472,67,3.5
472,1802,3.5
472,41,2.5
472,1181,4.5
472,2407,3.5
472,1853,1.5
472,615,4.5
472,2089,4.0
472,1149,3.5
472,1322,3.5
472,2166,4.0
472,749,3.0
472,2432,4.5
472,450,2.0
472,171,3.5
472,162,5.0
472,1699,2.0
472,811,3.0
472,135,3.0
472,247,3.5
472,2049,2.5
472,2154,4.5
472,527,4.0
472,971,4.0
473,297,3.5
473,1242,3.0
473,533,2.0
473,83,3.0
473,236,3.5
473,557,2.5
473,383,3.5
473,1007,3.0
473,24,3.0
473,2415,2.0
473,1,2.5
473,608,4.0
473,2285,5.0
474,2451,4.5
474,1816,4.0
474,568,4.5
474,836,5.0
474,1651,3.0
474,716,5.0
474,2498,3.5
474,391,3.5
474,1714,3.0
474,2412,5.0
474,6,3.0
474,1453,3.0
474,1958,4.0
474,264,2.5
474,1732,4.0
474,2278,4.0
474,675,4.5
474,1935,4.0
474,404,5.0
474,98,3.0
474,2003,3.5
474,2499,3.0
474,1849,3.5
474,1829,5.0
474,433,2.5
474,132,3.5
475,1120,2.0
475,1763,1.5
475,2145,2.5
475,1349,2.5
475,2252,3.5
475,1335,5.0
475,532,3.0
475,2231,3.5
475,465,3.0
475,1236,4.0
475,2261,3.0
475,1609,3.0
475,41,1.5
475,2380,4.5
475,466,4.5
476,1819,3.0
476,1690,2.5
476,1707,2.5
476,1017,3.5
476,748,2.5
476,1235,1.5
476,1122,2.0
476,909,2.0
476,34,3.5
476,1715,3.0
476,2471,2.5
476,2052,2.5
476,1091,2.5
476,964,3.5
476,340,4.5
477,988,2.0
477,1921,1.0
477,2350,3.5
477,2189,2.5
477,729,3.5
477,178,2.5
477,494,5.0
477,2365,3.0
477,2143,2.5
477,1940,2.5
477,334,5.0
477,1874,3.5
477,1677,4.0
477,1869,5.0
477,1391,2.5
477,1917,3.5
478,1956,4.0
478,2133,4.5
478,954,3.0
478,249,2.0
478,1480,2.5
478,2017,2.5
478,434,3.0
478,774,4.0
478,2206,1.5
478,2067,2.5
478,1144,5.0
478,854,1.5
478,2134,2.0
478,2257,2.5
478,166,3.0
478,1412,3.0
478,992,3.0
478,999,2.0
478,2180,2.5
478,1428,4.5
478,1286,3.0
478,1341,3.0
478,2120,3.5
478,1838,2.5
478,251,3.0
478,2350,3.0
479,1626,3.0
479,1432,3.0
479,1076,3.5
479,781,3.0
479,564,4.5
479,1057,4.0
479,1258,3.5
479,579,2.0
479,273,3.0
479,1668,3.5
479,1578,4.5
479,352,3.5
479,780,5.0
479,34,2.5
479,1552,2.5
479,870,4.0
479,1752,4.5
479,1993,2.0
479,998,1.5
479,1819,2.5
479,292,1.5
479,1183,3.0
479,23,4.0
479,2069,3.0
479,163,3.5
480,846,3.0
480,167,3.0
480,2175,4.5
480,1575,2.0
480,2074,3.5
480,1903,2.0
480,1791,2.5
480,2306,2.0
480,95,3.0
480,3,1.5
480,1322,3.5
480,2217,3.5
480,1771,4.5
480,1985,4.0
480,1312,4.0
480,1061,3.5
480,804,3.0
480,618,2.0
480,1387,2.5
480,1144,4.5
480,1424,3.5
480,2102,3.5
480,1535,5.0
480,32,3.0
480,2186,2.5
480,1008,3.5
480,1867,3.5
481,182,1.5
481,1928,5.0
481,1283,3.0
481,484,2.0
481,2241,2.5
481,1761,4.0
481,273,3.5
481,475,5.0
481,303,4.0
481,1427,2.5
481,1597,2.5
481,1924,4.0
481,299,1.5
481,1195,4.5
481,2059,3.5
481,1572,4.0
481,1751,4.0
481,867,4.5
481,1629,4.0
481,682,3.0
481,1982,4.0
481,2062,2.5
481,2,3.5
481,1383,4.0
481,84,3.5
481,2329,4.0
481,2048,3.0
481,881,3.5
481,35,3.0
482,358,2.5
482,469,4.5
482,628,4.0
482,2476,1.5
482,1916,3.5
482,1364,3.5
482,211,1.5
482,1735,4.0
482,1737,1.5
482,1848,4.5
483,624,1.5
483,894,2.0
483,14,2.5
483,525,1.0
483,1251,3.5
483,1208,3.5
483,1284,2.5
483,990,2.5
483,570,4.0
483,1849,3.5
484,505,4.0
484,1728,4.5
484,2427,3.5
484,2340,3.0
484,781,4.0
484,2284,3.5
484,1854,2.5
484,332,2.0
484,1501,4.0
484,4,4.0
484,1944,3.5
484,2457,3.5
484,2342,4.0
484,633,2.0
484,1452,3.5
484,380,2.5
484,145,4.5
484,1074,4.0
484,2108,2.5
484,1690,2.5
484,941,3.0
484,282,3.0
485,1711,2.5
485,1374,3.0
485,700,3.0
485,597,2.5
485,1475,2.5
485,1359,3.0
485,2012,2.0
485,785,3.0
485,2088,2.5
485,1772,3.5
485,1271,5.0
485,358,2.5
485,1243,5.0
486,1190,4.5
486,1358,1.0
486,1042,3.0
486,2241,3.5
486,608,2.0
486,2321,4.0
486,2246,1.5
486,1771,4.0
486,1544,3.5
486,645,3.0
486,409,3.5
486,2277,3.5
486,375,2.0
486,1238,4.5
486,844,3.5
486,2253,2.5
486,242,3.5
486,266,1.5
486,168,2.5
486,567,1.5
486,796,2.0
486,1807,3.0
486,139,3.5
486,2030,3.0
487,2081,3.0
487,669,3.5
487,2500,3.5
487,2328,3.0
487,1923,1.0
487,1341,3.0
487,2138,3.0
487,2083,3.0
487,2050,3.0
487,1741,3.5
487,1246,2.5
488,1575,1.5
488,2448,4.0
488,1926,2.5
488,1407,2.5
488,855,3.0
488,760,5.0
488,287,3.5
488,1068,4.0
488,1904,3.5
488,864,3.5
488,1116,4.0
488,540,2.0
488,1472,3.0
488,553,2.5
488,786,2.5
488,1531,3.0
489,2081,3.5
489,2124,2.5
489,1073,3.5
489,2114,4.0
489,614,2.0
489,1490,3.5
489,122,2.5
489,1031,3.0
489,1942,2.0
489,2333,3.0
489,1425,3.5
489,919,2.0
489,1688,3.5
489,37,4.0
489,1377,3.0
489,623,3.5
490,1164,2.5
490,1364,4.0
490,288,4.0
490,1323,2.0
490,1216,2.5
490,587,3.5
490,2265,4.5
490,1651,3.5
490,631,3.5
490,1753,3.0
490,578,1.5
490,1425,3.0
490,2064,4.5
490,1721,3.0
490,614,2.0
490,1565,3.0
490,148,2.5
490,262,2.5
490,1337,1.5
490,1595,1.5
490,1867,4.5
490,1238,2.5
490,1668,3.0
490,917,3.0
491,1791,4.0
491,1462,3.5
491,468,3.0
491,524,4.5
491,296,3.5
491,963,2.5
491,564,3.0
491,591,4.5
491,1125,3.5
491,654,3.0
491,108,3.0
491,1050,3.5
492,1356,2.0
492,257,2.5
492,2375,2.5
492,1574,4.5
492,528,4.0
492,1335,1.0
492,1169,3.5
492,176,3.0
492,859,5.0
492,1049,2.5
492,1471,2.0
492,1955,2.0
492,1536,2.5
492,346,4.0
492,338,4.0
492,1034,3.5
492,2086,2.5
492,1130,2.5
492,685,3.0
492,366,3.5
492,1970,3.0
492,2282,3.0
492,333,2.5
492,913,3.0
492,294,2.5
493,524,3.0
493,2229,3.5
493,2083,4.0
493,1067,4.0
493,511,3.0
493,2279,2.0
493,1063,3.0
493,1100,3.5
493,1885,2.5
493,162,2.0
493,872,3.0
493,1327,3.5
493,1121,3.5
493,566,2.0
493,89,5.0
493,2046,3.5
494,2288,2.0
494,1885,4.0
494,2455,2.5
494,964,3.5
494,1004,2.5
494,588,3.0
494,1526,3.5
494,605,3.0
494,213,4.0
494,2313,3.5
495,1344,2.0
495,442,3.5
495,1541,4.0
495,2439,3.0
495,535,3.5
495,134,3.5
495,995,4.0
495,641,3.5
495,551,4.0
495,1640,3.0
495,1419,2.5
495,12,1.5
495,1147,3.0
495,1626,3.5
495,1993,3.5
495,2402,5.0
495,1937,3.0
495,13,4.5
495,635,3.0
495,2136,3.5
495,229,3.5
495,2374,3.5
495,2497,3.0
496,366,4.5
496,181,3.0
496,2155,3.5
496,21,2.0
496,2002,5.0
496,1729,3.0
496,906,4.0
496,1304,5.0
496,955,3.0
496,1493,3.5
496,1792,4.5
496,107,3.0
496,2,2.0
496,666,2.5
496,734,3.0
496,402,1.5
496,711,4.0
496,1918,3.0
496,620,2.5
496,442,3.0
496,512,4.0
496,1169,3.5
496,1726,4.0
496,110,2.5
497,1306,3.0
497,1840,2.5
497,580,3.0
497,1241,3.0
497,1177,3.0
497,1625,4.0
497,1159,2.5
497,1692,5.0
497,289,3.0
497,759,2.5
497,1362,3.0
497,611,3.0
497,2354,4.0
497,2151,4.5
497,1543,2.5
498,2070,5.0
498,1413,4.0
498,1888,5.0
498,2426,1.0
498,870,4.5
498,216,2.5
498,387,4.5
498,1671,4.5
498,2331,2.5
498,2356,3.5
498,889,3.5
498,2165,3.0
498,1883,3.0
498,1882,4.0
498,227,4.5
498,2083,5.0
498,1590,4.0
498,762,4.5
498,2183,4.0
498,1275,5.0
498,476,2.5
498,312,3.5
498,2204,5.0
498,2067,5.0
498,1844,3.5
498,817,2.5
498,1203,5.0
499,1430,4.5
499,1291,2.0
499,1583,4.5
499,845,3.5
499,2161,3.5
499,1567,3.5
499,1809,2.0
499,2404,3.5
499,2166,1.5
499,2309,4.0
499,519,4.0
500,523,3.5
500,1143,4.0
500,1529,3.0
500,1894,2.5
500,2495,4.5
500,1510,2.0
500,794,2.5
500,74,3.5
500,1716,3.0
500,1459,3.0
500,1206,2.5
500,680,1.5
500,1313,3.0
500,1712,4.5
500,2183,4.0
500,803,3.5
500,2163,3.0
500,2461,2.5
500,1728,4.5
500,1550,3.0
500,1008,1.5
500,1993,2.0
500,1646,3.5
500,1409,5.0
500,876,2.5
500,1114,3.0
500,2144,3.5
500,989,3.5
501,390,2.5
501,1496,3.5
501,2407,4.5
501,693,2.0
501,1079,3.0
501,978,3.5
501,2278,4.5
501,645,4.0
501,1134,4.0
501,1168,4.5
501,294,4.5
502,663,2.5
502,1586,2.5
502,2166,3.0
502,2122,3.0
502,1913,5.0
502,2221,1.0
502,1337,4.0
502,2330,4.5
502,158,5.0
502,1498,5.0
502,2484,4.5
502,2480,4.0
502,368,2.0
502,1052,2.5
502,903,4.0
502,951,5.0
502,279,3.5
502,530,4.0
502,2428,3.0
502,1774,2.5
502,737,2.5
502,2496,2.5
502,117,4.0
502,1705,4.5
502,1340,4.0
502,2050,4.0
502,113,4.5
502,1355,4.5
502,2076,3.5
503,96,2.5
503,1350,4.0
503,1985,3.5
503,1449,4.0
503,417,3.0
503,1379,2.5
503,277,2.5
503,1054,3.5
503,1031,2.5
503,1730,4.0
503,573,1.5
504,135,3.0
504,2306,3.0
504,112,2.5
504,26,3.5
504,1364,3.5
504,848,2.0
504,1843,3.0
504,478,2.0
504,1315,4.0
504,1409,3.5
504,512,3.5
504,1505,3.0
504,1961,2.5
504,1723,2.5
504,1316,3.5
504,719,3.0
504,1232,4.0
504,2346,4.0
504,1140,3.5
504,1627,3.5
505,1039,2.0
505,1464,3.0
505,2349,2.5
505,759,3.5
505,2428,3.0
505,109,4.0
505,1837,4.0
505,1173,4.0
505,729,3.0
505,1717,3.5
505,2301,2.5
506,2423,3.5
506,867,3.5
506,426,2.5
506,1223,2.5
506,1657,3.0
506,1542,2.0
506,549,3.0
506,1508,4.5
506,1799,4.0
506,1289,3.0
506,252,3.0
506,2281,3.5
506,1558,5.0
506,1064,1.5
506,2352,3.0
506,32,2.0
506,2452,3.0
506,1919,3.5
506,1180,3.0
506,2252,4.0
506,913,3.5
506,118,3.0
506,373,4.0
506,605,3.0
506,1252,3.5
506,486,1.0
507,2426,3.0
507,778,3.0
507,183,3.5
507,635,2.5
507,1169,3.0
507,1589,3.0
507,61,2.5
507,298,4.0
507,1267,5.0
507,653,3.0
507,40,4.0
507,2430,3.5
507,648,2.0
507,2368,2.5
507,2251,3.0
507,755,3.5
507,2483,5.0
507,772,3.0
507,2042,2.0
508,2461,4.0
508,40,2.5
508,2216,3.5
508,1559,3.5
508,1680,4.0
508,1256,3.0
508,2017,3.5
508,651,4.0
508,1056,2.5
508,20,3.5
508,1910,3.0
508,2040,2.5
508,1366,4.0
508,906,3.0
509,662,5.0
509,1672,3.5
509,134,2.5
509,1612,2.5
509,1326,3.0
509,1953,3.5
509,675,4.0
509,2498,4.0
509,1621,3.0
509,89,4.0
509,1399,2.5
509,1717,3.5
509,503,4.5
509,1360,1.5
509,2293,4.0
509,250,3.0
509,1528,3.5
509,335,3.5
509,1175,3.5
509,2456,2.0
509,2392,4.5
509,1802,1.5
509,2253,2.0
509,1012,3.0
509,585,2.5
509,243,4.5
509,2375,5.0
509,1835,5.0
510,1140,3.0
510,335,4.0
510,1402,2.5
510,755,2.0
510,1071,3.0
510,430,5.0
510,1137,4.5
510,103,2.5
510,3,3.5
510,1398,4.5
510,960,2.5
510,2167,4.0
510,160,4.0
510,459,4.5
510,2309,5.0
510,2213,4.0
510,1602,2.0
510,393,3.5
510,1599,2.0
510,977,4.0
510,2385,4.5
510,1052,4.5
510,535,2.5
510,275,4.0
510,113,3.5
511,1632,3.0
511,743,2.0
511,1223,2.5
511,751,2.0
511,4,3.5
511,1059,3.0
511,2155,2.5
511,105,4.0
511,1852,3.5
511,1810,1.5
511,1258,4.0
511,999,2.5
511,879,3.5
511,2057,4.0
511,2016,3.5
511,2304,2.5
511,1134,2.5
511,155,1.5
511,633,2.0
511,440,4.5
511,1508,4.0
511,2158,3.5
511,2467,3.0
511,2200,3.0
511,2317,4.0
511,1524,2.5
511,760,3.5
512,1645,2.0
512,740,2.5
512,1150,3.5
512,910,3.5
512,120,2.5
512,1993,3.0
512,1297,1.5
512,746,3.0
512,977,5.0
512,1131,2.0
512,929,3.0
512,574,2.5
512,2078,4.0
512,484,3.0
512,2215,2.5
512,1078,4.0
512,358,3.0
512,252,3.0
512,1871,3.5
512,335,2.5
512,2309,3.5
513,2494,5.0
513,1261,2.0
513,864,4.0
513,340,3.5
513,1580,2.5
513,1430,1.5
513,1674,2.0
513,1744,2.0
513,1707,2.5
513,2187,3.0
513,2217,3.0
513,1522,2.0
513,1201,3.5
513,1363,1.0
513,802,3.5
513,2359,3.5
513,1621,3.0
513,1953,3.0
513,1830,3.0
513,965,2.5
513,408,3.0
513,1413,2.0
513,2230,3.5
513,1992,3.5
513,1347,3.0
514,90,2.5
514,2410,4.5
514,2108,3.5
514,2293,3.5
514,1402,3.0
514,1187,4.0
514,160,3.5
514,1124,4.0
514,1082,3.5
514,998,3.0
514,1840,4.0
514,922,2.5
514,1895,2.5
514,296,4.0
514,223,2.5
514,1113,4.0
514,1432,4.5
514,1575,3.0
514,907,3.0
514,1403,3.5
514,1956,4.0
514,2421,3.5
514,892,3.5
514,766,3.5
514,1971,2.5
514,2090,2.0
514,254,4.5
515,1965,3.5
515,1365,5.0
515,558,2.5
515,481,5.0
515,649,4.5
515,2120,3.5
515,222,3.5
515,1321,3.5
515,631,5.0
515,244,3.0
515,2063,3.0
515,1568,3.0
515,2431,2.0
515,638,5.0
515,254,4.0
515,1916,2.0
515,2170,4.0
515,1724,4.0
515,1760,2.5
515,1536,3.5
516,1637,3.0
516,1934,4.0
516,704,4.0
516,1181,2.5
516,1396,3.0
516,13,2.5
516,71,1.0
516,854,3.5
516,1505,3.5
516,192,1.5
516,1996,3.0
517,1018,3.5
517,2370,3.0
517,810,2.0
517,1098,2.0
517,742,4.5
517,1834,3.5
517,741,3.5
517,709,3.0
517,871,2.5
517,468,2.5
517,1977,5.0
517,1075,2.5
517,763,2.0
517,1298,3.5
517,99,3.0
517,293,2.5
517,506,4.0
517,1238,2.5
517,2083,2.0
517,546,2.5
517,1927,3.5
517,139,5.0
517,1436,3.0
518,2178,2.0
518,1379,3.5
518,1883,4.0
518,909,4.0
518,1963,3.5
518,1361,1.5
518,2211,3.5
518,2414,3.0
518,2076,2.5
518,2184,3.0
518,2175,4.5
518,161,1.5
518,986,3.5
518,1216,3.0
518,1898,3.0
518,1069,3.0
518,515,3.5
518,1210,3.0
518,2221,3.0
518,1085,4.5
518,1410,3.0
518,995,3.0
518,1534,1.5
518,1795,3.5
518,1718,4.0
518,2369,4.5
518,1438,4.0
518,1683,4.0
519,1785,4.5
519,644,1.5
519,1263,2.0
519,2188,3.5
519,324,3.5
519,273,4.0
519,873,3.5
519,1528,3.5
519,2379,3.0
519,1057,3.0
519,861,3.0
519,218,1.5
519,1451,2.0
519,763,4.0
519,1630,4.0
519,1703,2.0
519,310,3.5
520,510,2.5
520,270,3.0
520,663,2.5
520,2064,3.0
520,1869,3.5
520,643,3.5
520,297,5.0
520,1299,2.5
520,1160,4.5
520,678,3.0
520,366,4.0
520,1755,2.5
521,581,2.0
521,1927,4.5
521,310,4.0
521,1143,2.5
521,1538,4.0
521,159,4.0
521,690,4.0
521,1209,2.5
521,2483,3.0
521,1670,4.0
521,2065,4.0
521,2170,3.0
521,1650,2.5
521,1215,3.5
521,2207,4.0
521,1150,3.0
521,977,5.0
521,2122,3.5
521,1802,4.0
521,509,4.0
521,839,3.5
521,1111,5.0
521,2371,2.5
521,1554,2.0
521,1830,3.0
521,422,3.5
521,1240,4.0
521,1733,2.5
522,2351,2.0
522,1565,2.5
522,287,2.5
522,75,3.0
522,2401,3.0
522,2313,4.5
522,2399,3.0
522,2500,3.0
522,2375,4.0
522,327,2.0
522,2340,4.5
522,468,3.5
522,715,2.5
522,39,3.0
522,1285,3.0
523,1610,3.0
523,96,3.0
523,1118,1.5
523,708,3.5
523,2045,3.0
523,435,4.5
523,2278,3.5
523,1048,4.0
523,2230,4.5
523,432,3.0
523,2279,3.0
523,2335,3.0
523,1653,2.5
523,603,3.5
523,416,3.5
523,1401,3.5
523,1204,2.0
524,2191,4.0
524,226,3.5
524,638,5.0
524,1643,3.0
524,527,3.0
524,287,3.5
524,1027,4.5
524,1193,4.5
524,550,2.5
524,2197,3.5
524,684,4.0
524,1794,3.5
524,1024,3.5
524,209,4.5
524,1262,3.0
524,1537,4.0
524,1063,4.5
524,2152,3.5
524,543,3.0
524,2289,3.5
524,2180,4.5
524,864,3.5
524,969,3.5
525,842,2.5
525,1506,3.0
525,2418,3.0
525,400,4.5
525,2351,1.5
525,2435,4.5
525,528,3.5
525,1144,2.0
525,410,4.5
525,41,4.0
525,1948,4.5
525,2234,3.0
525,1273,4.0
525,507,4.0
525,1060,3.0
525,2374,3.5
525,325,2.5
526,2309,2.0
526,2312,5.0
526,1105,4.5
526,520,4.5
526,897,5.0
526,1988,4.5
526,2066,4.0
526,681,4.5
526,352,3.5
526,1739,3.0
526,1669,4.0
526,2489,5.0
526,45,2.5
526,748,3.5
526,2465,3.5
526,625,3.5
526,2398,2.5
526,244,3.5
526,354,3.5
527,258,3.0
527,2423,2.0
527,836,3.0
527,610,2.5
527,1696,3.5
527,109,3.0
527,2274,3.0
527,27,4.0
527,1627,4.0
527,536,4.0
527,807,4.0
527,554,3.0
527,496,2.5
527,1736,2.5
527,1964,5.0
527,1253,2.0
527,1267,3.5
527,184,3.0
527,36,3.0
527,1551,4.5
527,2482,3.0
527,2025,2.5
527,801,3.5
527,1687,2.5
527,1111,3.0
527,1093,3.0
527,1587,5.0
528,2004,2.0
528,261,3.0
528,1806,3.5
528,1736,3.0
528,13,4.5
528,750,3.0
528,1991,2.5
528,1333,4.0
528,460,3.0
528,452,2.5
528,1217,1.5
528,152,4.0
528,862,4.0
528,2195,2.5
528,2223,2.5
528,2428,4.5
528,2189,3.5
528,1557,2.0
528,223,4.0
528,83,2.0
528,1763,3.0
528,532,3.0
528,717,1.5
528,606,4.0
528,652,4.0
528,2297,2.5
528,1113,2.5
528,1783,3.5
528,1569,2.5
528,2155,2.5
529,782,3.5
529,522,2.5
529,1885,4.0
529,455,3.5
529,1346,2.5
529,753,2.0
529,322,3.0
529,2118,2.5
529,775,2.5
529,1197,3.5
529,1413,4.0
529,2009,3.5
529,2411,3.5
529,1843,4.5
529,174,2.0
529,1617,3.0
529,892,3.5
529,761,3.0
529,384,3.0
529,1883,3.0
530,1653,5.0
530,1759,2.5
530,521,3.5
530,1997,3.0
530,693,3.0
530,1354,2.5
530,689,2.0
530,2426,2.5
530,2161,3.0
530,757,3.5
530,407,5.0
531,2186,4.0
531,2313,4.0
531,275,3.0
531,1758,3.5
531,1197,3.0
531,1924,1.0
531,1649,3.0
531,692,3.5
531,1010,3.5
531,2346,3.0
531,2306,3.0
531,1211,2.0
531,1448,2.5
531,790,3.0
531,2481,3.0
531,340,3.0
531,20,4.0
531,1692,3.0
531,1033,2.5
531,24,3.5
531,412,3.0
531,1360,2.0
531,2499,2.5
531,1846,3.0
531,254,4.0
532,676,3.5
532,1309,3.0
532,2273,2.0
532,1726,3.5
532,816,3.5
532,1191,2.5
532,739,3.5
532,2480,3.5
532,1788,3.5
532,1517,2.0
532,2005,3.5
533,1055,4.0
533,1956,4.0
533,591,3.5
533,243,3.0
533,440,4.0
533,1098,4.0
533,276,2.5
533,1572,2.5
533,1678,3.5
533,998,3.0
533,429,2.0
533,1130,3.5
533,1842,3.0
533,2477,2.5
533,337,2.0
533,1310,5.0
533,1276,3.5
533,2437,2.0
533,2299,4.0
533,1222,3.5
533,1507,3.0
533,9,3.0
534,527,2.0
534,2358,3.5
534,1361,4.5
534,1975,3.5
534,1329,2.5
534,341,3.0
534,449,1.0
534,268,3.5
534,2078,2.5
534,2467,3.5
534,29,4.0
534,764,4.5
534,2091,2.5
534,1232,3.5
534,1469,5.0
534,259,4.5
534,897,5.0
534,1835,4.5
534,1240,2.5
534,2132,3.0
534,1785,5.0
534,274,2.0
535,1316,5.0
535,552,3.5
535,1332,3.0
535,1493,3.0
535,2283,4.5
535,1906,3.0
535,1132,3.5
535,849,3.5
535,805,3.0
535,1403,4.0
535,2217,3.0
535,890,3.0
535,1047,2.5
535,1391,3.5
535,1573,4.0
535,2202,3.5
535,610,3.5
535,1902,3.0
535,746,3.0
535,1492,3.0
535,1550,3.5
535,1711,4.0
536,1005,3.5
536,1876,4.0
536,1388,4.5
536,119,2.5
536,2184,2.0
536,192,3.5
536,1427,2.5
536,2339,2.0
536,1161,4.0
536,229,1.5
536,1747,2.0
536,1088,2.5
536,2361,4.0
536,1577,5.0
536,2212,4.5
536,2107,1.5
537,1807,2.5
537,1776,3.5
537,1701,2.5
537,559,2.5
537,1718,3.5
537,388,2.0
537,769,3.5
537,30,5.0
537,1001,4.0
537,2222,3.0
537,1089,4.0
538,125,3.0
538,372,1.5
538,14,3.0
538,1203,3.0
538,1152,3.0
538,1592,2.0
538,1599,2.0
538,1734,2.5
538,1762,3.0
538,421,2.0
538,450,3.5
538,394,1.5
538,90,2.0
538,1289,3.0
538,1371,2.0
538,249,2.0
538,597,2.0
538,2001,3.0
538,2060,2.0
538,2245,1.5
538,184,3.0
538,1809,3.5
538,1215,2.0
538,143,4.0
538,1475,2.5
538,821,3.0
538,1730,4.5
539,647,2.0
539,836,2.5
539,2413,2.5
539,2088,3.0
539,1978,3.5
539,634,2.0
539,1797,3.0
539,310,4.0
539,1404,2.5
539,1554,2.0
539,2397,2.0
539,1321,1.5
539,956,3.0
539,746,2.5
539,597,3.5
539,768,2.5
539,2046,3.0
539,1421,3.0
539,2200,3.0
539,2293,3.0
539,2473,3.5
540,693,4.0
540,796,2.0
540,724,2.0
540,204,2.0
540,882,3.5
540,1277,2.5
540,2083,4.5
540,2190,3.0
540,1582,3.0
540,2486,3.5
540,205,2.0
540,810,2.0
540,1502,2.5
540,1133,2.5
541,234,2.0
541,2155,1.5
541,968,2.5
541,2385,3.0
541,1157,2.5
541,1177,3.5
541,754,3.5
541,1975,3.0
541,220,4.5
541,1379,2.5
541,1585,2.5
541,383,4.0
541,1898,3.0
541,1776,4.0
542,1145,4.0
542,1846,3.5
542,647,3.0
542,15,4.0
542,236,1.5
542,1637,5.0
542,1081,3.5
542,1020,3.5
542,1940,2.5
542,285,4.5
542,1545,2.5
542,1146,3.5
542,992,3.5
542,2089,4.5
542,2411,2.5
542,2429,4.5
542,1571,3.0
542,415,3.5
542,2158,2.0
542,658,4.0
542,1684,3.0
542,1445,3.0
542,1730,2.5
542,752,5.0
542,1071,2.5
542,1271,2.0
542,2500,2.5
542,1985,4.0
542,767,3.0
542,2319,4.0
543,668,5.0
543,223,2.0
543,625,3.0
543,2175,2.0
543,1309,3.5
543,2227,3.5
543,826,2.5
543,592,3.5
543,656,3.0
543,539,4.0
543,2137,3.5
543,1997,2.5
543,255,3.5
543,1071,3.0
544,2491,3.5
544,286,3.0
544,335,3.5
544,2496,4.0
544,1717,5.0
544,610,5.0
544,18,3.0
544,1071,4.5
544,1223,3.0
544,1180,4.0
544,1597,4.0
544,639,3.5
544,2108,3.5
544,1934,4.5
544,1336,4.0
544,661,1.5
544,870,4.0
544,2316,4.0
544,38,4.0
544,1891,3.5
544,1184,3.0
544,906,4.0
545,159,3.5
545,2069,3.5
545,828,3.0
545,1540,4.0
545,1002,3.5
545,2334,4.5
545,179,3.5
545,1197,3.5
545,1806,2.5
545,1191,3.5
545,1315,2.5
545,1279,3.0
545,2405,4.0
545,127,3.5
545,380,1.5
545,2054,4.5
545,744,2.5
545,739,3.5
545,236,3.0
545,1477,1.5
546,1537,3.0
546,742,2.5
546,1719,4.0
546,196,3.0
546,1608,2.0
546,1163,3.0
546,658,3.5
546,578,2.5
546,1455,2.0
546,1686,3.5
546,1057,3.5
546,1218,3.0
546,1902,4.5
546,279,2.5
546,712,3.0
547,1802,3.5
547,787,1.0
547,724,3.0
547,2381,2.0
547,1252,2.5
547,1591,3.0
547,812,3.0
547,1945,2.5
547,907,3.5
547,1242,2.5
548,1348,2.0
548,2478,4.0
548,1548,2.5
548,1934,3.5
548,716,2.5
548,326,4.0
548,1878,3.5
548,371,3.0
548,19,2.5
548,881,3.5
548,254,3.0
548,1028,4.0
548,1778,1.5
548,1905,4.5
548,453,4.5
548,1873,3.5
548,212,4.5
548,2163,2.0
548,1369,3.0
549,584,3.0
549,1387,3.0
549,1978,3.5
549,1574,4.5
549,501,2.5
549,710,2.5
549,605,3.0
549,1860,2.5
549,1630,4.0
549,1115,3.5
549,1601,3.0
549,2196,2.5
549,1573,3.0
549,2411,3.0
549,2197,3.5
550,747,3.0
550,1523,2.5
550,2286,4.0
550,2437,3.5
550,1200,3.5
550,1993,3.0
550,1178,4.5
550,1184,3.5
550,2252,2.5
550,2226,4.5
550,663,4.0
551,1058,2.0
551,2155,2.5
551,224,4.0
551,1168,2.5
551,1909,4.0
551,1424,3.5
551,2069,4.0
551,801,4.0
551,459,4.0
551,989,3.5
551,2118,4.0
551,1998,4.5
551,2466,2.5
551,2180,2.5
551,2026,3.5
551,1713,4.5
551,924,4.5
551,1723,2.5
551,1948,3.0
551,1643,4.0
551,663,3.0
551,585,4.5
551,1148,3.0
551,1553,3.5
552,664,3.5
552,2312,5.0
552,1100,4.5
552,1649,4.0
552,489,2.0
552,526,3.0
552,318,3.5
552,195,2.5
552,2426,2.5
552,1106,5.0
552,1545,3.0
552,204,2.5
552,1167,4.0
552,2091,2.5
552,251,3.0
552,957,4.0
552,1345,2.0
552,1171,2.5
552,52,4.0
552,2250,2.5
552,1041,3.0
552,726,4.5
552,1448,3.5
552,456,5.0
552,175,3.0
552,1953,2.5
552,1774,3.0
552,551,3.0
552,1676,1.0
552,614,3.5
553,129,2.5
553,2099,3.5
553,2308,3.0
553,1792,3.0
553,2385,2.5
553,195,2.5
553,503,2.0
553,1946,4.0
553,1284,1.5
553,2006,2.5
553,950,2.5
553,1681,2.5
553,584,3.5
553,1514,2.5
553,822,2.5
553,528,2.5
553,2045,2.5
553,462,3.5
553,625,3.5
553,373,3.0
553,1207,2.5
553,2011,3.0
553,214,4.0
553,610,3.0
553,1004,3.0
553,1101,2.5
553,795,3.0
553,563,3.0
553,749,4.5
553,900,2.0
554,2072,3.0
554,1307,4.0
554,1284,2.5
554,1193,3.5
554,1017,3.0
554,1932,3.0
554,1885,3.5
554,1860,4.0
554,770,4.0
554,2003,2.5
554,553,3.0
554,1984,2.5
554,388,3.0
554,1209,3.0
554,993,4.5
554,1599,2.5
554,839,4.5
555,1186,2.5
555,265,3.5
555,1604,4.0
555,738,2.5
555,1258,2.5
555,159,2.0
555,86,3.5
555,2066,3.5
555,1580,3.0
555,1445,5.0
555,1302,3.5
555,710,3.0
555,605,2.0
555,1249,4.5
555,872,3.0
555,1995,3.0
555,1853,4.0
555,948,3.0
555,117,5.0
555,1968,2.5
556,304,1.5
556,1187,2.5
556,1578,3.0
556,2057,3.0
556,2396,4.5
556,2479,3.5
556,1805,4.0
556,1260,3.5
556,1388,3.5
556,658,3.0
556,2323,4.5
556,1868,2.5
556,271,5.0
556,891,3.5
556,943,3.5
556,2043,4.0
556,686,1.5
556,1840,4.0
556,36,4.0
556,254,4.5
557,1010,2.0
557,111,4.0
557,2353,4.0
557,214,3.0
557,959,3.5
557,2239,2.5
557,821,2.5
557,1959,3.5
557,1547,3.0
557,1001,2.5
557,772,4.0
557,1045,4.5
557,615,2.0
557,2087,4.5
557,557,2.5
557,2375,4.5
557,1376,5.0
557,1656,5.0
557,1910,4.0
557,792,3.5
558,1115,5.0
558,1884,4.5
558,1579,3.0
558,1061,3.0
558,2373,4.0
558,1937,2.0
558,1029,3.5
558,1714,4.0
558,1798,4.5
558,301,4.0
558,903,4.0
558,666,3.5
558,1972,4.0
559,1161,3.0
559,1747,4.5
559,293,2.5
559,1606,3.0
559,2290,5.0
559,2015,3.0
559,2258,4.0
559,1260,1.5
559,798,3.5
559,234,5.0
559,779,2.5
559,1495,4.0
559,1992,3.0
559,614,3.0
560,1865,3.5
560,1897,3.5
560,395,4.0
560,1022,3.0
560,381,2.5
560,697,4.0
560,1273,3.0
560,1514,3.5
560,336,3.5
560,653,3.5
560,1359,2.0
560,323,4.5
560,2233,3.0
560,1480,2.5
560,416,4.5
560,1984,4.5
560,61,2.5
560,47,2.5
560,207,2.0
561,369,4.5
561,2480,4.0
561,692,1.5
561,811,3.0
561,1682,2.0
561,311,3.5
561,491,5.0
561,855,4.0
561,2070,4.0
561,2170,2.5
561,959,4.5
561,1591,4.0
561,2256,2.5
561,31,4.0
561,561,2.5
561,915,5.0
561,224,3.5
561,2402,4.5
562,1084,3.5
562,1785,3.0
562,1186,2.0
562,1717,2.5
562,61,4.0
562,804,2.0
562,2263,3.5
562,1115,4.0
562,2177,3.0
562,1271,3.5
562,1155,3.5
562,1343,5.0
562,555,5.0
562,2494,4.0
563,270,2.5
563,1775,3.5
563,1732,2.5
563,879,2.5
563,1066,3.0
563,1992,3.0
563,2474,3.5
563,2078,2.0
563,1613,2.5
563,769,1.5
563,1122,2.0
563,1236,3.5
563,408,4.0
563,2335,3.5
563,2379,3.5
563,135,3.5
563,499,2.5
563,272,1.5
563,2225,2.5
563,1126,3.0
563,2412,3.5
563,1379,2.5
563,1238,3.5
563,90,2.5
563,244,3.0
563,551,3.5
563,1894,2.0
564,2160,3.5
564,794,3.5
564,183,3.0
564,1159,3.5
564,930,4.0
564,1418,3.0
564,2115,2.5
564,421,1.5
564,894,2.5
564,2475,4.0
564,1974,5.0
565,1901,2.5
565,2142,4.5
565,2126,4.5
565,2205,3.0
565,313,4.5
565,1132,2.5
565,147,3.0
565,687,3.5
565,1689,3.5
565,2263,2.5
565,707,5.0
565,1244,3.0
565,1181,5.0
565,159,5.0
565,2376,4.0
565,1844,4.5
565,176,3.0
565,17,4.5
565,285,3.0
566,1924,3.0
566,408,3.0
566,713,5.0
566,1795,3.5
566,318,3.0
566,1861,3.5
566,2186,2.0
566,282,3.5
566,1900,4.0
566,1044,3.0
566,537,3.0
566,2284,3.5
566,197,2.5
566,1093,4.0
566,263,2.5
566,1950,3.0
566,2445,3.0
566,538,3.5
566,45,1.0
566,1188,3.0
566,371,2.0
566,2383,4.0
566,1942,3.0
566,246,2.0
566,1515,4.0
566,331,1.5
566,1400,2.5
566,2146,3.5
566,323,5.0
566,822,3.0
567,1009,2.5
567,1928,3.5
567,1293,2.5
567,1282,2.5
567,111,3.0
567,1037,3.0
567,982,2.0
567,1106,2.5
567,455,3.0
567,446,4.0
567,2068,4.0
568,2285,3.0
568,1873,4.5
568,889,3.0
568,1004,4.0
568,1353,2.5
568,1096,3.5
568,1856,4.0
568,2238,2.5
568,1403,4.5
568,1779,3.0
568,1634,3.5
568,410,3.5
568,1697,3.0
568,2401,4.0
568,1943,4.0
568,539,2.5
569,2040,2.0
569,1007,3.0
569,2013,2.0
569,1176,3.5
569,5,3.0
569,1858,3.0
569,1920,5.0
569,810,3.5
569,1187,3.0
569,2451,3.0
569,2201,2.5
569,84,2.5
569,273,2.5
569,1627,4.0
569,137,2.5
569,1232,3.0
569,800,4.0
569,1466,4.0
569,690,3.0
569,1019,2.0
570,2022,3.0
570,1655,4.0
570,131,4.0
570,844,5.0
570,1241,4.0
570,2298,2.5
570,2326,1.5
570,1480,3.5
570,1935,3.0
570,816,3.5
570,132,3.5
570,1723,2.5
570,255,2.5
570,2169,3.0
570,2036,3.5
570,1400,3.5
571,1483,3.0
571,1513,3.5
571,1124,4.5
571,858,4.5
571,978,2.5
571,685,3.5
571,1774,3.0
571,984,5.0
571,1144,2.5
571,162,2.0
571,1949,3.5
571,983,3.0
571,1208,2.5
571,548,5.0
571,2241,2.5
571,218,4.0
571,249,4.5
571,2238,3.0
571,1087,4.5
571,1920,4.0
571,283,4.0
571,2378,4.5
571,1849,4.0
571,1241,3.0
571,348,3.0
571,490,4.0
572,1740,3.0
572,2173,1.5
572,1853,4.5
572,816,4.0
572,1394,3.5
572,977,4.0
572,1037,4.5
572,804,3.5
572,913,4.0
572,802,2.5
572,724,3.5
572,1803,3.0
572,2420,2.5
572,1478,3.0
572,2039,3.0
572,2330,1.5
572,394,2.5
572,2439,1.5
572,2096,3.5
572,109,3.0
572,2251,5.0
572,1998,3.0
572,1247,5.0
572,1661,4.5
572,1301,3.5
572,1237,4.5
572,1911,4.0
572,302,3.0
572,2253,3.5
572,1121,3.5
573,975,4.0
573,2197,2.5
573,1226,4.0
573,2112,4.5
573,1347,3.0
573,2169,3.5
573,1709,3.0
573,625,2.5
573,1594,2.5
573,290,2.5
573,1756,4.0
573,197,4.0
573,1242,2.5
573,600,5.0
573,949,3.5
573,888,2.0
573,1592,1.0
573,701,1.5
573,1737,2.5
573,2066,2.5
573,406,4.0
573,1473,3.5
574,42,3.5
574,1919,3.0
574,133,2.0
574,508,2.5
574,2496,4.0
574,1294,3.0
574,204,3.5
574,2128,3.0
574,911,4.0
574,481,3.5
574,829,2.5
574,245,4.0
574,116,4.5
574,443,3.0
574,1082,3.0
574,1723,2.5
574,1159,3.0
574,721,4.0
574,1628,1.0
574,828,3.5
574,788,3.0
574,633,4.0
574,1695,2.0
574,1777,3.5
574,576,3.0
574,781,4.0
574,211,4.5
575,2178,2.5
575,161,2.0
575,1537,3.5
575,30,3.5
575,180,2.5
575,866,2.5
575,1141,2.5
575,1232,4.0
575,1905,3.0
575,947,4.0
575,2311,3.5
576,2075,3.0
576,2374,2.5
576,443,4.0
576,1088,2.5
576,2128,2.0
576,10,2.5
576,2127,4.0
576,1249,3.0
576,1607,3.5
576,404,3.5
576,1097,3.5
576,140,3.0
576,1976,4.0
576,1886,2.0
576,2474,4.0
576,451,2.0
576,837,4.5
576,324,2.5
576,891,2.0
576,905,3.5
576,24,3.0
576,309,3.5
576,2198,2.0
576,1611,3.5
576,413,2.0
576,787,3.0
576,162,4.0
576,482,3.0
577,260,2.5
577,1141,2.5
577,862,2.0
577,466,4.0
577,1244,4.0
577,2437,4.0
577,2404,2.5
577,1154,5.0
577,822,4.5
577,293,3.5
577,815,1.5
577,2078,3.5
577,506,3.0
577,2189,2.5
577,1666,3.0
577,2339,5.0
577,1398,3.0
577,739,3.0
577,422,3.5
577,1444,3.0
577,1048,5.0
577,1981,4.5
577,2256,2.0
577,1466,3.0
577,473,2.5
577,1212,2.5
577,262,4.0
578,1601,4.0
578,278,3.0
578,352,4.5
578,2429,1.0
578,817,2.5
578,1162,4.0
578,264,3.5
578,1474,3.0
578,1134,2.0
578,841,3.5
578,1222,3.0
578,1867,2.0
578,768,2.5
578,1185,1.0
579,765,4.5
579,182,2.5
579,2257,3.5
579,2259,4.0
579,1744,3.5
579,2059,4.5
579,1456,3.0
579,1790,3.0
579,678,3.0
579,1695,2.5
579,1402,2.5
579,1774,4.0
579,820,5.0
579,2203,2.5
579,128,4.0
579,1291,2.5
579,2204,2.5
579,2198,3.5
579,155,2.0
580,503,2.5
580,170,2.5
580,114,5.0
580,1255,1.0
580,312,1.5
580,1425,3.0
580,1085,2.0
580,219,3.5
580,1145,1.5
580,1053,3.0
580,563,2.0
580,124,1.5
580,157,3.0
580,1399,3.5
580,2177,4.0
580,632,3.5
580,2240,2.5
580,139,3.5
580,228,3.0
580,1729,1.5
580,1230,3.0
580,864,3.5
580,770,3.0
580,2407,2.5
580,1488,3.0
580,2321,1.5
581,1608,4.0
581,413,3.5
581,127,3.0
581,1658,2.5
581,442,3.0
581,1627,4.0
581,1043,4.5
581,1197,3.5
581,503,5.0
581,1360,3.5
581,197,4.5
581,785,3.0
581,2470,2.5
581,1233,3.5
581,557,4.0
581,786,5.0
581,1733,2.5
581,2281,1.5
581,288,3.5
581,1988,2.5
581,849,5.0
581,2064,2.5
582,1912,3.0
582,1819,5.0
582,792,3.5
582,636,3.0
582,1146,3.0
582,121,2.0
582,2301,2.5
582,1705,3.0
582,1439,5.0
582,1218,3.0
582,2221,3.5
582,1257,3.0
582,1308,4.0
582,140,3.5
582,1184,3.0
582,1661,2.5
582,1486,3.0
582,1023,3.5
582,1965,3.0
582,913,3.5
582,1055,4.5
583,601,3.0
583,760,1.5
583,327,3.5
583,1021,2.5
583,1731,4.0
583,1038,3.0
583,1942,3.5
583,252,3.5
583,1715,3.5
583,2236,4.5
583,1502,4.5
583,384,3.0
583,1252,2.5
583,1758,3.5
583,818,2.0
584,2485,3.5
584,2096,4.0
584,560,5.0
584,2198,3.5
584,569,3.0
584,985,3.0
584,405,1.5
584,748,5.0
584,185,2.0
584,2137,3.5
584,1897,3.5
584,1846,2.0
584,1851,4.5
584,1551,2.5
584,2018,3.0
584,376,4.0
584,1128,2.5
584,1242,3.0
584,795,3.5
584,139,2.0
584,632,4.0
584,2035,4.0
584,2260,2.0
584,19,3.5
584,825,1.5
584,1036,4.0
585,211,3.5
585,1494,2.5
585,1970,1.5
585,1836,2.0
585,337,3.0
585,386,3.5
585,2360,5.0
585,1668,4.5
585,600,3.0
585,2300,4.5
586,106,2.5
586,502,2.5
586,1801,2.0
586,1028,3.5
586,174,2.0
586,2052,3.0
586,1794,3.5
586,558,3.5
586,681,1.0
586,1668,3.0
586,1896,4.5
586,516,3.0
586,1113,3.0
586,1126,3.0
586,1164,2.5
586,1732,5.0
586,545,3.0
586,2085,3.5
586,1175,2.0
586,2356,2.0
586,2221,2.5
586,536,4.0
586,945,2.0
586,1170,3.0
586,1681,3.0
586,614,4.0
587,588,3.5
587,2074,3.5
587,1442,3.0
587,503,3.5
587,238,3.5
587,1318,3.5
587,1447,1.0
587,2449,1.5
587,1598,2.5
587,2212,2.5
587,1540,2.5
587,2380,3.0
587,1790,3.0
587,50,2.0
587,1503,2.5
587,1596,4.5
587,55,1.5
588,1405,1.5
588,1284,5.0
588,929,4.0
588,2204,3.0
588,2065,4.5
588,2076,5.0
588,2253,4.5
588,508,3.0
588,479,3.0
588,1467,5.0
588,1952,4.5
588,95,4.0
588,916,5.0
588,896,1.5
588,977,2.5
588,927,4.0
588,1793,4.5
588,1598,5.0
588,772,4.0
588,1611,4.0
588,183,3.0
588,1268,3.5
588,2249,4.5
588,1373,5.0
588,316,4.0
588,1949,4.5
588,905,3.5
588,2470,4.0
589,595,3.5
589,2386,2.5
589,1510,2.5
589,1402,4.0
589,1680,3.0
589,1570,2.5
589,2063,1.5
589,331,3.0
589,848,4.0
589,1175,3.5
589,401,3.5
589,364,2.5
589,1072,2.0
589,1670,2.5
589,725,3.5
589,2369,2.5
589,2100,5.0
589,2142,2.5
589,163,2.0
589,368,2.0
589,55,2.5
589,1425,2.5
589,2268,1.0
589,1251,2.0
590,1498,3.5
590,309,2.0
590,662,3.5
590,2147,2.0
590,507,3.5
590,1341,3.5
590,1607,4.0
590,181,3.5
590,1611,2.0
590,666,3.5
590,1870,4.0
590,83,2.5
590,141,3.0
590,454,3.5
590,984,2.5
590,435,4.0
591,2414,1.5
591,1612,3.0
591,1096,2.5
591,1091,2.5
591,1849,3.0
591,1126,3.0
591,296,4.5
591,668,3.0
591,663,3.5
591,1085,2.5
591,875,3.5
591,332,2.5
591,1953,2.5
591,218,4.5
591,820,2.0
591,540,4.0
591,1029,4.5
591,1206,4.0
591,671,4.0
591,1120,3.0
591,1187,1.5
591,1142,2.0
591,2355,3.5
591,2173,4.0
591,400,3.0
592,2228,4.0
592,1415,3.0
592,1940,4.0
592,1648,4.0
592,2193,2.5
592,781,2.5
592,1785,1.5
592,901,3.0
592,191,3.5
592,1932,4.0
592,1028,3.0
593,459,2.5
593,1921,2.5
593,303,3.0
593,621,2.5
593,728,2.5
593,28,2.0
593,390,3.0
593,899,2.5
593,1075,3.5
593,1514,2.5
593,2152,3.5
593,488,2.5
593,2397,3.0
593,537,3.5
593,153,3.5
593,1792,3.5
593,2330,4.0
593,1993,5.0
593,651,3.5
593,400,2.0
593,413,3.5
593,586,2.5
593,1512,3.5
593,56,2.5
593,2488,3.0
593,251,4.0
593,1479,3.5
593,726,4.5
593,884,2.0
594,1329,2.5
594,2249,3.0
594,2194,2.0
594,1859,3.5
594,500,2.0
594,2041,3.5
594,2138,5.0
594,731,3.0
594,1916,3.0
594,1383,3.0
594,274,4.0
594,786,4.0
594,1822,4.5
594,284,4.0
594,2359,5.0
594,1202,2.5
594,1151,1.5
594,586,2.0
594,1895,4.5
594,2117,3.5
594,1853,3.0
594,300,4.0
594,1666,4.0
594,1458,2.0
594,2307,3.0
594,1171,5.0
594,2376,3.0
594,606,3.0
594,2297,2.5
594,903,5.0
595,145,4.0
595,1955,4.0
595,1958,3.5
595,1740,3.5
595,1778,4.0
595,120,1.5
595,2120,2.0
595,2232,4.0
595,1242,3.0
595,95,3.0
595,2099,2.5
595,643,2.5
595,1781,2.0
595,2090,3.5
595,1493,2.5
595,1950,2.5
596,704,3.0
596,1865,2.0
596,1658,1.5
596,1623,2.0
596,827,3.0
596,789,3.0
596,367,2.0
596,1688,4.0
596,1861,2.5
596,1485,4.0
596,2116,3.5
596,2061,3.5
596,279,4.0
596,293,1.0
597,1570,3.0
597,1927,1.5
597,2292,4.0
597,1323,4.0
597,627,3.0
597,1445,4.5
597,1234,4.0
597,1197,3.5
597,1481,3.0
597,1557,4.0
597,1900,1.0
597,621,4.5
597,2322,3.0
597,1801,3.0
597,2223,2.0
597,979,3.5
597,1140,3.0
597,1697,4.0
597,1048,3.5
597,2337,3.5
597,1093,2.5
597,2218,2.0
597,1239,2.5
597,62,1.5
598,244,3.5
598,114,4.0
598,116,3.0
598,1889,3.5
598,781,2.5
598,2137,5.0
598,1898,2.0
598,2314,4.0
598,1189,3.5
598,895,2.5
598,407,5.0
598,120,2.5
598,2341,3.0
598,1888,5.0
598,1518,3.0
598,918,3.0
598,966,3.0
598,1066,5.0
598,1862,4.5
598,158,2.5
598,834,3.0
598,628,2.5
598,2466,5.0
599,2334,3.0
599,6,2.5
599,2406,2.0
599,239,3.5
599,1048,4.0
599,1626,3.5
599,1835,2.5
599,1384,3.0
599,1266,2.0
599,1091,3.5
599,1082,3.0
599,1085,1.5
599,2470,3.5
599,1221,2.5
599,1661,3.0
599,1371,3.0
599,1081,2.0
600,220,1.0
600,776,5.0
600,62,2.0
600,789,5.0
600,560,3.5
600,1111,3.0
600,892,4.5
600,1660,3.5
600,1150,2.5
600,1738,2.5
600,1096,4.5
600,2108,2.5
600,1332,4.0
600,1275,2.0
600,972,3.0
601,183,4.5
601,230,3.5
601,2330,1.0
601,2081,4.0
601,34,2.0
601,1666,3.0
601,192,3.5
601,921,3.5
601,1690,4.5
601,2183,4.5
601,241,3.5
601,191,5.0
601,793,1.5
601,965,3.0
601,661,3.0
601,690,3.5
601,2112,2.0
601,682,2.0
601,1388,4.0
601,1508,3.5
601,713,3.0
601,2460,2.5
601,1138,3.5
601,2433,3.0
601,848,3.0
601,9,3.0
601,790,3.0
601,1798,2.5
601,1286,4.0
602,1121,4.5
602,1795,3.0
602,393,3.5
602,2095,3.5
602,881,2.5
602,1806,5.0
602,1131,4.5
602,1612,5.0
602,331,3.5
602,156,3.5
602,667,2.5
602,216,3.0
602,1614,5.0
602,1656,4.0
602,823,5.0
602,1169,3.5
603,2231,3.5
603,2177,2.0
603,2276,2.5
603,1187,4.0
603,290,3.5
603,2225,4.5
603,48,4.0
603,2071,4.5
603,864,2.5
603,141,3.5
603,1513,2.0
603,1378,3.0
603,154,3.0
603,521,4.5
603,2131,2.0
603,1607,5.0
603,335,2.0
603,2354,2.0
603,1037,3.5
603,927,3.0
603,369,3.0
603,1625,3.0
603,1783,4.0
603,1622,4.0
603,1646,1.5
603,2399,4.5
603,1798,3.5
603,935,3.0
603,2376,4.5
604,1342,3.0
604,2033,2.0
604,197,2.0
604,921,2.5
604,811,1.5
604,123,1.5
604,1712,2.5
604,494,2.0
604,2326,2.5
604,480,2.5
604,1448,2.0
604,255,4.5
604,2404,3.5
604,954,2.5
604,1953,3.5
604,2036,3.5
604,975,1.5
604,395,2.5
604,1798,3.0
604,914,3.5
604,963,3.0
604,933,3.5
604,974,4.5
604,1400,3.0
604,1939,3.0
604,2329,2.0
604,2398,2.0
604,810,2.0
604,2249,3.5
605,2078,4.5
605,1224,5.0
605,1442,3.5
605,1148,3.5
605,1601,3.0
605,1628,3.0
605,213,3.5
605,813,3.5
605,1791,2.0
605,458,3.5
605,239,3.5
605,2061,4.0
605,173,3.0
606,1918,2.5
606,704,3.0
606,413,3.5
606,1523,3.5
606,869,4.5
606,1454,3.0
606,1967,3.5
606,2229,2.5
606,181,3.0
606,1974,4.5
606,1321,5.0
606,1547,3.0
606,1420,3.0
606,2271,4.5
606,2089,3.5
606,2409,4.0
606,2084,2.0
606,1668,3.5
606,1629,4.0
606,1869,2.0
606,1939,3.0
606,896,3.0
606,355,2.0
606,2484,2.0
606,1135,4.5
606,1140,3.5
606,269,3.0
606,1528,3.5
606,2029,3.0
607,1383,2.0
607,1613,3.0
607,2251,5.0
607,2108,3.5
607,1521,5.0
607,763,2.0
607,653,2.0
607,467,3.0
607,2243,1.0
607,489,4.5
607,1204,3.0
607,2274,1.0
607,150,3.5
607,2129,5.0
607,782,2.0
607,1770,3.0
607,80,3.5
608,663,3.0
608,86,1.5
608,1009,2.0
608,1767,3.5
608,1173,3.0
608,343,2.5
608,1406,3.5
608,523,2.5
608,953,3.5
608,1724,3.5
608,1687,2.0
608,885,1.5
608,1119,3.0
608,2198,4.0
608,255,4.0
608,1943,3.0
608,1072,3.5
608,943,3.0
608,409,3.5
608,1055,3.0
608,22,2.0
608,59,1.5
608,479,3.0
608,175,3.5
608,1237,3.0
608,1492,2.0
608,1706,2.0
608,1822,2.0
609,2396,2.0
609,1455,2.0
609,1725,2.0
609,1835,2.0
609,1638,5.0
609,2245,2.5
609,2232,3.0
609,1044,3.5
609,899,4.0
609,250,2.5
609,1928,1.0
609,345,1.0
609,1409,3.5
609,1854,3.0
609,1986,2.0
609,1902,2.5
609,638,4.0
609,2194,4.0
609,354,3.5
609,1463,4.0
609,654,2.0
609,1802,4.0
609,2243,3.0
609,1309,3.5
609,132,2.5
609,1036,2.5
609,2224,2.0
610,66,2.5
610,167,3.0
610,2155,3.5
610,1280,4.5
610,808,3.5
610,1945,4.0
610,359,4.0
610,1977,4.5
610,1911,5.0
610,1798,5.0
610,164,4.0
610,1188,1.5
610,1861,3.0
610,229,2.5
610,1045,5.0
610,815,2.5
610,150,5.0
610,2001,4.5
610,943,4.0
610,1888,4.5
610,743,2.5
610,955,4.0
610,464,3.5
610,2032,4.0
610,1637,5.0
611,1665,2.0
611,1686,3.5
611,1752,2.5
611,1217,3.0
611,1638,4.0
611,1924,2.5
611,606,2.0
611,701,3.5
611,1160,2.5
611,1308,2.5
611,962,3.5
611,1831,4.5
611,15,2.5
611,49,2.0
611,411,2.0
611,1365,4.0
611,230,4.0
611,2145,1.5
611,597,1.0
611,2478,3.5
611,1224,2.0
611,997,2.5
611,2089,3.5
611,1754,3.0
611,1591,2.5
611,933,2.5
611,636,4.5
612,1808,5.0
612,1878,3.0
612,2256,3.5
612,1720,1.5
612,2335,5.0
612,1249,2.0
612,85,2.0
612,1770,2.5
612,1546,4.5
612,559,3.0
612,1075,3.5
612,754,3.0
612,292,3.0
612,808,4.5
612,2446,3.0
612,1982,3.0
612,1215,4.0
612,995,3.0
612,844,3.0
612,886,2.5
613,2075,3.5
613,1334,4.0
613,70,1.5
613,1021,4.0
613,1312,3.5
613,350,3.0
613,725,3.5
613,1375,3.0
613,1556,3.5
613,2433,3.0
613,1186,2.5
613,806,3.5
613,261,4.5
613,2172,2.5
613,253,4.5
613,1236,3.0
613,1856,4.0
613,1095,3.5
613,661,3.0
613,939,3.5
613,1736,3.5
613,2067,3.0
613,200,3.0
613,332,3.5
613,1811,2.5
614,1026,2.5
614,685,2.5
614,1190,3.0
614,813,2.5
614,1771,3.0
614,276,3.0
614,2248,1.5
614,1385,2.5
614,1105,3.5
614,1390,2.5
614,1226,2.5
614,1130,3.0
614,1095,3.0
614,2037,3.5
614,391,2.5
614,814,4.0
614,173,4.0
614,1350,3.0
614,365,2.5
614,1362,3.0
614,918,3.5
614,9,2.5
614,817,2.0
615,716,3.5
615,804,3.5
615,246,3.0
615,1677,3.0
615,1738,4.0
615,1180,4.5
615,1276,4.0
615,874,4.0
615,1704,3.5
615,1292,4.0
615,1210,3.5
615,2411,5.0
615,2177,4.0
615,1255,5.0
615,482,3.0
615,181,4.5
615,1853,3.0
615,742,3.0
615,273,4.0
615,1319,3.5
615,1936,3.0
615,2125,3.5
615,2248,4.0
615,1963,3.5
615,2466,5.0
615,2154,3.5
615,2488,3.0
615,1622,2.0
616,455,3.5
616,289,4.0
616,1605,4.5
616,1701,4.0
616,396,2.0
616,1646,3.5
616,1511,3.5
616,1446,5.0
616,2069,3.5
616,730,2.5
616,315,3.0
616,381,4.0
616,1937,2.5
616,1787,3.5
616,2286,3.0
616,2296,4.0
616,1677,2.5
616,188,3.0
616,2444,3.5
617,2466,3.5
617,1883,2.5
617,623,3.0
617,763,2.5
617,1688,3.5
617,2020,3.0
617,1947,4.0
617,2489,1.5
617,86,5.0
617,414,3.0
617,2140,4.5
617,2042,3.5
617,1764,4.0
617,631,3.5
617,1884,2.5
617,104,3.0
617,1075,3.5
617,395,5.0
617,1281,4.5
617,2285,5.0
617,2358,3.0
617,741,2.5
617,1107,4.5
617,264,3.5
617,2208,2.0
617,1308,3.5
617,2264,2.5
617,270,5.0
618,484,4.5
618,923,3.5
618,989,2.5
618,842,3.5
618,2225,4.0
618,345,5.0
618,557,4.0
618,1702,3.0
618,1511,4.5
618,131,2.5
618,183,5.0
618,1910,3.0
618,2426,3.5
618,2244,4.0
618,1317,5.0
618,1275,5.0
618,1761,3.5
618,1587,4.5
618,11,5.0
618,1393,5.0
618,2316,3.5
618,1142,4.5
618,2423,4.5
618,1818,3.0
618,1882,2.5
619,2488,3.5
619,1918,3.5
619,950,4.5
619,2452,4.0
619,1252,2.0
619,2174,3.0
619,167,4.0
619,865,3.0
619,2490,3.0
619,1816,2.5
619,471,3.5
619,37,4.0
619,2447,3.0
619,1247,3.5
619,9,2.5
619,1289,4.0
619,2067,3.0
619,1425,3.0
619,268,3.0
619,2460,2.5
619,1599,4.5
619,1302,3.5
620,1622,3.5
620,47,2.0
620,1292,4.5
620,2318,3.0
620,2336,3.0
620,1009,4.0
620,712,3.5
620,142,3.0
620,2280,3.0
620,2417,4.0
620,2033,2.0
620,2354,3.5
620,1773,4.0
620,1864,5.0
620,1033,2.5
620,1408,2.5
620,1288,4.0
620,1119,4.5
620,749,3.5
620,135,4.5
620,586,3.0
620,1489,3.0
620,1689,4.0
620,1866,4.0
620,916,3.0
620,1550,3.5
620,1098,2.0
621,1658,3.0
621,2466,3.5
621,156,3.0
621,2440,4.0
621,1886,4.0
621,1762,3.0
621,1824,2.5
621,2048,3.5
621,2112,2.0
621,2002,4.5
622,1236,4.0
622,909,4.0
622,874,5.0
622,2204,3.5
622,496,3.0
622,1417,2.0
622,2134,4.0
622,795,3.0
622,252,3.5
622,1149,2.0
622,996,4.0
622,1517,2.5
622,109,4.0
622,1593,4.0
622,2031,2.0
622,42,3.5
622,931,3.5
622,553,4.0
622,194,5.0
622,586,3.0
622,1436,4.5
622,475,2.5
622,1718,3.5
622,1618,2.5
622,936,3.5
622,2046,4.0
622,2166,3.5
622,204,3.0
623,2493,4.5
623,763,2.0
623,1738,4.0
623,386,2.5
623,1094,3.0
623,1121,1.5
623,992,3.0
623,2098,4.0
623,1864,3.5
623,1052,4.0
623,209,5.0
623,2465,1.0
623,865,3.0
623,1031,3.0
623,1811,3.5
624,846,4.5
624,785,3.0
624,2301,4.0
624,998,3.0
624,2414,2.5
624,2271,1.5
624,153,4.0
624,337,2.5
624,1899,4.0
624,1205,3.5
624,437,4.0
624,902,2.0
624,986,3.5
624,1018,2.5
624,409,2.5
624,1193,3.0
624,398,3.0
625,580,2.0
625,1960,4.0
625,168,4.0
625,166,2.5
625,1652,4.5
625,801,4.0
625,1701,3.5
625,2474,4.0
625,1415,3.0
625,1384,4.5
625,441,3.5
625,2036,2.0
625,993,3.5
625,29,4.5
625,1715,4.0
625,266,4.0
625,186,4.0
625,1794,2.5
626,2026,4.5
626,144,4.5
626,224,2.0
626,2295,2.5
626,2076,4.5
626,1300,3.0
626,1968,3.0
626,839,3.0
626,2462,2.5
626,1896,2.0
626,2142,2.5
626,639,2.5
626,348,3.0
626,1568,3.0
626,1548,1.5
626,282,2.5
626,2094,3.0
626,1188,2.5
626,2200,2.0
626,1485,2.0
626,1849,3.0
626,363,2.5
626,2259,4.0
626,1843,3.0
626,1613,2.0
626,2459,1.5
627,1101,3.5
627,1687,3.5
627,111,5.0
627,1901,2.0
627,1373,3.5
627,924,3.0
627,475,3.5
627,442,3.5
627,1953,4.5
627,206,5.0
627,2061,4.5
627,2045,5.0
627,321,3.0
627,361,4.0
627,1985,3.5
627,386,2.0
627,2470,4.5
627,954,3.0
627,1863,3.0
627,37,3.0
627,536,5.0
627,2048,2.5
628,1883,4.0
628,1656,2.0
628,726,2.0
628,1194,4.0
628,1243,3.5
628,273,2.0
628,1920,3.5
628,2061,4.5
628,2247,5.0
628,676,5.0
628,872,4.5
628,1316,3.5
628,794,4.5
628,2137,2.0
628,908,4.5
628,1919,4.0
628,714,4.0
629,1906,4.0
629,2037,2.0
629,2266,2.5
629,1358,3.5
629,711,1.5
629,1197,1.0
629,2450,3.5
629,1676,3.5
629,1551,4.5
629,1752,2.0
630,2273,2.5
630,903,4.0
630,68,3.0
630,2304,2.5
630,981,3.0
630,931,3.0
630,204,3.5
630,650,3.5
630,1789,4.0
630,1866,3.0
630,1207,3.0
630,299,3.0
630,1036,3.0
630,1087,2.5
630,1127,4.0
630,261,4.0
630,1757,3.5
630,857,3.0
630,1080,3.0
630,1296,3.5
630,1430,2.5
630,1696,2.5
630,1467,3.0
630,2258,2.0
630,645,2.0
630,1899,3.0
630,359,4.5
630,101,3.0
631,993,2.5
631,2362,4.0
631,1798,4.5
631,2249,2.5
631,983,4.0
631,1241,4.0
631,2170,4.5
631,964,3.5
631,1596,3.5
631,2191,3.5
631,1942,5.0
631,691,2.5
631,399,4.0
631,901,4.5
631,1023,4.0
631,2446,3.0
631,1395,3.5
631,2219,2.5
631,2128,1.5
631,1653,4.0
632,2344,5.0
632,4,2.5
632,786,4.5
632,2022,3.0
632,1905,2.5
632,781,4.5
632,2418,4.0
632,1730,1.5
632,1291,3.0
632,1121,3.5
632,1334,5.0
632,1129,2.0
632,1293,3.0
632,1168,3.0
632,2248,4.5
632,1201,3.5
632,2288,3.0
632,298,5.0
632,260,3.5
632,699,3.0
632,79,4.5
632,1808,4.0
632,1257,5.0
632,1465,3.0
632,1545,3.0
632,1777,4.0
632,2078,3.0
632,600,4.0
633,304,1.5
633,1422,3.5
633,2275,4.0
633,1055,1.5
633,214,3.5
633,2399,3.5
633,376,2.5
633,156,3.0
633,1647,4.0
633,1577,2.5
633,1839,3.0
633,1263,3.0
633,395,3.0
633,719,3.0
633,2068,2.5
633,1080,4.0
633,1750,3.0
633,405,4.5
633,947,2.0
633,2296,3.5
634,555,1.0
634,1498,4.0
634,839,3.5
634,948,1.5
634,826,3.0
634,476,3.0
634,562,3.5
634,538,4.5
634,1132,3.5
634,1223,5.0
634,2045,3.0
634,1194,3.0
634,2272,2.5
634,396,3.0
634,1098,2.5
634,926,3.0
634,66,4.5
634,519,3.0
634,893,5.0
634,781,2.5
635,301,4.5
635,2321,4.0
635,1564,3.5
635,742,3.0
635,1234,4.0
635,373,3.0
635,14,4.0
635,2416,3.5
635,2359,3.5
635,855,5.0
635,167,3.0
635,513,4.5
635,514,5.0
635,1800,3.0
635,1865,2.5
635,2100,2.5
635,1214,2.0
635,2071,2.0
635,787,4.0
635,1177,3.0
635,1005,3.0
635,1059,2.5
635,440,2.0
635,1311,5.0
635,571,4.5
635,133,4.0
635,81,3.5
636,1985,3.5
636,606,4.0
636,1460,3.0
636,505,2.5
636,180,3.5
636,2091,3.0
636,2287,3.5
636,2345,4.5
636,1122,2.5
636,684,1.5
636,345,3.0
636,2107,3.0
636,377,4.0
636,481,2.5
636,1438,2.5
636,1321,4.5
636,963,3.0
636,1868,3.0
636,1039,2.5
636,947,4.0
636,1744,2.5
636,573,2.5
636,2254,4.0
636,634,1.5
636,884,3.0
636,1790,2.5
636,833,3.0
636,730,2.5
637,176,2.5
637,932,4.0
637,2118,3.0
637,211,3.0
637,439,3.0
637,1127,4.5
637,1353,3.0
637,1638,3.0
637,1631,3.0
637,355,4.0
637,1838,3.0
637,1160,5.0
637,388,2.0
637,895,5.0
637,821,4.0
637,835,2.5
637,680,4.0
637,857,2.5
637,1147,5.0
638,1142,3.5
638,354,3.5
638,187,3.5
638,1584,2.0
638,1784,2.0
638,1923,2.0
638,2483,2.0
638,30,2.0
638,2340,1.0
638,1458,3.5
638,1587,3.0
638,861,1.5
638,1133,1.5
639,1794,3.5
639,548,4.5
639,1284,2.0
639,2212,3.0
639,661,1.0
639,119,4.5
639,2228,3.0
639,2156,4.0
639,2395,1.5
639,382,2.0
640,1915,3.0
640,1967,5.0
640,470,3.5
640,145,3.0
640,1695,3.5
640,1511,3.0
640,497,3.5
640,1919,2.5
640,2469,2.5
640,837,2.0
640,1838,3.0
640,1990,3.5
640,654,2.0
640,392,3.5
640,558,2.0
640,1011,3.0
640,1877,2.0
640,2047,5.0
640,1532,1.5
640,1741,4.0
640,581,3.5
640,1207,4.0
640,576,4.0
641,2288,2.5
641,2405,4.0
641,2067,4.0
641,2217,3.0
641,402,2.5
641,1250,4.5
641,828,3.0
641,819,3.5
641,85,3.0
641,185,3.5
641,1788,4.0
641,1767,1.0
641,801,2.5
641,338,3.0
641,2305,4.0
641,262,3.5
641,1205,3.5
641,1732,3.0
641,2433,3.0
641,1426,3.5
641,742,4.5
641,1537,4.0
641,1111,4.0
641,1699,2.0
641,2061,4.0
641,2347,4.5
642,1688,4.5
642,1815,2.5
642,2434,2.5
642,1299,2.5
642,646,3.5
642,1647,4.0
642,1640,4.0
642,1181,3.5
642,2238,1.0
642,44,2.5
642,413,2.5
642,1939,5.0
642,1303,4.5
642,1329,2.5
642,2459,3.0
642,679,3.0
642,1624,4.0
642,153,4.0
642,1735,3.0
642,1010,3.5
642,422,4.0
642,2467,4.5
642,1205,4.0
642,764,4.0
643,2165,3.5
643,785,3.0
643,2148,1.5
643,2438,3.0
643,2052,2.0
643,1971,3.5
643,28,2.5
643,1806,4.0
643,1853,3.0
643,2447,2.0
643,2068,2.0
643,1596,3.5
643,772,2.0
643,1273,2.5
643,275,2.5
643,654,2.5
643,420,2.0
644,20,2.0
644,32,4.0
644,2288,4.0
644,658,4.5
644,1597,4.5
644,1554,3.0
644,314,3.5
644,1243,2.5
644,2319,4.0
644,843,3.5
644,286,3.5
644,485,3.0
644,953,3.5
644,1139,4.5
644,988,4.5
644,724,2.5
644,2086,3.0
644,594,4.0
644,2105,3.0
644,1332,4.0
644,2156,4.0
644,350,2.5
644,1777,3.5
644,1810,2.5
644,1296,3.0
644,1679,3.0
644,1763,3.0
644,2239,2.0
644,2352,3.5
645,984,3.5
645,649,2.5
645,1192,3.5
645,1598,2.5
645,1389,4.5
645,2144,2.0
645,1056,3.5
645,1759,3.0
645,2154,4.0
645,1859,3.5
645,1335,2.5
645,1266,2.0
646,1697,5.0
646,1581,1.5
646,1281,3.0
646,1416,2.5
646,1501,3.0
646,1840,4.0
646,1272,4.5
646,2421,3.0
646,1409,3.5
646,728,3.0
646,1579,2.5
646,1510,3.5
646,26,4.5
646,534,4.0
646,776,4.5
646,90,3.5
646,2489,5.0
647,1558,2.0
647,1453,4.5
647,592,3.5
647,818,3.5
647,906,3.0
647,2312,3.5
647,2403,2.5
647,1537,3.0
647,2169,4.5
647,888,2.5
647,918,2.0
647,309,3.0
647,1681,5.0
647,2051,2.5
647,1362,3.0
647,1161,4.0
647,1492,3.0
647,758,3.5
647,2091,2.0
647,1480,5.0
647,60,5.0
647,2007,5.0
647,1762,5.0
647,350,4.5
647,1570,3.5
647,993,2.5
647,1408,3.5
647,2148,4.0
647,185,3.5
647,1719,3.5
648,1610,2.0
648,1267,3.5
648,1355,2.5
648,1749,3.5
648,755,2.0
648,1888,3.0
648,465,3.0
648,48,4.0
648,296,4.0
648,1019,3.5
648,1284,2.5
648,1230,4.0
648,1434,1.5
648,2286,1.5
648,2368,3.0
648,1784,2.5
648,1666,3.5
648,2353,2.5
648,450,2.5
648,1679,3.0
648,1614,2.5
648,2116,3.0
648,1768,4.5
648,1150,4.5
648,2495,4.0
649,448,3.0
649,1047,4.5
649,428,4.0
649,1524,2.0
649,2474,3.0
649,710,3.5
649,1030,2.5
649,1319,2.0
649,1109,1.5
649,1245,3.0
649,1422,2.5
649,758,2.0
649,1766,4.5
649,1269,3.5
649,778,3.0
649,1325,1.0
649,1716,2.0
649,1960,5.0
649,311,3.5
649,2293,3.5
649,638,2.5
649,2241,5.0
649,1941,2.5
649,1020,2.0
649,487,4.0
649,1480,4.0
649,44,4.0
649,1049,2.5
650,1685,3.5
650,1274,3.0
650,1911,4.5
650,711,2.5
650,1070,3.5
650,1367,2.5
650,754,2.5
650,1721,3.5
650,783,4.0
650,624,4.0
650,768,2.5
650,1611,4.5
650,1724,3.0
650,1867,2.5
650,2011,3.0
650,1056,4.0
650,141,2.5
650,191,2.0
650,827,3.5
650,896,4.0
650,298,3.0
650,2304,3.5
650,1282,4.0
650,2470,2.0
650,2027,5.0
650,823,3.0
650,501,1.5
650,712,2.5
650,1705,3.5
650,1160,3.0
651,619,2.5
651,1765,3.0
651,250,3.0
651,1303,3.5
651,883,3.0
651,1968,5.0
651,273,4.5
651,2086,2.5
651,585,5.0
651,2215,2.5
651,1167,3.0
651,2407,3.5
651,1326,1.0
651,885,4.0
651,592,3.5
652,1172,4.0
652,777,3.5
652,876,4.0
652,2144,3.5
652,763,2.0
652,2009,2.5
652,527,3.0
652,2328,1.5
652,638,3.0
652,941,2.0
652,2236,3.0
652,2064,2.5
652,1774,3.0
652,2387,2.0
652,616,5.0
652,560,2.5
652,2001,3.5
652,2295,4.5
652,50,1.5
652,1873,4.5
652,817,3.0
652,2173,3.5
652,1736,3.0
652,241,2.0
652,1199,1.5
652,1459,3.5
652,1217,1.5
652,2267,3.0
652,1584,3.5
652,2021,2.5
653,982,4.0
653,433,3.0
653,703,4.0
653,1829,1.0
653,1536,4.5
653,352,4.5
653,2299,3.0
653,1326,3.5
653,1110,4.0
653,1560,3.5
653,1936,3.5
653,508,3.0
653,1912,3.0
653,1176,3.5
653,2142,3.5
653,517,2.5
653,568,4.5
653,2184,3.0
653,1711,4.5
653,1216,3.0
653,1515,2.5
653,2337,4.0
654,1750,2.0
654,2306,2.0
654,1719,2.5
654,991,4.0
654,1308,4.0
654,1624,2.0
654,225,3.0
654,487,2.5
654,1400,4.0
654,91,2.5
654,2363,2.5
654,19,2.0
654,1640,3.0
655,1634,3.0
655,620,2.0
655,1791,2.5
655,1248,3.5
655,2321,2.0
655,1023,3.0
655,1644,4.0
655,1353,2.5
655,1550,3.5
655,2097,2.5
655,1388,4.0
655,852,3.5
655,1481,3.0
655,2343,3.0
655,1691,4.0
655,2216,3.0
655,1016,3.5
655,279,3.0
655,1225,2.5
655,732,2.0
655,729,4.0
655,1473,4.5
655,376,3.0
655,1622,4.5
655,720,3.5
655,413,4.0
655,1800,2.5
656,473,3.0
656,550,4.0
656,418,3.5
656,1910,4.5
656,654,2.5
656,1937,4.5
656,2421,3.0
656,2279,4.5
656,2355,3.0
656,1028,4.5
657,2220,3.0
657,2147,4.5
657,240,3.0
657,254,2.5
657,1453,2.0
657,1590,4.5
657,386,3.5
657,2309,3.5
657,1365,3.0
657,1827,2.5
657,1352,3.5
657,1338,4.5
658,555,3.5
658,2053,4.0
658,1369,2.0
658,1224,3.0
658,2020,4.5
658,590,3.0
658,267,2.5
658,1916,4.5
658,1038,3.5
658,1554,2.0
658,1040,2.0
658,190,2.5
658,503,4.5
658,412,5.0
658,1407,2.5
658,1322,2.5
658,1852,2.5
658,2164,3.0
659,1905,3.5
659,1949,4.0
659,1354,4.0
659,1621,3.5
659,43,3.0
659,927,2.5
659,2445,3.0
659,1047,4.5
659,2068,3.5
659,1148,3.5
659,352,3.0
659,2152,3.0
659,345,3.0
659,2185,3.0
659,1694,3.0
659,573,3.5
659,1511,2.0
659,994,3.0
659,2392,2.0
659,1261,3.0
659,796,1.5
659,1385,3.5
659,336,3.0
660,318,3.5
660,2012,1.0
660,2220,1.5
660,812,2.0
660,2219,3.0
660,2024,4.5
660,145,3.0
660,531,2.0
660,2145,3.5
660,2325,3.0
660,40,4.5
661,1569,2.5
661,1971,3.0
661,698,5.0
661,1603,3.5
661,1947,4.0
661,2115,4.0
661,1552,2.5
661,264,4.5
661,64,3.0
661,400,3.0
661,1196,1.5
661,1415,3.5
661,594,3.5
661,2283,3.0
661,51,3.5
661,2487,4.0
661,2279,3.0
661,2104,2.5
661,1470,5.0
662,2362,3.5
662,1165,3.0
662,488,2.0
662,249,3.0
662,900,4.5
662,662,2.5
662,1527,5.0
662,758,3.0
662,67,3.0
662,1349,4.5
662,1383,4.0
662,2215,4.0
663,502,4.0
663,1619,4.5
663,1720,3.5
663,623,3.0
663,1406,5.0
663,1803,2.0
663,438,3.0
663,103,2.5
663,2177,3.5
663,714,3.0
663,1358,4.5
663,2217,2.5
663,942,5.0
663,1725,3.0
663,1337,4.5
663,2151,3.5
663,1041,2.0
664,659,5.0
664,855,3.5
664,38,5.0
664,2129,2.5
664,1033,3.5
664,1700,3.5
664,2325,4.5
664,2214,3.0
664,950,3.0
664,955,3.0
665,114,5.0
665,2397,3.5
665,2224,3.0
665,282,4.0
665,2110,4.0
665,1720,2.0
665,1812,3.0
665,1,5.0
665,1369,2.0
665,314,5.0
666,2320,3.0
666,2034,3.0
666,1340,2.0
666,2380,4.5
666,1242,2.5
666,1285,4.5
666,2152,2.0
666,2096,3.5
666,1867,4.0
666,464,2.0
666,1781,3.0
666,104,2.5
666,142,4.0
666,2023,5.0
666,2458,2.5
666,1782,1.5
666,33,3.0
666,1481,2.5
667,2130,2.5
667,2422,4.5
667,1553,2.0
667,1566,3.0
667,3,1.5
667,338,2.5
667,1600,3.5
667,243,2.5
667,1408,2.5
667,463,3.0
667,1675,3.5
667,2152,3.5
667,562,2.5
667,747,4.0
668,266,3.0
668,1740,2.5
668,1438,4.0
668,357,3.0
668,225,2.5
668,1488,2.5
668,640,4.0
668,349,4.0
668,648,3.5
668,1308,3.5
668,1646,4.0
668,964,4.5
668,1242,2.5
668,1312,4.5
668,1262,3.5
669,1162,5.0
669,89,4.0
669,2397,2.5
669,231,3.0
669,1423,3.0
669,782,3.0
669,397,4.0
669,951,5.0
669,365,3.5
669,699,4.0
670,1461,3.5
670,1573,2.5
670,2156,2.0
670,1299,3.0
670,453,4.0
670,2386,3.0
670,2087,3.5
670,314,4.0
670,988,2.5
670,1679,1.0
670,1924,1.5
670,1235,3.0
671,1817,1.5
671,1986,4.5
671,856,3.5
671,134,3.5
671,132,2.5
671,2107,3.5
671,1107,4.5
671,286,4.0
671,455,3.0
671,1637,3.0
671,73,4.0
671,1418,2.5
671,1549,5.0
671,1532,3.5
671,2474,1.0
671,746,4.5
671,1273,3.5
671,1136,3.5
671,814,5.0
671,766,4.0
671,1249,4.0
671,1638,4.5
671,1860,3.5
672,1077,2.5
672,2440,4.0
672,146,3.5
672,1676,3.5
672,2043,4.5
672,1381,3.0
672,990,4.0
672,177,3.0
672,1735,2.5
672,1895,3.0
672,1145,5.0
672,1141,3.5
672,964,4.0
672,3,4.0
673,1299,2.5
673,793,3.5
673,467,3.0
673,2112,5.0
673,577,3.0
673,1123,2.5
673,2187,4.0
673,917,2.5
673,247,4.5
673,61,2.0
673,1197,4.0
673,1384,4.0
673,2097,3.5
673,362,2.0
673,1382,2.5
673,2424,3.5
673,534,3.0
673,1764,3.5
673,1976,2.0
673,2182,3.5
673,1166,3.0
673,1901,4.5
673,1184,4.0
673,287,5.0
673,305,3.0
674,2494,4.0
674,2223,2.5
674,1308,2.0
674,544,4.0
674,1368,3.5
674,819,3.0
674,2185,3.0
674,199,2.5
674,849,2.5
674,1657,2.5
674,1244,1.5
674,908,3.5
674,86,3.0
674,443,2.5
674,546,5.0
674,106,3.5
674,1090,3.5
675,1135,3.0
675,458,4.5
675,364,2.0
675,533,3.5
675,444,1.5
675,1931,3.5
675,1494,2.5
675,1166,2.5
675,1079,3.5
675,2376,5.0
675,1157,3.0
675,903,4.0
675,943,5.0
675,1058,4.0
675,974,3.0
675,344,3.0
675,254,5.0
675,274,4.5
675,1081,3.5
675,2173,3.5
675,2095,3.0
675,2193,3.0
675,525,4.5
675,601,4.5
676,1507,4.0
676,2451,3.0
676,1860,2.5
676,878,3.5
676,2031,3.0
676,473,2.5
676,2358,3.5
676,192,1.5
676,496,3.0
676,1239,3.0
676,1581,2.0
676,317,3.5
676,1802,2.5
676,2411,1.5
676,1773,4.0
676,546,3.0
676,1642,2.5
676,2158,4.0
676,707,3.5
676,1717,2.5
677,562,5.0
677,1304,3.5
677,1436,3.0
677,2437,1.5
677,1431,3.0
677,1999,2.0
677,708,3.0
677,887,3.5
677,2197,2.5
677,1347,3.5
677,1050,3.0
677,951,3.0
677,1728,3.0
677,2115,4.0
677,97,2.0
677,765,2.5
677,1327,3.5
677,1325,4.0
677,908,3.5
677,929,3.5
678,2142,4.0
678,763,4.5
678,1420,3.5
678,2443,3.5
678,2238,2.5
678,63,2.0
678,2291,3.0
678,420,5.0
678,2380,3.0
678,1659,1.5
679,2159,3.0
679,81,2.5
679,608,3.0
679,805,3.0
679,2220,2.5
679,1722,1.0
679,66,3.5
679,363,3.0
679,989,2.5
679,2081,2.5
679,1027,4.0
679,1360,3.5
680,10,2.5
680,302,3.5
680,2203,2.5
680,561,3.5
680,1276,2.0
680,290,2.5
680,499,2.5
680,1627,3.5
680,1922,2.0
680,253,3.0
680,1944,3.0
680,1331,2.5
680,1458,3.0
680,837,3.0
680,1320,1.0
680,353,3.0
680,5,3.0
680,144,3.5
680,1483,3.0
680,1420,2.5
680,866,3.0
680,542,3.0
680,2032,3.0
680,2198,3.0
680,2297,2.0
681,1825,3.5
681,1761,2.0
681,2306,2.0
681,878,3.5
681,1444,2.5
681,2278,3.0
681,283,4.5
681,2239,3.0
681,390,3.0
681,1893,4.0
682,481,2.0
682,275,5.0
682,776,4.0
682,648,2.5
682,1989,2.0
682,2067,2.5
682,586,3.0
682,2064,4.0
682,993,2.0
682,881,2.0
682,14,3.5
682,321,3.5
682,962,3.0
682,1645,4.0
682,129,3.0
682,983,4.5
682,959,2.5
682,989,3.0
682,864,4.5
682,1069,3.0
683,1132,3.0
683,1134,3.5
683,2296,2.0
683,779,3.5
683,2183,3.5
683,2293,4.0
683,1635,3.0
683,1698,2.5
683,1137,5.0
683,343,1.0
683,369,5.0
684,2007,3.0
684,835,1.5
684,1764,2.0
684,1254,1.5
684,1808,2.5
684,134,3.0
684,541,2.5
684,2476,5.0
684,201,3.0
684,2204,4.0
684,450,3.5
684,336,3.5
684,1023,2.5
684,995,3.0
684,241,2.5
684,1873,3.0
684,1054,4.0
684,457,4.0
684,2469,3.0
684,1020,2.5
685,1918,3.0
685,740,2.5
685,1664,3.5
685,1166,3.5
685,2326,2.5
685,339,3.0
685,1264,2.5
685,845,4.0
685,517,3.5
685,184,3.0
685,1287,2.0
685,478,4.0
685,1165,3.5
685,1240,3.0
685,2004,2.5
685,1603,4.0
685,275,4.0
685,2453,5.0
685,2207,4.5
685,409,3.5
685,1770,2.5
685,956,3.5
686,177,3.0
686,2053,3.0
686,2274,1.5
686,486,3.5
686,1829,2.0
686,1797,3.5
686,2111,3.0
686,1791,2.5
686,414,2.5
686,1494,2.0
686,1347,3.0
686,2397,2.0
686,1199,3.5
686,660,2.5
686,2415,5.0
686,1872,1.0
686,1050,2.5
687,1340,2.0
687,2367,3.0
687,1498,5.0
687,2124,3.5
687,1139,2.5
687,2016,3.0
687,485,2.5
687,1901,4.5
687,2308,2.5
687,2270,2.5
687,1984,3.0
687,2137,3.5
687,273,2.5
687,2088,2.5
688,1400,2.0
688,1895,3.5
688,1581,3.0
688,835,2.0
688,2120,1.5
688,2218,2.0
688,417,2.5
688,1424,3.0
688,1349,4.0
688,2431,3.0
688,1876,3.0
688,930,3.0
688,2156,2.0
688,512,1.5
688,2019,3.0
688,114,2.0
688,527,3.5
688,1712,2.5
688,684,2.5
688,940,3.5
688,1701,3.5
688,2475,2.0
688,499,1.0
688,1767,4.0
688,1288,2.5
688,1480,2.5
688,2194,3.0
688,1789,4.5
688,2334,2.5
688,546,3.0
689,278,3.5
689,2458,2.0
689,989,4.5
689,1163,2.5
689,1047,3.0
689,1595,3.0
689,1842,3.5
689,2156,3.0
689,258,4.0
689,226,2.5
689,1187,4.5
689,1616,3.0
689,1555,3.0
689,2352,3.5
689,2150,4.5
689,1205,2.5
689,1605,4.5
689,2453,5.0
689,1653,5.0
689,974,3.0
689,2339,4.5
689,892,3.5
689,92,3.5
689,2109,3.5
690,1843,2.0
690,1181,3.0
690,1325,3.5
690,1709,2.5
690,2333,2.5
690,1221,1.5
690,1824,3.0
690,2123,2.5
690,1589,3.0
690,1631,3.0
690,1233,3.5
690,1859,3.5
690,895,3.0
690,301,3.0
690,2353,2.5
691,10,3.0
691,1427,2.5
691,1362,3.0
691,1978,3.5
691,1722,3.5
691,1579,3.0
691,1378,5.0
691,183,3.0
691,2114,2.5
691,1711,4.5
691,1066,2.0
691,2411,2.0
691,868,3.5
691,19,2.0
691,301,2.0
691,893,2.5
691,164,2.0
691,1615,2.5
692,1807,3.5
692,14,4.0
692,1234,3.5
692,544,2.5
692,1850,4.0
692,461,3.0
692,285,2.0
692,258,3.0
692,573,3.0
692,235,2.5
692,1229,5.0
692,417,3.0
692,1207,3.5
692,226,3.5
692,1620,5.0
692,1008,3.0
692,1981,3.5
692,513,2.5
692,392,5.0
693,1312,3.0
693,2282,3.0
693,2378,4.0
693,906,3.0
693,225,3.5
693,1215,4.5
693,2444,4.0
693,271,4.0
693,666,3.0
693,1163,2.0
693,2297,3.5
693,130,3.5
693,575,3.5
693,1366,2.0
693,1726,4.0
693,600,3.0
693,2371,3.0
693,2382,4.5
693,1869,2.0
693,1966,3.0
693,738,4.0
693,1399,3.5
693,2067,5.0
694,679,3.5
694,752,3.5
694,1810,3.5
694,278,4.0
694,812,3.0
694,1048,3.0
694,794,3.0
694,1682,4.5
694,427,4.0
694,291,3.5
694,722,4.5
694,970,3.5
694,1149,4.0
694,1019,2.5
694,1760,3.0
694,130,4.5
694,339,3.0
694,1641,2.5
695,1934,2.0
695,1665,2.0
695,1328,3.0
695,2424,3.0
695,624,3.5
695,1297,4.5
695,1426,3.5
695,2499,2.0
695,55,3.0
695,653,3.0
695,572,4.0
695,365,2.5
695,1955,2.5
695,1967,5.0
695,1710,1.5
695,130,4.5
695,1080,2.5
695,1266,3.5
695,1178,3.5
695,1296,1.0
695,1579,5.0
695,139,4.0
696,1135,2.5
696,129,2.5
696,1437,4.5
696,1656,5.0
696,2221,2.0
696,2065,1.5
696,2207,5.0
696,1181,5.0
696,2015,2.5
696,1034,2.5
696,99,5.0
696,244,4.0
696,1134,3.5
696,1911,2.5
696,2044,4.5
696,100,4.5
696,2296,2.5
696,1710,4.5
697,602,3.0
697,908,1.5
697,920,2.0
697,1657,5.0
697,2161,3.0
697,1392,4.0
697,1713,4.0
697,1899,4.0
697,1434,4.0
697,1533,4.0
697,1114,5.0
697,2351,3.0
697,1284,3.5
697,2008,3.0
697,856,2.5
697,2355,3.5
697,1388,3.0
697,2096,2.5
697,1778,5.0
697,1315,3.0
698,181,2.5
698,1760,2.5
698,1125,3.0
698,584,4.5
698,1874,4.0
698,1902,2.0
698,892,3.5
698,1021,4.5
698,1732,4.5
698,1225,2.5
698,199,3.5
698,1612,4.0
698,802,3.0
698,1804,3.5
698,983,4.5
698,346,4.0
698,1083,2.0
698,406,5.0
698,2115,4.0
698,918,4.5
698,1203,2.5
698,2439,4.0
698,991,3.5
698,2218,4.0
698,253,2.5
698,900,4.5
698,1542,4.0
698,2281,2.5
698,1737,4.0
698,1220,2.0
699,1181,2.5
699,410,4.5
699,2226,4.0
699,910,4.5
699,842,2.5
699,1507,2.0
699,1653,5.0
699,1880,1.5
699,303,2.5
699,2241,3.0
699,302,3.5
699,1234,4.0
699,2437,4.5
699,894,5.0
699,1887,2.5
699,2463,4.0
699,943,4.0
699,1800,3.0
699,631,5.0
699,1187,2.5
699,1028,1.5
699,654,2.5
699,960,3.0
699,2218,5.0
699,9,4.5
699,613,4.5
699,791,2.5
699,1421,2.5
700,362,2.0
700,1086,4.5
700,2427,3.5
700,1571,3.0
700,2414,2.0
700,673,2.0
700,1054,5.0
700,1145,2.5
700,924,2.5
700,2346,4.0
700,1754,4.5
700,1050,4.0
700,774,2.5
700,460,1.5
700,1738,3.0
701,224,2.0
701,2086,3.5
701,186,2.0
701,2486,2.5
701,2178,4.0
701,232,3.5
701,1131,4.0
701,1927,5.0
701,968,2.0
701,5,4.0
701,1051,1.5
701,2498,3.0
701,2456,2.5
701,1186,3.5
701,1670,4.0
701,1307,3.5
701,1455,2.5
701,108,3.5
701,928,2.5
701,789,2.5
701,1243,3.0
701,1856,4.0
702,1487,1.5
702,1248,2.5
702,354,3.5
702,1874,2.0
702,2079,4.0
702,936,2.5
702,577,3.5
702,2228,3.0
702,2395,2.5
702,1028,3.0
702,250,2.5
703,1578,3.0
703,385,4.5
703,2356,2.5
703,1565,3.0
703,1479,4.0
703,771,2.0
703,57,4.0
703,1988,4.0
703,66,4.0
703,612,2.5
703,1983,4.5
704,1483,3.0
704,1152,2.0
704,367,2.0
704,1972,3.5
704,262,2.5
704,1376,3.0
704,2277,2.5
704,1005,3.5
704,1789,2.5
704,510,2.0
704,1168,3.5
704,2357,3.0
704,1661,3.0
704,1569,3.5
704,1936,4.5
704,741,2.0
704,1346,3.5
704,155,2.5
704,652,2.0
704,1324,4.0
704,288,3.0
704,749,2.5
704,522,3.0
704,593,3.0
704,1191,2.0
704,2268,3.0
704,1054,4.0
705,763,2.5
705,1631,3.5
705,495,4.0
705,614,4.0
705,1866,2.5
705,227,3.5
705,837,3.5
705,971,3.0
705,278,3.5
705,670,3.0
705,1555,2.5
705,1463,3.0
705,2034,3.0
705,1220,1.0
705,394,1.5
705,2329,3.0
705,1074,3.0
706,690,3.5
706,329,1.5
706,1221,5.0
706,972,2.5
706,650,5.0
706,1873,5.0
706,632,4.5
706,1508,3.0
706,249,4.0
706,1885,3.5
706,1925,4.0
706,297,3.5
706,2443,4.0
706,2089,2.5
706,2500,2.0
706,587,2.0
706,2112,4.0
706,903,2.5
706,1950,4.5
706,2336,2.5
706,961,4.0
706,2472,3.5
706,330,2.5
706,1503,2.0
706,723,3.5
706,775,3.5
706,1101,4.5
706,893,2.5
706,2220,2.5
706,1743,4.0
707,1143,5.0
707,863,2.0
707,1668,3.0
707,740,4.0
707,1201,3.0
707,1242,4.5
707,1381,3.5
707,2295,4.5
707,1984,4.0
707,1811,3.0
707,1026,3.5
707,1084,2.5
707,2068,3.5
707,108,3.5
707,97,2.5
707,719,2.0
707,75,3.5
707,1665,4.5
707,535,2.5
707,1360,4.0
707,2230,3.5
707,2477,3.0
707,1830,3.0
707,1729,5.0
707,1155,3.0
707,960,3.5
707,801,3.0
707,2048,3.0
708,2456,4.0
708,1816,3.0
708,1373,3.5
708,1689,2.0
708,317,5.0
708,1632,4.5
708,673,1.5
708,297,3.5
708,1084,3.0
708,1071,5.0
708,2435,2.5
708,2301,3.5
708,351,1.5
708,1538,3.5
708,1487,3.5
708,1953,5.0
708,864,3.5
708,1654,4.0
709,457,3.5
709,1216,2.5
709,1214,3.0
709,2187,4.5
709,2380,3.5
709,1209,4.0
709,2275,4.0
709,2006,2.0
709,1401,3.0
709,1824,4.5
709,1960,4.0
709,1896,5.0
709,1409,4.0
709,1560,4.0
709,986,2.5
709,1299,4.5
709,358,2.0
709,2149,2.0
709,696,5.0
709,1726,3.0
709,1070,4.0
709,1774,5.0
710,1082,5.0
710,1019,4.0
710,481,2.5
710,114,2.5
710,897,2.0
710,1622,5.0
710,690,3.0
710,996,2.5
710,1823,3.0
710,1846,3.0
710,2021,2.0
710,1999,2.5
710,936,4.0
710,1837,4.5
710,1511,3.0
710,692,2.0
710,1839,2.0
710,1118,3.5
710,1909,3.5
710,383,4.0
710,927,2.5
711,454,4.5
711,1204,3.0
711,1307,2.5
711,808,5.0
711,2434,2.0
711,1801,3.0
711,2412,3.5
711,2311,2.5
711,1945,5.0
711,2205,3.0
711,883,3.0
711,2444,4.0
711,1426,4.5
711,943,3.0
711,2016,3.0
711,2430,4.0
711,998,4.5
711,2464,4.5
711,1503,3.5
711,467,3.0
711,405,3.5
711,1064,4.0
712,1999,3.0
712,375,3.0
712,2459,5.0
712,19,3.0
712,2122,2.5
712,2458,4.5
712,342,3.0
712,2167,4.0
712,1464,2.5
712,1908,1.5
712,1028,3.0
712,507,3.5
712,1739,2.0
712,1334,4.0
712,240,2.5
712,2316,2.0
712,25,2.5
712,1219,4.5
712,650,4.5
712,123,5.0
712,2038,3.5
712,1357,4.0
713,866,2.5
713,2366,3.5
713,808,3.0
713,1300,4.5
713,2343,4.5
713,98,3.0
713,536,5.0
713,138,4.0
713,1795,2.5
713,1559,3.5
713,298,4.5
713,378,4.0
713,1862,3.5
713,1764,3.5
713,919,2.5
713,422,3.5
713,1575,2.5
713,2236,3.5
713,2172,3.5
713,1095,3.0
713,353,4.5
714,44,5.0
714,736,2.0
714,391,4.5
714,553,3.0
714,2242,2.0
714,1184,3.0
714,762,3.5
714,780,1.0
714,1010,3.0
714,1212,2.0
714,743,4.0
714,2299,3.0
714,1920,2.0
714,436,3.0
714,561,2.5
714,1540,4.0
714,1418,3.5
714,2410,3.0
714,906,4.0
714,192,4.0
714,117,3.5
714,2274,2.5
714,1748,4.5
714,2491,4.0
714,2074,5.0
714,2234,3.0
715,80,4.0
715,1592,3.0
715,1302,4.0
715,1511,3.5
715,1322,3.5
715,1100,3.5
715,819,3.0
715,1036,4.0
715,1287,4.0
715,213,2.5
715,252,2.5
715,1346,3.0
715,1567,3.0
715,823,3.0
715,390,2.5
715,1225,3.5
715,1238,3.0
715,1590,4.5
716,1870,4.5
716,2220,3.0
716,1653,4.0
716,909,3.5
716,2128,2.5
716,1576,5.0
716,264,4.0
716,1917,3.5
716,1976,2.5
716,2022,3.5
716,1941,3.0
717,550,4.5
717,2201,3.0
717,970,3.5
717,573,2.5
717,2209,2.5
717,2434,3.0
717,1820,2.0
717,964,4.0
717,560,5.0
717,2354,3.5
717,1284,2.5
717,1796,3.0
717,1257,3.5
717,1156,5.0
717,2103,5.0
717,1548,3.0
717,1774,3.0
717,2329,5.0
717,248,3.5
717,2093,3.0
717,1828,4.5
717,2260,2.5
717,2023,3.5
717,39,2.5
717,366,3.5
717,2401,2.0
718,337,4.0
718,242,1.5
718,2037,3.0
718,2018,2.5
718,1889,2.0
718,1778,1.5
718,1752,4.0
718,1271,3.0
718,2379,1.0
718,188,5.0
718,2140,3.0
718,99,2.5
719,75,2.0
719,339,2.5
719,699,3.0
719,250,3.5
719,327,5.0
719,1871,2.5
719,1060,4.0
719,1135,3.5
719,1460,2.5
719,476,4.0
719,2327,5.0
719,2129,5.0
719,2378,3.5
719,2271,3.0
719,295,4.0
719,203,5.0
719,2455,3.0
719,2195,4.0
719,1933,2.0
720,104,2.5
720,1594,3.5
720,1505,4.0
720,176,3.5
720,2368,4.5
720,2176,4.0
720,1151,2.5
720,996,4.0
720,2046,2.5
720,2049,3.5
720,1085,3.5
720,2446,3.0
720,1267,3.0
720,515,2.0
720,2135,4.5
720,1291,5.0
720,1454,2.5
721,176,3.0
721,1065,1.5
721,34,3.0
721,1627,2.0
721,1943,3.5
721,1090,3.5
721,1441,4.5
721,1816,3.5
721,693,5.0
721,763,2.5
721,1713,2.5
721,621,3.5
722,2304,4.0
722,1889,3.5
722,721,3.0
722,2130,5.0
722,742,5.0
722,1538,2.0
722,246,4.0
722,1075,5.0
722,1473,3.0
722,1836,4.5
722,726,5.0
722,557,5.0
722,24,3.5
722,1777,2.5
722,1447,2.5
722,409,3.0
722,2496,4.0
722,1124,3.0
722,1998,5.0
722,1521,2.5
722,638,3.0
722,1923,4.5
722,1729,3.5
722,2361,5.0
723,1877,4.0
723,255,3.0
723,239,5.0
723,2100,2.0
723,269,3.0
723,2390,3.5
723,1476,3.0
723,1666,3.5
723,1041,4.0
723,2258,2.0
723,398,4.0
723,1908,2.5
723,1205,4.0
723,2270,3.0
724,1669,3.5
724,1402,2.5
724,297,1.5
724,1851,4.0
724,2046,1.5
724,2097,3.5
724,984,5.0
724,1135,2.5
724,1073,3.0
724,172,3.5
724,1181,3.0
724,2327,4.0
724,797,4.0
724,1347,3.5
724,1773,3.5
724,2091,3.0
724,2419,2.5
724,1199,2.5
724,2155,3.5
724,2252,2.0
724,914,1.5
724,415,3.0
724,1376,4.0
724,1983,3.0
725,837,2.5
725,638,3.0
725,2131,3.0
725,1482,4.0
725,1378,4.0
725,1661,3.0
725,547,2.5
725,2350,3.0
725,1025,3.5
725,1601,4.0
725,1658,3.0
725,77,4.0
725,783,4.0
725,1573,3.5
725,1077,2.0
725,676,2.0
725,1690,2.0
725,2468,2.0
725,1329,3.5
725,1345,4.0
725,132,5.0
725,2012,2.5
725,1401,3.0
725,2241,4.0
725,1053,2.5
725,342,2.5
725,746,3.0
726,643,4.0
726,1458,3.5
726,2307,4.0
726,1018,4.0
726,336,2.5
726,1929,3.5
726,2271,4.5
726,525,5.0
726,2029,4.5
726,95,5.0
726,212,3.5
726,2140,3.0
726,367,1.5
726,1126,4.0
726,999,3.5
726,419,3.5
726,1291,3.0
726,1978,3.0
726,305,3.5
726,1460,2.0
726,1803,3.0
726,2168,3.0
726,775,2.5
726,1341,5.0
726,105,5.0
726,483,4.0
726,1158,3.5
726,519,4.0
727,2286,4.0
727,621,4.5
727,1905,4.5
727,1203,3.0
727,1913,2.5
727,1505,3.5
727,2386,3.0
727,1144,3.0
727,2047,3.5
727,434,3.0
727,2499,3.0
727,118,4.0
727,1784,3.5
727,1711,4.0
727,2306,2.0
727,1782,3.5
727,1438,3.5
727,1349,2.0
727,70,2.0
727,2054,4.0
727,1463,3.5
727,1094,2.5
727,136,3.5
728,950,3.5
728,2133,3.5
728,844,4.0
728,910,3.5
728,1561,3.0
728,1741,4.0
728,932,2.0
728,752,2.0
728,2286,3.0
728,1584,4.0
729,1407,2.5
729,2295,3.0
729,1084,1.5
729,1541,3.5
729,1311,4.5
729,1715,3.0
729,71,3.5
729,1839,4.0
729,2072,4.0
729,1182,3.0
729,712,3.0
729,1262,1.5
729,1771,3.0
729,561,3.0
729,1111,3.0
729,737,3.5
729,1447,2.5
729,2196,3.5
729,895,4.0
729,2462,4.0
729,308,2.0
729,139,3.5
729,1993,3.0
730,993,1.0
730,573,4.0
730,966,4.5
730,2206,3.0
730,692,2.5
730,779,4.5
730,190,3.5
730,2458,3.0
730,1716,3.0
730,1674,5.0
731,2138,3.5
731,437,4.0
731,1424,3.0
731,46,2.5
731,1098,3.0
731,485,2.0
731,166,3.0
731,1675,2.0
731,754,2.5
731,1383,3.0
731,727,3.0
731,1836,4.0
731,1874,4.0
731,447,3.0
731,1011,3.5
731,333,2.0
731,537,2.0
731,1803,4.0
731,651,2.0
731,943,4.0
731,1172,3.0
731,816,3.5
731,1833,4.0
731,1296,4.0
732,1243,3.0
732,694,1.5
732,435,3.5
732,2157,3.5
732,2304,2.5
732,1772,4.0
732,2361,3.0
732,1674,2.0
732,602,3.0
732,2062,4.5
732,1276,2.5
732,2172,3.5
732,239,3.5
733,1048,2.5
733,2052,3.5
733,2202,4.5
733,2467,4.5
733,518,3.0
733,270,4.0
733,1155,5.0
733,1036,2.5
733,491,1.5
733,774,3.5
733,888,3.0
733,1627,5.0
733,1457,3.0
733,81,5.0
733,2145,3.5
733,922,3.0
733,2348,4.0
733,1394,4.5
733,1227,4.5
733,1019,3.5
733,1941,2.0
733,1814,4.0
733,2137,2.5
733,2189,1.0
733,142,3.5
733,17,2.0
734,989,3.0
734,937,3.0
734,2255,3.5
734,520,3.0
734,2175,3.5
734,668,3.0
734,459,3.0
734,851,4.0
734,1134,1.0
734,376,5.0
734,1450,3.5
734,107,2.5
734,1129,3.0
734,1980,3.5
734,682,3.0
734,755,3.5
734,1495,4.0
734,402,3.5
734,968,2.5
734,1683,2.0
734,759,3.0
735,1333,3.0
735,314,2.0
735,1581,5.0
735,586,2.5
735,738,5.0
735,629,3.0
735,2102,3.5
735,1363,4.5
735,1326,3.0
735,2450,2.0
735,1010,2.0
735,1955,3.5
735,505,2.5
735,909,1.5
735,645,4.0
735,336,4.0
735,1420,3.0
735,1448,3.0
735,1976,2.5
735,2430,1.0
735,1201,3.5
735,1446,4.0
735,657,2.0
735,611,3.0
735,1705,3.0
736,2357,4.0
736,1852,4.0
736,1061,2.0
736,188,4.0
736,1492,4.0
736,2195,4.5
736,360,3.0
736,869,3.5
736,899,3.0
736,835,2.5
736,14,4.0
736,1799,5.0
736,1673,4.0
737,2242,3.0
737,1216,2.0
737,326,5.0
737,797,2.5
737,459,2.5
737,1535,3.0
737,1955,2.5
737,1289,2.5
737,1369,3.5
737,1841,4.0
737,2402,2.5
737,738,3.5
737,2199,3.5
737,2409,2.5
737,633,2.5
737,825,4.0
737,1208,5.0
737,1976,1.0
737,969,4.0
737,668,2.5
737,2298,5.0
737,337,3.5
737,2368,3.5
737,145,2.5
737,2457,5.0
737,2494,2.5
737,1974,4.5
737,2343,2.5
737,280,4.0
737,2324,1.5
738,1947,3.5
738,1533,2.5
738,1977,2.0
738,32,2.5
738,1534,3.0
738,1656,4.5
738,644,3.5
738,305,2.5
738,1722,2.5
738,67,4.5
738,812,3.0
738,1615,4.0
738,1720,3.5
738,2240,2.0
738,1652,2.5
738,1074,2.5
738,1682,4.0
738,210,3.5
738,704,1.5
738,94,2.5
738,1315,3.0
738,2153,5.0
738,1693,3.5
738,2391,2.0
738,1049,3.5
738,836,2.5
738,688,3.5
738,822,2.0
739,98,4.0
739,2409,4.0
739,1245,3.0
739,980,5.0
739,2101,5.0
739,361,5.0
739,576,4.0
739,1916,3.5
739,2095,4.5
739,732,3.0
739,1088,2.5
739,1491,2.5
739,554,5.0
739,1401,4.0
740,1362,2.0
740,593,3.0
740,115,3.0
740,1835,3.0
740,671,3.5
740,1848,5.0
740,412,2.5
740,597,2.0
740,1697,2.5
740,2145,4.0
740,140,4.5
740,1769,3.5
740,377,5.0
740,1132,3.0
740,1542,3.5
740,185,2.5
741,851,3.5
741,869,3.5
741,48,4.0
741,1583,5.0
741,2337,3.5
741,1967,4.5
741,2276,3.0
741,1594,2.5
741,2468,4.5
741,2063,3.0
741,2076,2.5
741,2134,3.0
741,598,5.0
741,1910,2.0
741,778,3.0
741,209,4.0
741,1500,3.0
741,2345,2.5
741,1648,3.5
741,279,2.5
741,2312,1.0
741,1726,3.0
741,753,3.0
741,1333,5.0
741,1894,4.5
741,2225,4.5
741,1724,4.0
742,1557,2.0
742,59,5.0
742,627,3.5
742,255,2.5
742,1911,3.5
742,2202,3.0
742,735,4.0
742,972,1.5
742,1078,2.5
742,993,3.5
742,1585,3.0
742,1731,4.0
742,1336,4.5
743,1002,3.0
743,411,3.0
743,1031,5.0
743,1747,2.5
743,837,4.0
743,550,2.0
743,37,4.5
743,2499,2.0
743,1552,3.5
743,2455,4.0
743,925,2.0
743,2310,3.5
743,1337,2.0
743,185,3.0
743,2171,3.5
743,1220,4.5
743,952,2.5
743,1077,5.0
743,88,3.0
743,217,2.5
743,1197,2.0
743,101,2.5
743,1111,3.5
743,2102,1.5
743,1918,2.0
743,2344,3.5
744,1096,3.5
744,1873,3.0
744,300,3.0
744,1736,3.5
744,1098,3.5
744,815,3.5
744,2350,4.0
744,621,3.5
744,899,3.5
744,256,2.5
744,124,2.5
744,2122,2.5
744,1686,3.0
744,46,4.5
744,548,3.5
744,115,3.0
744,286,4.5
744,181,2.5
744,254,3.5
744,1443,2.5
745,1051,3.0
745,1174,3.0
745,773,2.5
745,1546,2.5
745,225,2.0
745,1332,3.0
745,776,3.0
745,1830,4.5
745,891,3.0
745,390,2.0
745,337,2.0
745,2044,3.0
745,1864,3.5
745,2017,2.5
745,77,3.5
745,1991,2.0
745,1023,3.0
745,1124,2.0
745,1105,3.5
745,1712,3.5
745,2492,3.0
745,2361,3.0
745,1496,3.0
746,2477,5.0
746,1014,2.5
746,1144,4.0
746,2021,4.0
746,1320,5.0
746,1943,3.0
746,1474,4.5
746,2249,3.5
746,772,3.5
746,2384,3.0
746,63,2.5
746,1032,4.0
746,1905,2.5
746,1822,3.5
746,559,3.5
746,1374,3.5
746,743,5.0
746,1386,4.5
746,1319,3.0
746,1556,4.0
747,2297,3.0
747,1901,3.5
747,312,2.5
747,284,3.5
747,827,2.5
747,454,2.5
747,1367,2.5
747,7,3.0
747,504,1.5
747,2419,3.0
747,2302,3.0
747,341,4.0
747,568,3.0
747,723,3.5
747,2092,5.0
747,2245,3.0
747,1242,2.5
747,621,3.0
747,1790,3.0
748,346,3.5
748,2320,2.5
748,383,4.5
748,448,2.0
748,1725,4.0
748,516,3.0
748,1387,1.5
748,1259,3.0
748,2349,3.0
748,627,2.0
748,1783,2.5
748,1627,2.5
748,1641,4.5
748,608,2.5
748,1713,4.0
749,874,4.0
749,1325,3.5
749,79,3.0
749,1437,2.5
749,1406,1.0
749,1753,3.5
749,1903,3.0
749,986,3.5
749,1707,2.5
749,1072,2.0
749,1205,2.5
749,2481,4.0
749,1888,3.5
749,1640,2.5
749,2289,1.0
749,2154,1.0
749,126,4.5
749,1948,3.0
749,2373,2.0
749,867,2.5
749,1870,3.5
749,1617,3.5
749,882,2.0
749,2420,2.0
750,707,3.0
750,1149,2.0
750,2236,3.5
750,1710,3.0
750,2285,2.5
750,401,1.5
750,876,3.5
750,607,2.5
750,18,3.5
750,1179,3.5
750,1698,2.0
750,1291,4.5
750,541,3.5
750,2278,3.0
750,1468,4.0
750,1600,3.0
750,2287,2.0
751,71,2.5
751,2302,5.0
751,1160,4.0
751,670,2.5
751,441,4.0
751,519,2.5
751,1461,3.5
751,589,1.0
751,1671,5.0
751,403,3.5
751,577,3.0
751,1613,2.0
751,1927,2.5
751,1,3.0
751,68,3.5
751,2013,4.0
751,717,3.5
751,223,3.5
751,2374,1.5
751,1087,4.5
751,229,4.5
751,1306,3.5
751,513,4.0
752,720,4.5
752,1869,3.0
752,983,5.0
752,713,3.5
752,243,3.0
752,2443,3.5
752,1536,3.5
752,2325,3.5
752,1011,2.5
752,2483,3.5
752,1046,2.5
753,467,3.5
753,1260,3.0
753,2117,4.0
753,2283,5.0
753,1823,3.0
753,1048,5.0
753,1060,3.5
753,2303,4.5
753,1271,3.0
753,1949,3.5
753,1476,3.5
753,2116,3.5
753,2260,4.0
753,2000,3.5
753,362,3.0
753,2404,2.5
753,764,2.0
753,1187,4.5
753,237,4.0
753,2357,5.0
753,661,4.0
753,924,4.5
753,2254,3.0
753,403,2.5
753,1653,5.0
753,1400,3.5
754,939,4.0
754,1057,3.0
754,155,3.0
754,2243,4.0
754,1307,3.0
754,324,3.5
754,1586,3.5
754,129,3.0
754,2075,1.5
754,309,3.0
754,1262,3.5
754,38,2.5
754,790,2.5
754,1498,3.0
754,1208,4.0
754,1287,3.5
754,1871,3.0
754,1379,3.5
754,1031,3.5
754,1269,1.0
754,2069,3.0
754,1095,4.0
754,133,2.5
754,1858,4.5
754,1939,4.0
754,852,3.5
754,1779,3.0
754,676,4.0
754,363,2.0
755,1036,5.0
755,2433,2.5
755,2389,4.5
755,2012,2.5
755,205,3.5
755,1673,2.5
755,1424,3.0
755,2122,3.0
755,244,5.0
755,1901,3.0
755,2125,3.0
755,1181,3.0
755,668,3.0
755,2163,3.0
755,231,4.0
755,1646,3.5
755,717,3.0
755,580,5.0
755,660,5.0
755,2300,5.0
755,105,4.0
755,1276,2.0
755,2429,3.5
755,675,3.5
755,556,5.0
755,1361,3.5
755,1604,3.0
755,1972,3.5
755,108,2.5
756,2038,5.0
756,23,3.0
756,907,3.0
756,2133,2.0
756,1275,2.0
756,291,2.5
756,2395,2.5
756,694,3.0
756,1856,3.5
756,956,3.5
756,2194,3.0
756,490,2.5
756,2307,3.5
756,1616,3.5
757,508,3.0
757,1770,3.5
757,217,4.5
757,2035,4.0
757,1757,3.0
757,2253,4.0
757,1018,5.0
757,1522,3.5
757,138,3.5
757,1541,1.5
757,1713,3.5
757,25,3.0
757,773,4.5
757,2493,2.5
757,600,3.5
757,1716,2.5
757,1904,1.5
757,644,3.0
757,1861,3.0
757,1324,3.0
757,1993,2.5
757,1020,4.5
757,351,1.5
757,1434,2.5
758,111,3.0
758,290,2.5
758,1906,3.0
758,116,3.0
758,2397,2.5
758,1558,3.5
758,1635,3.5
758,171,4.0
758,2167,2.5
758,1080,4.5
758,335,2.0
758,294,2.5
758,1135,2.5
758,1026,2.0
758,2290,4.5
758,1461,4.0
758,991,3.0
759,1902,2.5
759,1165,4.0
759,1687,3.0
759,515,4.0
759,1800,2.5
759,724,3.0
759,2366,2.5
759,2265,4.0
759,904,2.5
759,73,3.0
759,743,3.0
759,1512,3.5
759,2147,3.0
759,1820,4.5
759,691,3.0
759,1390,1.5
759,1427,3.5
759,1356,2.0
759,43,3.0
759,1878,2.5
759,2230,4.0
759,1838,2.5
759,2229,3.0
759,627,3.0
759,1642,3.5
759,1732,2.5
759,1486,4.5
759,1885,3.5
759,1508,2.0
759,1741,3.0
760,2323,4.0
760,1578,3.5
760,944,3.0
760,2095,3.0
760,1903,3.0
760,2465,3.0
760,929,2.5
760,145,4.5
760,1645,4.0
760,858,2.0
760,478,4.5
760,1710,2.5
760,1131,3.0
760,38,3.5
760,633,4.0
760,178,4.0
760,2068,3.0
760,1468,4.0
760,624,2.5
760,1473,4.0
760,2081,3.0
760,1121,3.0
760,1974,3.5
760,1674,3.0
761,2154,4.0
761,818,4.5
761,1063,4.0
761,1432,1.5
761,1399,4.0
761,1801,2.5
761,1969,4.0
761,1836,4.0
761,1676,2.0
761,1581,3.5
761,877,3.5
761,1885,3.5
761,1168,2.5
761,1417,4.5
761,1133,2.0
761,1079,5.0
761,2016,1.5
761,2472,3.0
761,4,3.5
761,1522,2.5
761,2400,4.0
761,356,4.0
761,2403,3.5
761,185,3.0
761,1975,4.0
761,1095,3.5
761,604,5.0
761,974,5.0
761,1912,4.5
762,1805,2.5
762,729,4.0
762,585,2.0
762,1180,2.5
762,1744,5.0
762,1722,3.5
762,1456,4.0
762,2263,4.5
762,110,1.0
762,1537,3.0
762,2147,1.5
762,348,2.5
762,810,4.0
762,1820,2.0
762,565,3.0
762,1711,2.5
762,96,2.5
762,979,3.0
762,218,2.5
762,1657,3.0
762,2115,5.0
762,59,2.0
762,899,3.5
762,752,2.5
762,455,3.5
763,1937,4.0
763,1032,5.0
763,1785,3.5
763,2224,3.5
763,1582,2.0
763,1753,3.0
763,1677,3.5
763,320,3.0
763,1767,3.0
763,1152,3.0
763,778,4.0
763,2343,4.0
763,1513,3.5
763,592,2.5
763,1711,4.0
763,2335,4.0
763,1628,4.5
763,114,3.0
763,97,3.0
763,776,3.0
763,1085,4.0
763,293,5.0
763,2478,4.0
763,830,1.5
763,53,3.5
763,252,4.0
763,643,2.5
763,1820,1.5
764,2106,3.0
764,2286,2.0
764,394,4.0
764,1444,2.5
764,488,4.0
764,1584,5.0
764,1984,3.0
764,1515,3.5
764,1131,2.0
764,597,2.5
764,1886,3.0
764,373,2.5
764,2326,4.0
764,2178,2.5
764,1800,4.5
764,1220,3.0
764,1649,3.0
764,916,2.0
764,878,3.0
765,713,3.5
765,1121,3.0
765,2325,4.5
765,2257,2.5
765,723,3.0
765,287,2.5
765,135,4.0
765,1086,2.5
765,2417,2.0
765,1964,3.0
765,1194,2.5
765,825,2.5
765,1608,3.0
765,23,3.0
765,1482,3.0
765,511,4.0
765,2365,4.0
765,776,3.5
765,1492,4.5
765,2043,5.0
765,1371,3.0
765,1988,3.5
766,1429,3.0
766,1403,4.0
766,2096,3.5
766,370,2.0
766,2450,3.5
766,71,3.0
766,2108,3.0
766,1021,3.5
766,909,4.5
766,2302,3.0
766,1920,3.0
766,1816,4.0
766,497,4.0
766,243,4.0
766,391,3.0
766,1248,4.0
766,1095,4.0
766,2001,3.0
766,2161,4.0
766,2415,3.0
766,925,3.0
766,47,2.5
766,815,3.5
766,1010,4.0
767,827,3.0
767,719,4.5
767,1925,4.0
767,1616,5.0
767,2391,3.0
767,1361,3.0
767,2416,4.0
767,2313,3.0
767,1833,5.0
767,594,1.5
767,785,3.0
767,708,3.0
767,584,2.5
767,1958,5.0
767,2004,3.5
767,1975,3.5
768,1691,4.0
768,2336,4.5
768,1165,5.0
768,1807,3.5
768,1062,2.5
768,2275,2.0
768,74,2.0
768,2232,4.0
768,868,4.0
768,1198,5.0
768,267,3.5
769,1215,1.5
769,1698,3.0
769,57,3.5
769,1225,2.5
769,203,3.0
769,84,1.5
769,1051,4.0
769,1789,3.0
769,576,3.0
769,170,4.5
769,1675,3.0
769,2389,3.0
769,1794,3.0
769,535,3.0
769,167,3.5
769,311,3.0
769,531,4.0
769,1934,3.0
769,676,4.0
769,675,3.5
770,2481,3.5
770,524,3.0
770,1428,3.5
770,21,4.0
770,923,2.5
770,2347,3.0
770,1836,2.0
770,1140,3.5
770,360,2.5
770,1112,4.5
770,1527,4.0
770,1935,3.0
770,936,4.0
770,1522,2.5
770,2377,2.0
771,1813,4.5
771,2472,3.0
771,63,4.0
771,815,3.0
771,393,4.0
771,368,2.5
771,1231,3.5
771,1361,3.5
771,1899,2.5
771,2451,3.0
771,1953,3.0
771,1062,2.5
771,973,4.5
771,132,1.0
771,1508,3.5
771,1826,4.5
771,1612,2.5
771,1619,3.0
771,1592,4.5
772,1605,5.0
772,77,4.0
772,2384,4.0
772,119,2.0
772,1556,3.5
772,1572,4.5
772,2458,3.5
772,283,5.0
772,1178,3.0
772,1198,3.0
772,641,4.5
772,1499,3.0
772,1690,3.0
772,2247,4.0
772,1011,3.5
772,1932,5.0
772,2243,4.5
773,1448,2.5
773,1916,3.5
773,1723,3.0
773,1894,2.0
773,1860,3.0
773,106,2.0
773,752,1.5
773,1001,2.0
773,1486,4.5
773,1435,3.0
773,1333,1.0
773,2030,4.5
773,2442,2.5
773,765,2.5
773,1856,4.0
774,709,2.5
774,2121,3.5
774,1140,3.0
774,783,2.0
774,799,3.0
774,2056,3.0
774,1860,4.5
774,2328,3.5
774,1108,3.0
774,998,4.0
774,951,3.5
774,1164,4.5
774,2310,3.0
774,1186,3.5
774,261,4.5
774,2234,2.0
774,1348,3.5
774,2049,4.5
774,2002,2.0
775,1384,4.0
775,1912,2.5
775,2334,3.0
775,703,2.0
775,1627,4.0
775,711,3.0
775,2033,2.5
775,2386,3.5
775,2102,3.5
775,2321,2.5
775,1153,3.5
775,1866,2.5
775,984,2.0
776,11,3.0
776,1729,5.0
776,1574,3.0
776,1098,5.0
776,705,3.5
776,1230,3.5
776,1305,4.0
776,271,4.0
776,1509,5.0
776,1759,3.0
776,2049,3.5
776,2324,1.5
776,2447,5.0
776,865,4.5
776,1006,4.5
776,997,2.0
776,1483,1.5
777,2111,5.0
777,1888,3.0
777,2232,4.0
777,486,3.5
777,1051,1.5
777,93,2.5
777,1358,4.0
777,86,3.5
777,549,4.0
777,2454,3.5
777,1560,2.5
777,2231,4.0
777,1162,3.5
777,1901,4.0
777,1892,2.5
777,2472,4.5
777,371,2.0
777,1205,2.0
777,178,3.5
777,541,2.5
777,1590,2.0
777,2350,2.5
777,1782,3.5
777,1253,2.5
777,1021,2.5
777,2098,3.5
778,2180,5.0
778,984,5.0
778,2279,3.0
778,621,3.5
778,1672,4.5
778,1437,3.5
778,58,3.0
778,544,3.5
778,1940,1.5
778,704,3.0
778,2328,3.0
778,2090,3.0
778,2082,4.0
778,234,2.5
778,2116,3.5
778,1545,4.0
778,1561,1.5
778,580,3.5
778,2026,4.5
778,1908,2.5
779,1397,3.5
779,85,4.5
779,1741,4.5
779,1928,2.0
779,2337,2.5
779,790,3.5
779,446,2.0
779,785,4.0
779,271,3.0
779,807,2.5
779,2058,1.5
779,452,4.0
779,540,4.5
780,2396,2.5
780,151,4.5
780,570,5.0
780,1456,3.0
780,833,3.0
780,2121,4.5
780,1702,3.0
780,1109,4.0
780,1013,4.0
780,285,3.5
780,1902,3.0
781,1217,4.0
781,1793,3.0
781,1142,3.0
781,1772,3.0
781,486,3.0
781,2272,2.0
781,1448,3.0
781,296,2.5
781,796,2.5
781,372,3.5
781,768,3.5
781,1116,4.0
781,2306,3.0
781,435,4.5
782,1120,3.5
782,1266,3.0
782,2012,4.5
782,1065,5.0
782,2488,3.0
782,2479,3.5
782,828,3.0
782,355,5.0
782,95,3.0
782,1630,5.0
782,1787,3.0
782,1492,4.0
782,1017,4.0
782,1485,4.5
782,1729,5.0
782,1917,3.5
782,2256,4.0
782,1724,4.0
782,539,2.5
782,2301,3.0
782,429,4.0
782,1271,4.5
782,2289,4.5
782,759,3.0
782,1734,3.5
782,908,3.0
783,1715,3.0
783,21,2.5
783,1600,3.5
783,1145,3.0
783,826,4.0
783,1105,3.5
783,1687,5.0
783,1469,3.0
783,275,2.5
783,266,2.5
783,1306,2.5
783,2028,3.0
783,2094,3.5
784,1664,3.5
784,1373,2.5
784,2300,2.5
784,505,3.5
784,2089,3.0
784,1579,5.0
784,411,2.5
784,1632,3.0
784,78,2.5
784,126,3.5
784,758,2.5
784,611,2.0
784,1256,2.5
784,541,2.0
784,815,3.0
784,1144,3.0
784,1235,4.0
784,698,4.5
784,882,3.0
785,849,3.5
785,603,3.5
785,103,3.5
785,1649,4.5
785,374,4.5
785,2182,3.0
785,756,2.5
785,1920,3.5
785,1264,2.5
785,2499,3.0
785,107,2.5
785,1543,2.5
785,2388,2.5
785,148,3.5
785,262,3.0
785,692,3.0
785,301,3.5
785,517,3.0
785,791,2.5
785,196,3.0
785,1575,2.0
785,201,5.0
786,1844,4.5
786,2281,4.5
786,1663,5.0
786,1459,3.5
786,633,4.5
786,24,4.0
786,1253,3.0
786,326,5.0
786,118,4.0
786,1891,4.0
786,2259,4.5
786,1529,2.5
786,2211,3.5
786,980,3.5
786,108,3.5
786,971,5.0
786,1742,3.5
786,2378,2.0
786,2108,3.0
786,1711,3.5
786,2227,4.0
786,348,5.0
786,234,4.0
786,148,2.5
786,1600,3.0
786,925,3.0
786,1185,5.0
786,1104,3.5
787,1354,4.0
787,1808,2.5
787,881,3.0
787,2300,3.5
787,2018,5.0
787,152,3.5
787,2488,3.5
787,2246,3.5
787,166,3.5
787,67,4.5
787,2262,3.5
787,1875,4.0
788,802,4.0
788,515,3.0
788,1311,3.0
788,1970,2.5
788,18,4.0
788,1513,3.0
788,2345,3.5
788,703,3.5
788,850,4.0
788,1298,2.0
788,2055,3.0
788,883,3.5
788,581,2.5
789,1704,2.5
789,1023,2.0
789,780,2.5
789,980,3.0
789,2268,4.5
789,1285,4.0
789,72,3.5
789,2465,2.5
789,1420,3.0
789,2314,4.0
789,867,2.5
789,1748,4.5
789,2441,2.0
789,1248,2.0
789,2083,4.0
789,997,4.5
789,418,2.0
789,1309,3.0
789,2294,4.0
789,342,3.5
789,2009,3.5
789,1115,3.0
789,1764,2.5
789,2387,3.5
789,767,3.5
789,1618,3.0
790,2181,3.5
790,1133,4.5
790,795,3.5
790,2481,2.0
790,377,4.0
790,797,3.0
790,246,3.5
790,1427,3.0
790,573,2.0
790,1957,4.0
790,1234,3.5
790,1807,5.0
790,1664,2.5
790,371,2.5
790,1710,2.5
790,2159,3.5
790,736,3.5
790,2013,4.0
790,1085,3.0
790,2410,4.5
790,1419,3.5
790,1182,3.0
790,456,2.0
790,1668,1.5
790,707,4.0
791,1133,3.5
791,1565,4.0
791,2418,5.0
791,1618,3.0
791,711,4.0
791,1152,4.0
791,1412,3.5
791,2301,3.0
791,2416,3.5
791,214,3.5
791,1748,4.5
792,466,5.0
792,2404,2.5
792,1913,1.5
792,1514,4.0
792,414,3.5
792,1236,3.0
792,2137,4.5
792,2207,2.0
792,2053,4.0
792,2467,4.0
792,2420,3.5
792,222,2.5
792,1971,3.5
792,924,5.0
792,312,3.5
793,620,4.5
793,310,2.5
793,151,4.5
793,590,3.5
793,2041,4.0
793,1035,2.0
793,832,3.0
793,786,5.0
793,2207,5.0
793,57,2.5
793,1813,5.0
793,2196,5.0
793,2336,5.0
793,1760,3.5
793,928,4.5
793,633,4.5
793,50,2.5
793,453,4.5
793,1591,2.5
793,1156,3.0
793,2290,5.0
793,1555,3.5
794,1513,2.5
794,2267,4.5
794,1041,1.5
794,1974,4.0
794,381,3.5
794,1241,2.5
794,2364,3.0
794,2190,3.5
794,1543,4.0
794,2290,3.0
794,111,2.5
794,738,3.0
794,2391,3.5
794,673,3.0
794,1951,3.0
794,2449,3.5
794,670,4.0
794,1160,4.5
794,2350,3.0
794,2320,4.0
795,1752,3.0
795,158,3.5
795,2011,3.0
795,1709,3.5
795,1456,2.5
795,37,3.5
795,1336,3.0
795,1127,4.0
795,1114,5.0
795,1495,3.0
795,191,3.0
795,1548,3.5
795,2389,4.5
795,1803,4.5
795,14,4.0
795,1042,3.5
795,1762,3.5
795,554,3.5
795,2356,4.0
795,558,5.0
795,2100,3.0
795,624,4.0
795,21,4.5
795,2304,2.0
796,294,4.0
796,891,2.5
796,2181,3.0
796,2201,3.5
796,1243,3.0
796,70,4.0
796,697,2.5
796,2311,3.0
796,1028,2.5
796,1686,2.5
796,2165,3.0
796,572,2.5
796,2145,2.0
796,1156,3.5
796,1581,3.0
796,2494,3.0
796,493,4.0
796,2270,1.5
796,1203,2.5
796,2047,3.0
796,983,2.5
796,1174,3.0
796,861,3.0
796,1287,3.0
797,2090,2.0
797,2056,4.0
797,1249,4.5
797,2474,2.5
797,2184,3.5
797,26,3.0
797,443,3.5
797,148,5.0
797,1328,3.0
797,1101,3.0
797,2302,3.5
797,1680,2.0
797,249,3.5
797,536,4.0
797,97,3.0
797,227,2.5
797,1386,2.5
797,778,2.5
797,2235,3.0
797,738,2.0
797,2277,5.0
797,502,1.5
797,1588,2.5
797,1135,4.5
797,1561,2.5
798,926,2.5
798,1797,2.5
798,845,3.0
798,2037,2.0
798,473,3.0
798,581,3.0
798,1423,3.5
798,999,2.5
798,1153,2.5
798,2489,3.0
798,34,3.0
798,1112,3.0
798,571,3.0
798,1461,2.0
798,1873,2.5
798,428,3.5
798,1083,3.0
798,2418,3.5
798,1041,3.5
798,2091,3.0
798,609,2.0
798,1215,3.5
799,1276,2.5
799,1235,1.0
799,811,1.0
799,1071,4.0
799,694,3.0
799,1340,3.5
799,1132,3.5
799,779,2.5
799,1502,2.5
799,1266,2.0
799,1823,3.0
799,1057,1.5
799,1068,3.0
799,857,3.5
799,1947,2.5
799,839,2.5
800,1024,4.5
800,1866,5.0
800,1706,3.0
800,2387,4.0
800,1558,3.0
800,1750,4.0
800,565,1.5
800,2335,1.5
800,1483,3.0
800,381,2.5
800,1430,3.5
800,1198,3.0
800,1095,3.0
800,790,2.5
800,258,2.0
800,53,3.5
800,1929,2.0
800,644,4.0
800,1561,2.0
800,470,4.0
800,1968,4.0
800,500,3.0
800,2310,1.5
800,2397,2.0
800,82,3.0
800,1194,4.0
801,1965,3.0
801,2476,3.0
801,1757,2.5
801,305,2.5
801,1802,2.5
801,1988,2.0
801,1661,4.0
801,1847,4.0
801,1943,3.5
801,189,4.0
801,1869,4.0
801,794,3.0
801,1204,2.5
801,1306,3.5
801,819,4.5
801,907,3.5
801,252,3.0
801,1274,3.0
801,1740,3.5
801,1218,2.5
801,2305,3.0
801,671,4.0
801,562,1.5
801,872,2.5
801,2028,3.5
801,941,3.0
801,65,2.0
801,1649,2.5
801,237,2.0
802,462,1.0
802,1015,3.0
802,748,4.5
802,1280,3.0
802,2294,3.0
802,569,1.5
802,974,3.0
802,2059,2.5
802,387,3.5
802,1689,1.5
802,318,2.5
802,2063,2.0
802,641,2.0
802,1447,4.0
802,2194,2.0
802,457,1.0
802,1825,4.5
802,842,4.5
802,329,4.0
802,38,3.5
802,1316,3.5
802,2393,3.5
803,1662,5.0
803,2420,3.5
803,1299,3.5
803,2367,2.5
803,705,5.0
803,906,3.5
803,1648,2.5
803,807,4.5
803,1139,4.0
803,813,4.5
803,1112,2.0
803,2093,5.0
803,2160,4.5
803,764,4.0
803,1883,3.5
803,1618,4.0
803,1977,2.0
803,2254,3.0
803,1552,5.0
803,985,3.0
803,1478,4.5
803,2437,3.5
803,1374,2.0
803,621,4.5
803,675,5.0
803,1529,3.0
803,2114,4.0
803,554,2.0
803,2497,4.5
804,1678,2.5
804,151,3.5
804,551,3.0
804,173,3.0
804,549,5.0
804,1468,5.0
804,403,4.0
804,2458,2.5
804,1201,4.0
804,577,4.5
804,842,4.0
805,1772,3.0
805,46,3.0
805,1832,3.0
805,1096,2.0
805,410,3.0
805,205,3.0
805,1862,2.0
805,1041,3.5
805,169,3.5
805,1160,3.0
805,1023,2.0
805,69,3.5
805,2309,4.0
805,7,4.5
805,106,2.0
805,605,3.0
806,485,3.5
806,1032,5.0
806,42,4.5
806,2233,4.0
806,1686,4.0
806,1543,4.0
806,1280,3.5
806,1447,3.5
806,620,4.5
806,886,4.0
806,1262,3.5
806,702,3.0
806,1265,4.5
806,1880,2.5
807,1309,5.0
807,2042,2.5
807,1387,2.5
807,2356,5.0
807,2264,3.0
807,1245,4.5
807,410,3.0
807,1693,3.0
807,610,3.5
807,164,3.0
807,1093,5.0
807,589,3.5
807,531,3.0
807,2413,2.5
807,559,3.0
807,478,2.5
807,1706,3.0
807,980,2.5
807,574,3.0
807,903,2.5
807,620,3.0
807,2040,2.5
807,1022,3.0
807,669,4.5
808,1976,3.5
808,2069,2.0
808,260,2.0
808,1646,3.5
808,1092,2.0
808,311,3.0
808,997,4.5
808,1727,4.0
808,694,3.5
808,2370,3.5
808,319,3.0
809,1001,2.0
809,106,2.5
809,141,2.5
809,1827,3.5
809,162,5.0
809,2348,3.5
809,1321,3.0
809,20,3.5
809,1996,2.0
809,31,2.5
809,2248,3.0
809,528,2.5
809,2049,2.5
809,1447,4.0
809,720,3.0
809,2234,2.5
809,2474,4.0
809,43,3.5
809,670,5.0
809,533,3.0
809,1934,3.5
809,747,4.0
809,2179,4.0
809,1101,3.5
809,1302,2.5
809,266,4.5
809,2306,3.5
809,422,2.5
810,904,2.0
810,1208,4.0
810,326,2.5
810,909,2.0
810,59,3.0
810,1028,3.5
810,914,1.5
810,209,1.0
810,449,2.0
810,765,2.5
810,1640,2.5
810,1786,2.5
810,1893,4.5
810,1845,4.0
810,1273,4.0
811,531,2.0
811,2229,4.0
811,1852,4.0
811,181,5.0
811,92,3.0
811,812,4.5
811,860,4.5
811,142,5.0
811,1889,2.0
811,1775,2.5
811,1720,2.5
811,306,4.0
811,517,4.0
811,990,3.5
811,1524,2.5
811,1893,3.0
811,1050,4.0
812,1976,4.0
812,2244,1.0
812,1771,5.0
812,1691,4.0
812,2103,3.5
812,523,3.5
812,2285,4.0
812,606,3.5
812,1155,2.0
812,1202,5.0
812,141,4.5
812,804,4.5
812,2153,3.5
812,337,3.5
812,923,3.5
812,311,4.0
812,1171,3.0
812,1977,3.5
812,762,2.5
812,1034,3.0
812,716,4.0
812,811,3.0
812,2117,4.5
812,404,3.5
812,2108,2.5
812,1060,3.5
812,1779,3.0
813,116,1.5
813,75,2.5
813,1943,2.5
813,1265,3.5
813,1873,1.5
813,56,3.5
813,862,3.0
813,1034,2.0
813,1871,4.5
813,2495,3.5
813,2246,3.5
813,2464,3.0
813,725,2.0
813,1322,3.5
813,659,5.0
813,54,3.0
813,473,4.0
813,830,4.0
813,2451,2.0
813,1013,2.5
813,1109,2.0
813,1642,3.0
814,2357,4.0
814,613,2.0
814,289,1.0
814,1060,2.5
814,937,2.0
814,2025,3.5
814,104,2.5
814,857,3.5
814,227,3.0
814,210,3.0
815,258,4.0
815,1271,2.0
815,2221,3.5
815,1227,3.5
815,300,2.5
815,1525,3.5
815,1591,3.5
815,1730,3.5
815,2255,3.5
815,2336,2.5
815,1712,5.0
815,1221,3.0
815,709,5.0
815,1373,2.5
815,277,4.0
815,38,3.5
815,1400,3.0
815,717,4.0
815,2271,3.0
815,1401,4.0
815,827,5.0
815,1483,4.0
815,844,4.5
815,2312,3.5
815,1784,2.0
816,1273,2.5
816,1263,3.5
816,229,3.5
816,1117,3.0
816,1291,3.0
816,2000,4.5
816,2083,1.5
816,74,3.5
816,1144,3.0
816,796,3.5
816,1827,3.5
816,2183,4.0
816,2412,2.0
816,1405,3.0
816,2338,5.0
816,1495,4.0
816,176,3.5
816,1976,3.5
816,2287,2.5
816,921,3.0
816,1034,2.5
817,1528,3.5
817,2472,4.0
817,1853,4.0
817,2353,4.0
817,2461,2.5
817,2108,2.5
817,395,4.0
817,368,4.5
817,1375,4.0
817,1218,3.0
817,100,2.5
817,2184,4.0
817,2216,5.0
817,341,2.5
817,610,2.5
817,2413,3.0
817,802,4.0
817,615,3.5
817,1746,4.5
817,1498,5.0
817,1929,4.0
817,570,4.0
817,1791,3.0
817,1583,4.5
817,1720,4.5
817,1360,5.0
817,689,1.5
817,2215,3.0
818,118,3.0
818,1835,2.0
818,787,3.0
818,2453,4.0
818,201,3.5
818,2142,2.5
818,539,2.5
818,676,4.0
818,2060,2.5
818,2343,3.0
818,1072,2.5
819,928,3.5
819,762,2.5
819,1694,4.0
819,870,2.0
819,693,4.5
819,467,2.0
819,908,3.0
819,324,2.5
819,1276,2.0
819,574,2.5
819,195,3.0
819,1792,5.0
819,1015,3.0
819,1344,2.0
819,1368,5.0
819,1014,4.0
819,543,3.5
819,1523,3.0
819,1627,3.5
819,511,3.0
819,2138,4.5
819,624,2.5
819,2049,3.5
819,549,3.0
819,893,2.5
819,661,4.5
819,431,3.5
819,1643,2.0
819,563,2.0
820,1152,2.5
820,54,3.0
820,2408,1.5
820,2434,4.5
820,2474,4.0
820,322,3.0
820,988,3.5
820,1971,3.5
820,83,3.5
820,1196,2.0
820,1903,3.0
820,1656,3.5
820,720,2.5
820,1561,4.0
820,857,4.0
820,1774,3.0
820,535,4.5
820,452,3.0
820,1262,4.5
820,1939,2.5
820,1885,2.5
820,36,3.5
820,1171,4.0
820,200,2.5
820,1829,2.5
820,1067,2.5
820,2312,3.5
820,1926,4.0
821,625,3.5
821,2073,4.5
821,1952,2.5
821,1203,3.0
821,1131,3.0
821,475,3.0
821,352,4.0
821,2254,3.0
821,156,3.0
821,588,3.5
821,1409,3.5
821,1735,5.0
821,2318,2.0
821,1394,3.0
822,1024,2.0
822,1092,2.0
822,210,3.0
822,57,4.0
822,1684,3.5
822,2185,1.0
822,1062,3.0
822,1061,3.0
822,202,3.5
822,886,4.0
822,1363,2.5
822,487,3.0
823,1715,3.0
823,606,3.5
823,447,3.5
823,1003,3.5
823,229,3.0
823,260,3.5
823,216,3.0
823,262,3.0
823,1725,3.0
823,215,3.0
823,819,3.0
823,2301,3.0
823,235,2.5
823,1915,2.5
823,602,1.5
823,905,4.0
823,1159,2.5
823,2289,4.0
823,663,3.0
823,2383,2.5
823,2368,2.0
823,481,4.5
823,532,2.0
824,164,3.0
824,1352,3.5
824,1317,3.0
824,652,1.5
824,1400,3.0
824,1829,4.0
824,1181,2.0
824,1764,2.5
824,437,2.5
824,582,5.0
824,484,4.0
824,1313,3.0
825,1777,4.5
825,661,1.5
825,1292,4.5
825,2069,5.0
825,161,2.0
825,825,5.0
825,1763,3.5
825,1781,3.5
825,1844,3.5
825,1177,3.0
825,1843,3.0
825,2027,1.0
825,477,3.5
825,1399,3.5
825,1249,2.0
825,2066,3.5
825,396,2.5
826,1657,4.5
826,948,3.0
826,1739,3.5
826,39,3.5
826,1060,4.0
826,1895,3.5
826,663,4.0
826,963,2.5
826,86,2.0
826,1837,2.5
826,2374,5.0
826,2343,2.0
826,348,2.5
826,153,3.5
826,486,4.5
826,1543,2.0
827,864,3.5
827,1093,2.5
827,13,2.5
827,1032,3.0
827,2268,2.5
827,1116,3.5
827,2274,3.0
827,766,2.5
827,593,2.0
827,1612,2.0
827,2239,3.5
827,93,3.5
827,592,2.5
827,53,2.0
827,1037,1.5
827,435,3.5
827,161,4.5
827,1451,3.0
827,2344,3.5
827,61,3.5
828,1592,5.0
828,2009,4.5
828,563,3.0
828,468,3.0
828,1439,4.0
828,1448,3.5
828,24,4.0
828,2161,3.5
828,1250,3.5
828,237,3.0
828,1946,3.5
828,1450,3.0
828,206,4.0
828,1133,3.5
828,1421,2.5
828,1179,3.0
828,866,3.0
828,1575,3.5
828,14,4.5
828,2216,4.0
828,2316,3.0
828,800,3.0
828,821,5.0
828,189,5.0
829,221,3.5
829,274,3.5
829,587,3.5
829,501,3.5
829,1820,1.5
829,1015,1.0
829,859,3.5
829,1598,2.5
829,2452,3.0
829,700,2.0
829,1365,2.5
829,1236,4.0
829,1773,5.0
829,2100,4.0
829,1041,3.5
829,2435,2.5
829,841,3.0
829,828,3.5
829,660,4.0
829,1194,3.5
829,1283,3.0
829,1373,3.0
829,166,3.0
829,1965,2.5
829,2286,4.5
829,651,2.0
830,638,2.5
830,428,4.5
830,1603,3.5
830,2471,2.5
830,1379,3.0
830,620,3.0
830,2338,3.5
830,1315,2.5
830,1910,3.0
830,1771,3.0
830,1331,2.5
830,1137,2.0
830,50,3.5
830,337,2.5
830,1552,3.5
830,1677,3.5
830,368,3.0
830,1783,1.5
830,133,3.0
830,1849,1.5
830,494,4.0
830,2059,4.5
830,414,4.5
830,1190,2.0
830,298,4.0
830,1087,3.5
830,1656,2.0
830,1776,3.5
830,1104,3.5
831,579,3.5
831,12,2.5
831,1685,2.5
831,570,3.0
831,1595,2.5
831,1612,3.0
831,2381,3.5
831,875,3.5
831,601,3.0
831,1788,3.5
831,884,3.0
831,1925,4.5
831,131,2.5
831,1643,3.0
831,1432,1.5
831,1812,3.5
831,2010,3.0
831,1334,3.5
831,2423,3.5
831,2043,2.0
831,293,3.0
831,233,3.5
832,1654,2.5
832,560,3.5
832,1193,4.0
832,2036,2.0
832,2064,3.0
832,103,2.0
832,2410,3.5
832,1059,4.5
832,2235,4.0
832,959,3.0
832,1148,4.0
832,2185,2.5
832,1548,3.0
832,2017,3.5
832,309,2.0
832,972,2.5
832,320,2.0
832,150,2.5
832,1561,2.5
832,875,3.5
832,420,2.5
832,726,2.0
832,942,2.0
832,1446,3.0
832,1502,3.0
833,2007,4.0
833,1394,5.0
833,1470,2.5
833,2195,2.0
833,2128,3.5
833,2365,4.5
833,1635,3.5
833,1433,3.0
833,661,3.5
833,1865,3.0
833,2288,3.5
833,1124,4.0
833,2132,3.5
833,1300,3.5
833,615,5.0
833,1088,2.0
833,1043,4.0
833,2486,3.5
833,1887,3.5
833,2242,2.5
833,438,3.5
833,2045,3.0
833,497,2.5
833,1517,2.0
833,2420,5.0
833,251,2.5
833,843,4.0
833,1378,3.0
834,568,2.0
834,376,4.0
834,750,2.5
834,1928,3.5
834,1297,3.0
834,504,3.0
834,701,2.5
834,209,3.5
834,1752,2.5
834,995,3.5
834,1583,3.5
834,1332,3.0
834,1497,1.0
834,1443,5.0
834,2147,3.0
834,1477,3.0
834,2006,3.0
834,656,4.0
834,2469,2.0
834,1359,2.5
834,206,3.5
835,2328,3.0
835,1193,3.0
835,2119,3.5
835,1810,3.5
835,836,3.0
835,812,4.5
835,1259,3.5
835,878,2.0
835,1121,3.0
835,2165,3.0
835,855,2.0
835,2358,3.5
835,621,4.0
835,466,3.5
836,1424,2.5
836,1051,3.5
836,347,3.5
836,462,3.0
836,2351,3.0
836,251,4.0
836,532,2.5
836,11,3.5
836,51,4.5
836,2475,3.5
836,1995,4.0
836,784,4.0
836,1215,3.0
836,2116,3.5
836,276,2.0
836,1666,2.5
836,2313,4.0
836,816,4.0
836,1609,3.5
836,1556,2.0
836,1622,3.0
837,1573,3.0
837,196,3.5
837,1833,1.5
837,745,3.0
837,2128,2.5
837,1283,3.0
837,493,3.0
837,1391,2.5
837,1527,5.0
837,492,2.5
837,2006,2.5
837,220,1.0
837,1603,3.0
837,1805,4.5
837,2215,3.5
837,1056,4.0
837,794,3.0
837,664,3.5
837,263,3.0
837,1160,2.5
837,1446,2.5
837,1248,4.0
837,165,2.5
837,621,2.5
837,2277,4.5
837,1647,2.5
837,1690,3.5
837,1845,4.5
837,701,4.5
837,1578,3.0
838,2488,1.5
838,634,2.0
838,947,2.5
838,1481,3.0
838,1867,4.5
838,262,3.5
838,2042,4.0
838,1938,5.0
838,381,4.5
838,566,2.5
838,1011,3.0
838,2365,2.5
838,1357,3.5
838,1209,3.5
839,522,2.5
839,2381,3.0
839,2057,1.0
839,1939,3.0
839,218,3.0
839,2275,2.0
839,2214,5.0
839,2444,4.5
839,323,5.0
839,1014,4.5
839,2384,3.0
839,1874,2.5
839,2230,1.5
839,1060,3.5
839,1073,2.5
839,2097,4.0
839,2431,2.0
839,1342,4.5
839,963,3.0
839,725,4.5
839,924,3.5
839,451,3.0
839,2032,5.0
839,1926,5.0
839,126,2.5
839,1562,4.0
839,2321,4.5
840,343,3.5
840,2162,2.5
840,989,2.0
840,1787,3.0
840,965,3.0
840,871,4.0
840,1352,2.0
840,1755,3.5
840,1155,3.5
840,1128,2.5
840,1418,3.0
840,2306,3.0
840,1614,3.5
840,1167,3.0
840,1178,4.5
840,649,3.5
841,1785,3.5
841,1067,4.0
841,1279,3.5
841,1081,2.5
841,2248,5.0
841,1227,3.0
841,1876,2.0
841,409,3.5
841,2003,2.5
841,100,2.5
841,1294,3.0
841,1998,4.0
841,2013,4.5
841,329,5.0
841,1985,4.0
841,784,3.5
841,445,2.5
841,1818,3.0
841,248,4.5
841,602,3.0
841,1167,3.0
841,1328,4.0
841,1666,2.5
841,2394,4.5
841,1222,4.5
842,1723,3.0
842,2001,2.0
842,1888,4.5
842,2380,3.0
842,1306,4.0
842,2360,4.5
842,1442,4.5
842,1244,4.0
842,266,3.0
842,2402,4.0
842,2230,4.5
842,1728,3.0
842,1787,3.5
842,497,2.5
842,247,2.0
842,843,1.5
842,998,1.5
842,1785,4.5
842,1726,4.0
842,1088,5.0
842,2420,3.0
842,766,4.0
843,635,3.0
843,2260,2.5
843,2162,4.0
843,1662,3.5
843,741,3.0
843,639,4.0
843,2100,3.0
843,1015,3.5
843,2174,4.5
843,1250,2.0
843,2049,4.0
843,1329,4.0
844,1032,3.0
844,1494,3.5
844,2382,2.0
844,2230,3.0
844,37,2.5
844,1137,4.0
844,1750,2.5
844,1241,4.5
844,669,4.0
844,537,3.0
844,204,3.5
844,488,3.0
845,1311,3.0
845,2248,4.0
845,732,3.0
845,2381,3.0
845,1557,4.5
845,2272,3.0
845,1173,5.0
845,2310,4.5
845,1157,5.0
845,1218,3.0
845,1366,2.5
845,81,3.5
845,1992,3.0
845,2205,2.5
845,794,2.5
845,239,3.0
845,334,1.5
845,2274,4.0
845,722,3.5
845,828,2.5
845,1052,2.5
845,1359,2.5
845,1724,3.0
845,2440,2.0
845,2382,2.0
845,2129,4.0
845,2025,3.0
846,2,3.5
846,2257,3.0
846,1668,3.0
846,1431,2.5
846,690,3.5
846,1239,4.0
846,1163,3.5
846,1073,3.5
846,1413,2.5
846,695,2.5
846,1323,1.0
846,1273,3.0
846,1728,4.0
846,2427,4.0
846,324,3.5
846,2201,2.0
846,2433,3.5
846,1807,4.0
846,748,3.5
846,2439,2.0
846,458,3.5
846,1324,2.5
846,536,3.0
846,1046,3.5
846,780,2.5
847,1864,5.0
847,2175,2.5
847,393,4.0
847,1805,3.5
847,1189,3.0
847,2294,3.5
847,250,2.0
847,1222,2.5
847,1431,3.0
847,2424,2.5
847,339,4.0
847,1931,2.5
847,1681,2.5
847,1755,3.0
847,350,3.5
847,2030,3.5
848,1634,4.0
848,2475,2.5
848,631,3.5
848,419,1.5
848,828,3.0
848,807,4.0
848,1701,4.0
848,670,5.0
848,2082,1.5
848,521,3.0
848,2500,4.5
848,244,4.0
848,2451,4.5
848,2110,2.5
848,1479,1.5
848,2319,4.0
848,1466,4.5
848,300,5.0
848,428,3.5
848,1648,1.0
848,494,2.5
848,1118,2.5
849,193,3.5
849,2498,2.5
849,1785,4.0
849,1746,2.5
849,726,2.5
849,25,3.5
849,269,4.0
849,1672,3.5
849,1349,2.5
849,320,4.5
849,691,3.5
849,2146,3.0
849,1861,4.0
849,1102,3.5
849,237,4.5
849,152,3.0
849,537,3.0
849,1203,3.5
849,601,3.5
849,1635,5.0
849,2037,2.5
849,1852,3.0
849,2497,3.0
850,88,2.5
850,1928,1.0
850,1795,3.5
850,156,2.0
850,1956,3.5
850,304,3.5
850,2467,3.5
850,1831,4.0
850,2028,3.0
850,657,3.5
850,12,1.5
850,1913,2.5
850,2277,2.0
850,1199,3.5
850,2458,4.5
850,1355,4.5
850,1011,2.5
850,273,4.5
850,2271,2.5
850,557,3.5
850,760,3.5
850,404,5.0
850,704,3.5
850,1275,4.0
850,143,3.0
851,396,2.5
851,1963,3.5
851,642,1.5
851,1124,5.0
851,1189,5.0
851,1117,4.5
851,275,3.0
851,1536,2.5
851,164,3.0
851,1349,3.0
851,1280,4.0
851,766,4.0
851,2182,3.0
851,474,4.0
851,694,3.0
851,2409,3.0
852,128,3.0
852,717,3.0
852,337,3.5
852,347,3.0
852,1389,3.0
852,557,4.5
852,1765,2.0
852,2193,4.5
852,766,4.0
852,1415,3.0
852,754,3.0
852,1791,2.5
852,1689,3.0
852,333,4.0
852,1385,3.0
853,2448,3.5
853,40,1.5
853,2097,2.0
853,1995,3.0
853,2229,3.0
853,2236,4.5
853,1580,4.5
853,466,3.5
853,893,4.0
853,198,4.0
853,2424,2.5
853,254,5.0
853,1925,3.5
854,1245,3.5
854,1046,3.0
854,2085,2.5
854,1600,5.0
854,637,2.5
854,960,4.5
854,522,2.0
854,2176,2.0
854,1514,3.0
854,2463,2.5
854,1361,3.0
854,890,3.5
854,1461,4.5
854,642,3.0
854,231,2.5
854,1631,3.0
854,671,2.5
854,1515,2.5
854,569,3.5
855,1562,4.0
855,1895,4.0
855,1245,5.0
855,891,3.5
855,1488,2.5
855,1261,3.5
855,690,3.0
855,1967,3.0
855,1331,2.5
855,1585,2.5
855,193,4.5
855,54,3.0
855,921,2.0
855,1435,2.5
855,326,3.0
855,925,5.0
855,56,3.5
856,1021,3.0
856,940,3.0
856,347,2.0
856,691,2.5
856,35,4.0
856,2431,2.0
856,2137,4.0
856,1864,3.5
856,1319,3.5
856,607,3.5
856,487,1.5
856,1022,3.5
856,1771,3.0
856,430,1.0
857,1311,2.0
857,1116,2.5
857,2381,2.5
857,1862,3.0
857,350,2.5
857,2449,2.5
857,1686,3.5
857,1581,4.0
857,2024,2.5
857,1599,3.0
857,1928,2.0
857,387,3.0
857,1069,1.0
857,1904,3.0
857,929,4.0
857,415,3.5
857,1921,3.0
857,509,4.0
857,1656,3.0
857,859,3.0
857,760,3.0
857,1987,3.0
857,1113,2.5
858,612,3.0
858,1796,2.0
858,661,3.5
858,914,3.5
858,474,4.0
858,2375,3.0
858,222,4.5
858,160,5.0
858,924,2.0
858,505,3.0
858,303,3.5
858,1078,3.0
858,934,3.5
858,1565,2.0
858,2165,5.0
858,1214,4.0
858,159,3.5
858,1077,3.0
858,941,3.5
858,2337,4.0
858,1944,4.5
858,217,4.0
858,1272,3.0
859,179,4.0
859,951,4.5
859,1528,4.0
859,887,4.5
859,2263,2.5
859,1291,3.0
859,1900,2.5
859,2451,2.5
859,1086,4.0
859,1190,5.0
859,1202,4.5
859,2196,4.0
859,515,4.0
859,499,5.0
859,1392,5.0
859,90,2.0
859,1679,3.0
859,625,3.0
859,2331,2.5
859,964,2.5
859,1333,4.5
859,2322,4.5
859,959,3.0
859,1131,3.5
859,1145,3.0
859,2255,4.0
859,2057,4.0
859,888,4.0
859,40,3.0
859,1531,3.5
860,1106,3.5
860,275,3.0
860,709,3.0
860,1665,3.0
860,1754,3.0
860,1714,3.5
860,1943,3.5
860,2100,4.0
860,23,3.5
860,1424,3.5
860,1493,3.0
860,2060,3.5
860,231,3.5
860,2338,3.0
860,779,3.0
860,524,3.0
860,1467,4.5
860,792,2.5
860,1218,2.0
860,987,2.5
860,462,2.5
860,1589,3.0
861,1114,2.5
861,2085,4.5
861,1661,3.5
861,1636,2.5
861,1149,5.0
861,1459,2.0
861,2454,2.0
861,1305,4.0
861,1370,4.0
861,2152,3.0
861,956,4.0
861,1101,3.5
861,1790,4.0
861,940,3.0
861,831,3.5
861,49,2.0
861,50,3.0
861,588,4.0
861,1591,4.5
861,609,2.0
861,314,4.0
861,2185,1.5
862,59,2.5
862,1998,4.5
862,2033,3.5
862,476,3.5
862,152,3.0
862,1954,3.0
862,1732,4.0
862,2307,3.0
862,157,4.0
862,883,4.5
862,2442,3.0
862,635,3.5
862,1959,3.5
863,2275,1.0
863,840,3.0
863,540,1.5
863,199,4.0
863,148,1.5
863,2188,2.5
863,1866,3.0
863,173,4.5
863,2127,4.0
863,2357,3.0
863,736,3.5
863,2461,3.0
863,476,3.5
863,697,3.0
863,1630,3.0
863,2469,2.0
863,2154,3.5
863,1822,4.0
863,2023,3.0
863,1952,3.5
863,1340,4.0
863,2483,4.0
863,880,3.0
863,1252,4.0
863,2189,3.0
864,2132,4.0
864,2164,3.0
864,816,4.5
864,1130,2.5
864,2190,2.5
864,1484,3.0
864,133,2.5
864,1967,3.5
864,2251,4.0
864,49,2.0
864,1182,2.5
864,2166,5.0
864,1527,3.0
864,2130,3.0
864,1780,5.0
864,467,4.0
864,1691,3.0
864,1567,2.5
864,2052,3.0
864,1836,3.5
864,224,2.5
864,360,4.5
864,1732,3.0
864,1867,2.5
864,2216,2.5
864,1850,2.5
865,1154,3.0
865,329,4.0
865,1793,3.0
865,1870,5.0
865,1778,3.5
865,1456,3.0
865,1525,4.5
865,1986,3.5
865,1770,4.0
865,1865,3.0
865,1015,3.5
865,1615,4.0
865,638,4.5
866,2268,4.0
866,806,2.0
866,28,4.5
866,2170,4.0
866,171,4.0
866,2135,3.0
866,2256,3.5
866,1203,2.5
866,1935,2.5
866,381,3.5
866,2382,2.5
866,793,3.0
866,1041,3.0
866,1313,4.0
866,370,2.5
866,330,4.0
866,2057,3.5
866,84,4.0
866,2297,3.5
866,952,4.0
866,555,2.5
866,621,2.5
866,380,4.0
866,1911,3.5
866,1574,1.0
866,2161,1.5
866,494,3.5
866,664,1.5
866,1922,4.0
867,1071,2.5
867,1209,3.0
867,1667,1.0
867,620,2.0
867,1976,3.0
867,225,3.0
867,2257,3.0
867,2231,4.0
867,431,3.5
867,2128,2.5
867,1308,4.0
867,2316,2.5
867,1016,3.5
867,1426,5.0
867,868,2.0
867,73,2.5
868,2209,3.5
868,2094,4.0
868,1242,3.5
868,745,2.0
868,406,3.0
868,347,4.0
868,2211,3.0
868,580,3.0
868,1195,5.0
868,1276,2.0
868,629,5.0
868,922,3.5
868,542,3.5
868,256,2.5
868,863,2.5
868,1699,4.5
868,589,4.0
868,1398,4.5
868,704,4.5
868,377,2.5
868,327,3.0
868,2392,4.0
868,324,4.5
869,441,3.0
869,2105,5.0
869,86,4.0
869,2021,4.0
869,1047,4.5
869,1533,4.0
869,1550,4.5
869,599,2.5
869,42,4.5
869,195,4.0
869,2349,4.0
869,660,3.5
869,270,3.5
869,2291,4.0
869,1041,3.5
869,1585,1.5
869,1729,3.5
869,1466,2.0
869,248,1.0
869,239,4.0
869,1858,4.5
869,1961,4.0
870,1179,3.5
870,1696,2.5
870,671,3.5
870,690,2.5
870,619,2.5
870,960,2.5
870,2162,4.0
870,2344,2.0
870,970,2.5
870,2459,1.5
870,2204,2.0
870,1714,2.5
870,229,2.5
870,482,3.5
870,1525,2.5
870,566,5.0
870,968,4.0
870,1266,3.5
870,1727,2.0
870,906,3.0
870,356,2.5
870,2051,3.5
870,378,4.0
870,172,3.5
870,1557,3.0
870,169,3.0
871,137,3.0
871,2204,2.5
871,152,4.0
871,18,3.0
871,2400,3.5
871,27,3.5
871,380,4.0
871,2321,4.0
871,1206,3.5
871,1489,3.5
871,2410,4.5
871,30,4.0
871,1685,4.0
871,1699,4.5
871,144,2.5
871,512,2.0
871,1875,2.0
871,1136,3.0
872,424,3.5
872,957,4.0
872,930,3.5
872,1812,3.5
872,1626,5.0
872,1722,4.0
872,283,3.5
872,1899,2.5
872,1472,3.0
872,1105,5.0
872,449,3.0
872,1132,3.5
872,2142,5.0
872,1708,5.0
872,237,2.5
872,420,4.0
872,338,3.5
872,800,4.0
872,1536,3.0
872,2336,4.0
872,1657,3.0
872,908,4.5
872,953,5.0
872,1463,3.0
872,1704,5.0
872,105,3.0
873,1377,2.0
873,2131,3.5
873,439,5.0
873,2282,1.5
873,470,3.0
873,1984,3.5
873,2218,1.0
873,41,4.0
873,1940,1.5
873,1576,3.0
873,1068,3.0
873,232,3.5
873,1102,4.0
873,1561,5.0
873,1212,3.0
873,1875,3.5
873,2440,3.5
873,934,3.0
874,1143,2.5
874,870,2.5
874,649,3.5
874,1477,2.5
874,375,2.0
874,2371,3.5
874,210,3.0
874,1459,4.0
874,2400,3.5
874,2468,2.5
874,2340,4.0
874,1562,1.5
874,2031,4.0
874,964,4.0
874,908,4.5
874,2008,1.5
874,2361,2.0
874,892,4.0
874,1517,2.5
874,2046,3.0
874,1029,1.5
874,218,4.0
874,1313,2.5
874,1444,2.5
874,2045,5.0
874,2407,4.5
874,401,3.0
874,681,3.5
874,2395,2.0
875,727,4.0
875,1769,4.0
875,1568,2.0
875,1386,2.5
875,1791,2.5
875,2291,3.5
875,2477,2.0
875,876,4.0
875,64,5.0
875,1498,3.0
875,671,3.5
875,1745,3.5
875,952,4.0
875,1279,3.0
875,1150,2.5
875,963,4.0
875,1797,3.5
875,1270,4.0
875,41,2.0
875,136,2.0
875,1236,3.0
875,1237,3.0
875,1260,5.0
875,1985,2.5
875,1299,3.0
875,2479,2.0
875,316,4.0
875,2188,4.0
875,725,4.5
876,1832,4.0
876,834,2.0
876,2284,2.0
876,2268,4.5
876,978,3.5
876,1560,3.5
876,653,5.0
876,655,5.0
876,644,3.5
876,2007,3.0
876,1994,3.5
877,883,2.0
877,2494,3.0
877,1048,4.0
877,723,4.5
877,1109,4.0
877,2003,2.5
877,1930,3.0
877,1809,4.5
877,1956,3.5
877,478,3.5
877,758,4.0
877,2316,2.5
877,2356,2.5
877,967,2.5
877,1691,2.0
877,899,4.0
877,663,3.0
877,768,3.5
878,363,2.5
878,126,4.0
878,1652,2.5
878,1424,3.0
878,8,3.5
878,105,3.0
878,1059,2.0
878,212,1.0
878,2239,2.5
878,2016,1.5
878,333,2.5
878,782,2.5
878,1175,3.5
878,2457,3.0
878,1029,3.0
878,1642,5.0
878,773,4.5
878,1651,4.5
878,1283,4.5
878,631,3.5
878,2180,3.5
878,140,2.5
878,1003,1.5
878,1872,4.0
878,1646,3.0
878,586,3.0
879,119,3.5
879,169,3.5
879,1300,3.5
879,662,2.5
879,2080,3.5
879,1185,3.0
879,751,1.5
879,1749,3.0
879,1624,2.5
879,830,1.0
879,1992,3.5
879,2122,3.0
879,1825,4.5
879,843,4.0
879,2259,4.0
879,153,2.5
879,2418,2.5
879,1302,2.5
879,799,3.5
879,2390,4.5
879,1733,3.5
879,19,2.5
879,990,2.5
879,775,2.5
879,1941,3.5
880,934,5.0
880,2424,4.0
880,266,1.5
880,1575,3.5
880,731,3.5
880,178,2.5
880,2430,2.5
880,624,3.0
880,806,2.5
880,392,3.5
880,1294,2.5
880,800,3.5
880,993,3.5
880,224,4.5
880,2005,4.5
880,1841,2.5
880,1129,3.0
880,1085,5.0
880,1714,3.0
880,463,3.5
880,1701,4.0
880,145,2.5
880,143,4.0
880,1568,2.5
880,1724,2.5
880,1188,3.5
880,1134,2.0
880,2080,4.0
881,295,2.5
881,712,2.5
881,2126,3.0
881,1427,4.0
881,1856,3.5
881,962,3.5
881,448,4.0
881,2441,3.0
881,1646,3.5
881,2008,2.5
881,702,2.5
881,1393,3.0
881,175,2.5
881,1289,2.0
881,795,5.0
881,667,2.5
881,1281,3.0
881,1877,3.5
881,2260,2.0
882,352,3.5
882,1706,2.0
882,2124,3.5
882,2228,3.5
882,1510,2.5
882,1336,4.5
882,1609,3.0
882,902,2.0
882,1742,4.0
882,344,3.5
883,450,4.0
883,2113,2.5
883,1600,4.0
883,1346,3.5
883,577,3.0
883,2349,4.5
883,1552,3.0
883,371,4.0
883,1198,4.0
883,674,3.5
883,1068,1.5
883,2088,3.0
883,2033,3.5
883,1636,2.5
883,2044,3.5
883,1159,4.5
883,85,4.5
883,1405,3.0
884,1908,3.0
884,639,3.5
884,382,2.0
884,515,1.0
884,2221,4.5
884,854,3.5
884,1784,5.0
884,2458,3.0
884,2178,3.5
884,993,3.0
884,1480,4.5
884,627,3.0
884,1345,1.5
884,891,3.0
884,2164,3.0
884,1468,2.5
884,343,2.0
885,449,5.0
885,2390,1.5
885,1179,4.5
885,1548,4.0
885,1766,3.5
885,565,3.5
885,1256,3.0
885,2115,5.0
885,532,3.5
885,1551,3.5
885,983,3.5
885,614,2.5
885,605,3.5
886,217,2.0
886,1771,2.5
886,1556,4.5
886,2471,1.5
886,424,4.0
886,1147,3.5
886,512,3.5
886,1455,3.0
886,1860,3.0
886,752,5.0
886,2371,3.5
886,1467,1.5
886,966,4.0
886,861,2.5
886,1533,3.0
886,400,2.0
886,526,2.0
886,1590,2.5
886,2169,3.5
886,2444,3.0
886,810,3.5
886,1406,3.0
886,358,2.0
886,2401,3.5
886,2162,3.0
886,451,1.5
887,295,5.0
887,430,2.5
887,269,3.5
887,1947,3.0
887,721,2.5
887,2489,2.5
887,1120,4.5
887,1256,3.5
887,807,4.5
887,1533,2.0
887,1972,4.5
887,1200,3.5
887,1865,4.5
887,2051,5.0
887,1406,4.5
887,1898,1.5
887,2453,4.0
888,1988,3.5
888,512,4.0
888,525,1.5
888,1281,4.0
888,924,3.0
888,1029,4.5
888,1447,2.5
888,494,4.5
888,517,3.0
888,692,1.5
888,1172,3.0
888,336,3.0
888,2326,3.5
888,1524,2.5
888,67,3.0
889,1382,2.5
889,2475,4.0
889,1184,5.0
889,2390,4.5
889,537,3.0
889,2089,3.0
889,988,3.5
889,11,1.0
889,514,1.5
889,2171,3.5
889,1073,3.0
889,1411,3.0
889,1046,1.5
889,838,3.0
889,26,2.5
889,117,5.0
889,1575,3.0
890,2487,3.0
890,1537,2.0
890,2441,5.0
890,1565,1.5
890,2351,3.0
890,392,4.5
890,477,4.0
890,120,3.0
890,733,4.0
890,2445,2.0
890,2497,5.0
890,1419,2.0
890,1559,4.0
891,2095,1.0
891,484,4.0
891,934,1.0
891,2313,2.5
891,2024,3.5
891,1779,3.5
891,491,4.0
891,2098,3.0
891,1410,3.0
891,97,3.0
891,2339,2.5
891,1029,3.5
891,1091,4.0
891,2167,3.0
891,43,2.5
891,2392,4.5
891,1121,2.5
891,203,3.0
891,1263,5.0
891,1567,3.0
891,103,4.5
891,1145,5.0
891,798,3.0
891,1240,2.0
891,6,2.0
891,833,4.0
892,340,2.5
892,2212,2.0
892,612,1.5
892,328,5.0
892,459,2.0
892,1366,5.0
892,2039,3.5
892,472,3.0
892,980,3.0
892,607,2.0
892,2398,2.5
892,1681,4.0
893,2449,1.5
893,445,4.5
893,2181,3.0
893,206,4.0
893,82,3.5
893,415,3.0
893,1355,4.5
893,2047,5.0
893,1760,3.5
893,810,2.5
893,2374,2.5
893,1978,4.0
893,117,3.0
893,1759,3.5
893,1339,3.0
893,575,3.0
893,770,3.5
893,1957,2.0
894,2277,3.0
894,491,3.5
894,2157,3.5
894,1790,3.0
894,2315,2.0
894,1143,4.0
894,728,2.0
894,1401,4.0
894,571,3.0
894,176,2.5
894,1291,2.5
894,121,3.5
894,762,4.0
894,457,3.0
894,2139,4.5
894,1104,2.0
894,1294,3.5
894,1347,3.5
894,1477,4.5
894,2036,2.5
894,2471,2.0
894,1109,3.0
894,1324,1.5
894,222,3.0
895,1867,2.0
895,1489,4.5
895,535,4.0
895,1937,2.5
895,442,3.0
895,1522,2.0
895,1262,3.0
895,1161,4.0
895,1745,3.0
895,265,4.5
895,2082,4.0
895,1599,3.0
895,1086,4.5
895,964,4.5
895,989,2.5
895,2407,4.0
895,2493,4.0
895,931,5.0
895,1889,4.5
895,1316,3.0
896,2303,3.5
896,1186,4.0
896,2469,2.0
896,453,3.0
896,955,2.5
896,298,3.0
896,540,2.0
896,472,2.5
896,469,2.5
896,840,4.0
896,567,4.5
896,10,3.5
896,1773,3.5
896,2054,4.0
896,619,3.0
896,1496,3.0
896,1189,4.0
896,2139,3.0
896,761,2.5
896,1021,3.5
897,2453,3.5
897,54,3.0
897,858,3.5
897,1888,3.5
897,2316,2.5
897,764,3.5
897,1293,3.5
897,1466,3.0
897,1474,3.0
897,1125,2.5
897,1555,2.5
897,212,5.0
897,974,3.0
897,1854,4.5
897,36,2.5
898,1496,3.0
898,1725,4.0
898,2392,5.0
898,2128,3.5
898,1690,3.0
898,2401,5.0
898,1434,2.0
898,1535,3.0
898,606,4.5
898,1625,4.0
898,655,3.0
898,1632,3.5
898,912,4.5
898,1447,3.5
898,650,4.0
898,1501,2.5
898,3,2.5
898,860,3.5
898,907,3.0
898,1751,4.5
898,2232,4.5
898,1902,2.0
898,1581,2.5
898,2408,1.5
899,492,3.0
899,1364,4.0
899,2038,3.5
899,446,3.5
899,2277,3.0
899,1947,2.5
899,1382,2.5
899,2151,3.5
899,913,4.5
899,976,4.0
899,1471,4.5
899,132,4.0
899,361,5.0
899,328,2.5
899,30,5.0
899,1328,2.5
899,1271,3.5
899,664,3.5
899,1086,2.0
899,529,2.5
899,2419,3.5
899,945,3.5
899,1061,5.0
899,2119,3.5
899,1590,3.0
899,768,2.0
899,2036,2.0
899,1023,3.0
899,2406,4.0
899,919,4.0
900,1699,4.5
900,2492,3.0
900,1260,1.0
900,1171,4.5
900,1996,3.5
900,1583,3.0
900,1187,3.5
900,56,3.0
900,622,3.0
900,498,4.0
900,1,4.0
900,524,2.0
900,2431,2.5
900,2190,3.5
900,483,3.0
900,2124,3.0
900,554,2.5
900,1887,3.5
900,432,4.0
900,1826,4.0
900,1151,3.0
900,1095,3.0
900,2141,2.0
900,114,4.5
900,1768,3.5
900,2406,2.0
900,2251,5.0
900,560,2.0
900,1227,2.0
900,372,5.0
901,955,3.0
901,2423,3.5
901,2326,1.5
901,2393,3.0
901,105,2.5
901,2407,5.0
901,1317,4.5
901,223,3.5
901,960,2.5
901,1947,3.0
901,749,1.0
901,1014,3.5
901,380,2.5
901,1696,4.0
901,2432,2.0
901,1599,3.5
901,1671,2.0
901,1213,4.0
901,754,5.0
901,1867,2.5
901,1124,1.5
901,2051,2.5
901,320,3.0
901,1934,3.5
901,2147,2.5
901,2237,2.5
902,2055,3.0
902,1148,3.5
902,1710,2.5
902,752,5.0
902,792,4.0
902,758,5.0
902,981,3.5
902,1521,5.0
902,1791,5.0
902,515,5.0
902,740,3.0
902,2388,3.0
902,1989,5.0
902,2284,3.5
902,210,4.5
902,160,3.0
902,2063,3.0
902,1805,4.0
902,2131,5.0
902,1921,1.5
903,1411,2.5
903,1883,4.0
903,1186,4.0
903,624,3.5
903,778,2.0
903,1021,3.0
903,33,2.0
903,2301,3.0
903,1059,3.5
903,347,4.0
903,1712,2.5
903,992,4.5
903,956,3.5
903,2017,3.0
903,1159,5.0
903,1162,2.0
903,1528,4.5
903,2148,3.0
903,1630,2.0
903,2376,2.5
903,1890,2.5
903,1510,3.5
903,980,3.0
904,855,4.0
904,1670,3.5
904,1962,2.0
904,63,5.0
904,593,3.0
904,25,5.0
904,2037,4.5
904,644,2.5
904,547,3.0
904,2419,2.0
904,906,2.0
904,2481,3.5
904,1050,2.0
904,632,3.5
904,1318,3.5
904,1303,3.0
904,331,2.5
904,1986,3.0
904,2428,2.5
904,621,4.5
904,1866,2.0
904,2268,1.5
904,1836,2.0
904,690,3.0
904,1687,3.0
904,784,2.0
904,1007,3.0
905,621,2.0
905,313,2.0
905,137,3.0
905,1525,3.5
905,2389,4.0
905,1691,2.0
905,598,2.5
905,867,4.5
905,186,4.5
905,1925,5.0
905,1536,3.5
905,200,5.0
905,1651,3.5
905,349,4.0
905,982,4.0
905,253,4.0
905,808,1.0
905,994,5.0
905,38,3.0
905,976,4.0
906,2368,3.0
906,1833,4.5
906,2157,3.0
906,2310,4.0
906,718,2.5
906,1901,1.0
906,2367,2.5
906,2137,4.0
906,1640,4.0
906,2323,5.0
906,940,3.5
906,332,4.0
906,928,2.5
906,468,3.5
906,1178,1.5
906,1934,3.0
906,1726,3.0
906,261,1.0
906,1274,3.5
906,50,2.0
906,1606,2.5
906,1527,4.5
906,884,3.5
906,1355,2.5
906,1050,3.5
906,189,3.5
906,387,3.0
906,949,4.0
906,1414,2.0
907,90,5.0
907,1615,3.0
907,1007,5.0
907,1863,2.5
907,651,3.0
907,952,3.0
907,254,2.5
907,1212,4.0
907,2144,3.5
907,533,2.0
907,1324,2.5
907,2054,2.5
907,1536,5.0
907,2005,3.0
907,1197,3.5
907,211,3.0
907,117,5.0
907,2202,5.0
907,1418,3.0
908,2158,3.0
908,587,4.0
908,470,4.0
908,1558,1.5
908,434,4.0
908,1459,2.0
908,1516,3.5
908,499,2.5
908,1508,2.5
908,64,2.0
908,1143,2.5
909,2272,2.5
909,2031,4.5
909,2,3.5
909,991,5.0
909,2229,2.0
909,1623,4.5
909,736,3.0
909,2405,3.0
909,1273,2.5
909,1638,3.0
909,414,2.0
909,2182,3.5
909,1784,3.5
909,1828,3.0
909,529,4.0
909,869,2.0
909,918,3.0
909,1170,4.5
909,2276,3.0
909,1226,3.5
909,2350,3.5
909,2221,3.5
909,2044,3.5
909,764,3.0
909,240,3.0
909,368,1.0
909,493,3.5
910,2366,3.5
910,881,4.0
910,1057,3.0
910,2427,3.5
910,2317,3.0
910,173,4.0
910,1562,2.5
910,2005,3.5
910,1519,3.0
910,1486,3.0
910,2071,1.5
910,2313,3.5
911,1932,4.0
911,687,2.0
911,1376,5.0
911,2206,2.5
911,1009,1.5
911,254,4.5
911,1361,1.5
911,1186,3.5
911,412,2.5
911,1724,2.5
911,47,3.5
911,1828,1.0
911,1471,4.5
911,2205,5.0
911,203,4.0
911,1521,3.0
911,667,3.5
911,1180,2.0
911,1840,2.5
911,877,3.5
911,2270,3.5
911,812,4.0
911,2298,5.0
911,262,3.0
911,118,2.5
911,1145,2.0
911,1170,4.5
911,2274,2.5
911,1894,4.0
912,1932,3.0
912,2329,1.5
912,1391,1.0
912,558,4.5
912,2339,3.0
912,459,3.0
912,2055,3.5
912,1463,3.5
912,1713,2.5
912,1006,3.5
912,1067,4.0
912,659,4.5
913,2149,1.5
913,1154,2.5
913,1690,3.5
913,1435,3.0
913,1661,3.0
913,1748,4.5
913,1140,2.0
913,1127,4.5
913,1441,3.5
913,321,2.5
913,330,3.5
913,455,5.0
913,1859,3.0
913,1981,3.5
913,80,3.5
913,2061,3.5
913,2367,2.0
913,1147,3.0
913,2128,4.0
913,1657,3.0
913,1716,4.5
913,2435,3.0
913,2160,3.0
913,882,2.5
913,468,2.5
913,1951,3.0
913,2259,3.0
913,434,3.0
914,1819,2.0
914,382,2.5
914,1645,3.0
914,1531,2.5
914,1768,3.0
914,976,2.5
914,892,5.0
914,161,4.5
914,402,2.5
914,1655,3.0
914,2222,2.5
914,1978,3.0
914,1974,4.5
915,624,3.0
915,1042,3.0
915,567,3.5
915,667,2.5
915,1137,3.5
915,180,3.5
915,336,3.0
915,2030,3.0
915,1918,3.5
915,1514,2.5
916,72,2.5
916,249,3.0
916,1045,2.5
916,1478,3.0
916,895,5.0
916,1488,4.0
916,366,4.0
916,274,3.5
916,1395,5.0
916,532,3.5
916,2272,3.0
916,474,3.0
916,2423,3.5
916,820,2.0
916,612,3.5
916,2383,3.5
916,1209,3.0
916,1829,3.5
916,439,2.5
916,1759,3.5
916,356,3.5
916,1946,5.0
916,2291,4.5
916,1062,4.0
916,930,3.0
916,487,3.0
917,2252,4.0
917,1922,4.0
917,618,3.0
917,102,3.0
917,2020,3.0
917,1470,2.0
917,1553,4.0
917,799,2.5
917,781,3.0
917,795,2.5
917,785,2.0
917,1097,4.0
917,1679,2.5
917,493,4.0
918,305,4.5
918,459,3.0
918,528,5.0
918,370,3.0
918,173,4.5
918,1217,1.5
918,522,4.0
918,27,3.0
918,1867,5.0
918,1365,2.5
919,283,3.0
919,2342,3.5
919,1404,3.0
919,1665,3.0
919,1660,3.0
919,122,4.0
919,273,2.0
919,356,3.0
919,253,3.0
919,401,3.5
919,2286,3.5
919,1401,2.0
919,271,3.0
919,2319,3.0
919,2362,2.0
919,2254,3.0
919,1050,3.0
919,240,3.5
919,1431,3.0
919,1557,4.5
919,242,3.0
919,1040,3.0
919,1721,3.0
920,2284,3.0
920,1134,3.5
920,953,3.5
920,826,4.0
920,1716,2.5
920,1066,3.0
920,2055,4.0
920,12,4.5
920,218,3.0
920,2462,4.0
920,2043,2.5
920,249,3.5
920,1718,5.0
920,1271,3.0
920,112,4.0
920,702,5.0
920,2276,2.0
921,1189,3.5
921,1745,4.0
921,642,2.5
921,2417,3.0
921,2252,3.5
921,1495,2.0
921,1109,3.0
921,1478,4.0
921,771,3.5
921,1232,4.0
921,649,2.5
921,59,5.0
921,1367,3.0
921,2219,4.0
921,1785,2.0
921,54,4.0
921,2491,2.0
921,1960,2.0
921,474,3.0
921,136,3.5
921,231,3.5
921,490,3.0
921,878,3.0
921,39,4.0
921,573,5.0
921,1537,2.0
922,1752,3.5
922,1590,3.0
922,745,4.0
922,2289,4.0
922,894,1.5
922,1422,3.5
922,628,4.0
922,107,2.5
922,2331,4.0
922,1807,2.5
922,199,2.5
922,1975,4.5
922,718,3.0
922,1959,4.5
922,1995,4.5
922,1147,3.5
922,895,3.0
922,2293,4.5
922,1533,2.5
922,747,2.5
922,1654,3.5
922,37,2.0
922,470,3.5
922,2216,3.0
923,1036,4.5
923,490,4.0
923,1449,1.5
923,1462,4.0
923,2253,3.0
923,1306,4.5
923,180,5.0
923,2249,2.5
923,1164,4.0
923,2278,2.5
923,2412,2.5
923,1139,2.5
923,2203,3.0
923,1728,2.5
923,819,3.5
923,1651,2.5
923,1632,2.5
923,1275,4.5
923,1445,3.0
923,297,3.5
923,160,4.0
923,1668,2.0
924,1190,1.5
924,353,2.5
924,1226,2.5
924,2378,4.0
924,1088,2.0
924,527,4.0
924,1010,3.0
924,2485,3.5
924,694,3.0
924,2186,2.0
924,1850,4.0
924,2286,2.0
924,653,5.0
924,2368,3.0
924,1241,2.5
925,244,5.0
925,1190,4.0
925,2391,1.5
925,2486,2.0
925,642,3.0
925,1348,2.5
925,2156,2.5
925,2177,3.0
925,981,2.5
925,1014,2.5
925,1564,3.0
925,2499,3.0
925,1876,2.5
925,2284,4.0
925,1122,4.5
925,884,4.0
925,544,3.5
925,483,4.0
925,848,3.0
925,423,3.0
925,1390,2.0
925,2053,2.0
926,576,2.5
926,2255,3.5
926,626,3.0
926,513,3.5
926,436,3.5
926,1549,4.5
926,2056,3.0
926,1935,3.0
926,1477,2.0
926,1153,3.0
926,1043,4.5
926,448,4.5
926,942,3.0
926,2307,2.5
927,1981,2.5
927,633,4.0
927,2322,3.0
927,363,3.5
927,1375,3.0
927,2402,3.0
927,103,5.0
927,159,3.5
927,2310,5.0
927,2427,4.5
927,1745,3.0
928,2024,4.0
928,1085,3.5
928,2028,4.5
928,2492,3.0
928,1164,4.0
928,2100,2.5
928,2351,2.0
928,1320,2.0
928,2245,3.0
928,2048,4.0
928,1952,5.0
928,190,4.0
928,806,4.0
928,1275,4.5
928,396,3.0
928,570,2.5
928,1508,2.0
928,1327,3.0
928,1767,3.0
928,2119,3.0
928,2045,2.5
928,2369,4.5
928,2417,2.5
928,875,3.5
928,17,4.5
928,2250,4.0
929,515,4.0
929,788,3.0
929,2338,5.0
929,2071,3.0
929,1360,2.0
929,2370,4.0
929,625,4.5
929,1767,2.5
929,2247,3.5
929,150,2.0
929,623,3.0
929,1374,2.0
930,1922,3.0
930,2202,5.0
930,2225,3.0
930,1202,4.0
930,768,2.5
930,708,3.0
930,1642,2.5
930,776,3.5
930,2034,2.5
930,836,4.0
930,2339,3.5
930,2294,3.0
930,102,3.0
930,166,4.0
930,1558,4.5
930,453,3.5
930,2280,2.5
930,1935,3.0
931,1427,3.5
931,1293,3.0
931,259,5.0
931,2338,3.0
931,375,3.0
931,1868,4.0
931,86,4.0
931,1356,2.5
931,260,4.0
931,510,2.0
931,889,2.0
931,117,4.0
931,1393,3.5
931,464,5.0
931,272,4.0
931,265,1.5
931,136,2.0
931,1578,3.5
931,1696,4.5
931,1481,3.0
931,1174,3.5
931,928,2.0
932,1604,2.5
932,1759,3.5
932,257,3.0
932,1177,2.5
932,493,3.5
932,393,4.0
932,1895,2.5
932,1168,3.5
932,1400,4.5
932,720,3.0
932,1975,3.5
932,856,3.5
932,1171,2.0
932,2238,3.0
932,685,3.5
932,1976,3.5
932,470,3.0
932,1922,4.0
932,275,4.5
932,1682,2.5
932,1706,4.0
932,2425,2.5
932,1457,3.5
932,2400,3.5
932,2416,3.0
932,1149,2.5
932,1986,4.0
933,774,2.5
933,193,2.5
933,533,3.5
933,235,2.5
933,2109,4.0
933,34,2.5
933,2002,3.5
933,845,3.5
933,494,2.5
933,392,2.0
933,412,4.0
933,1011,3.0
933,1366,2.5
933,1467,4.0
933,1909,4.0
933,870,3.5
933,1643,3.5
933,1146,3.0
933,1745,2.5
933,402,4.5
933,1476,1.0
933,467,2.5
933,1929,2.0
933,275,3.0
933,367,1.5
933,384,3.5
933,181,3.5
934,2450,2.5
934,2403,2.0
934,1564,3.0
934,2481,4.5
934,931,2.5
934,1541,4.5
934,1954,3.5
934,263,3.0
934,470,3.0
934,1075,3.0
934,405,2.0
934,1606,4.0
934,1112,3.5
934,827,3.5
934,244,5.0
934,977,3.0
934,1998,2.5
934,1817,3.0
934,52,2.5
934,1326,3.5
934,1936,4.5
934,613,3.5
934,2293,2.5
934,336,4.0
934,1727,3.5
935,909,4.5
935,2270,2.0
935,2128,4.5
935,730,4.5
935,806,2.5
935,1302,2.0
935,1165,4.5
935,701,2.5
935,1962,2.5
935,1613,3.0
936,394,2.5
936,235,2.5
936,577,4.0
936,814,2.5
936,2434,2.0
936,2092,3.5
936,418,1.5
936,226,2.0
936,1406,3.5
936,2288,2.0
936,874,3.0
936,2267,2.5
936,686,2.5
936,1827,3.0
936,436,3.0
936,738,2.5
936,665,2.5
936,703,3.0
936,2155,2.0
936,467,2.5
936,237,2.5
936,499,3.0
936,1107,2.0
936,717,3.0
936,693,2.5
936,1744,3.0
936,1399,2.5
937,513,2.5
937,1221,4.0
937,1698,2.0
937,12,2.5
937,2316,2.5
937,1397,1.5
937,527,2.5
937,1203,3.0
937,2259,3.0
937,1896,3.5
937,1575,2.0
937,1108,3.0
937,16,3.0
937,1431,3.5
937,907,4.5
937,2231,4.0
937,1442,3.5
937,2115,5.0
937,618,3.0
937,1958,2.5
937,1779,3.0
938,1961,2.5
938,395,2.0
938,528,4.5
938,389,2.5
938,2442,4.5
938,962,2.0
938,984,4.0
938,1192,1.5
938,1632,2.0
938,459,3.0
938,1080,2.0
938,2424,3.5
938,892,3.5
938,2324,2.0
938,755,3.5
938,1804,2.5
938,1587,3.0
938,2186,2.5
938,1869,2.5
938,222,2.0
938,1313,3.0
938,980,2.5
938,36,3.0
938,1460,3.5
938,2388,3.5
938,502,4.0
938,2188,3.5
938,913,3.0
938,1686,2.0
939,1056,3.5
939,2318,2.0
939,1366,3.0
939,2395,1.5
939,1439,4.0
939,2147,2.5
939,1618,3.5
939,42,4.0
939,743,1.5
939,941,3.5
939,2468,3.0
939,48,3.0
939,2478,2.0
939,1588,3.5
939,1660,2.0
939,907,3.5
939,8,4.5
939,2329,2.5
939,314,1.0
939,157,2.5
939,1536,4.5
939,547,3.5
939,461,3.0
939,1069,3.0
940,1704,3.5
940,616,4.0
940,376,4.5
940,473,4.5
940,624,3.5
940,869,4.0
940,2022,2.0
940,1090,2.5
940,1357,2.0
940,153,3.5
940,2243,4.5
940,1388,4.5
940,325,2.5
940,1361,2.5
940,722,4.0
940,645,2.5
940,2117,3.0
940,1772,5.0
940,2493,2.0
940,609,3.0
940,83,4.0
940,1208,3.5
940,1667,4.0
940,217,3.5
940,797,3.0
940,1486,2.0
940,360,4.0
940,1616,5.0
941,1704,2.0
941,1037,1.5
941,209,4.0
941,641,3.0
941,803,3.5
941,1198,4.0
941,155,3.0
941,466,3.5
941,2453,3.0
941,986,3.5
941,740,3.5
941,813,3.0
941,1456,2.5
941,1996,3.0
941,2098,5.0
942,521,2.5
942,927,3.5
942,2175,2.5
942,34,3.0
942,1165,3.5
942,2443,2.5
942,1446,2.0
942,533,3.0
942,1743,3.0
942,429,3.0
942,1002,3.0
942,588,4.0
942,708,3.5
942,939,3.5
942,1600,4.0
942,1943,3.0
942,413,3.0
942,1451,3.0
942,1462,4.0
942,1341,3.0
942,416,3.0
943,381,2.5
943,1283,3.5
943,1564,3.5
943,555,2.0
943,370,3.5
943,562,3.5
943,2268,4.0
943,473,4.5
943,1507,2.0
943,2177,3.5
943,1704,5.0
943,1389,5.0
943,2110,3.5
944,2142,2.0
944,261,3.5
944,2168,2.5
944,407,3.5
944,1806,3.0
944,245,3.0
944,1160,3.5
944,1346,4.0
944,2320,2.5
944,2230,3.0
944,1329,2.0
944,303,2.5
944,1867,3.5
944,559,3.0
944,112,3.5
944,342,4.0
944,998,3.0
944,1760,4.5
944,241,3.0
944,2301,3.5
944,68,2.5
944,593,3.5
944,489,3.5
944,1239,3.0
944,2213,3.0
944,2066,1.0
944,926,2.5
945,1342,3.0
945,1485,2.0
945,1322,3.0
945,1694,2.5
945,2110,4.5
945,2449,4.5
945,1308,3.0
945,814,4.0
945,1645,4.5
945,193,3.5
945,1562,4.0
946,1682,2.0
946,1996,2.0
946,766,2.5
946,1286,2.0
946,2283,2.5
946,1274,4.0
946,256,1.5
946,311,5.0
946,1186,4.0
946,138,3.0
947,1773,3.5
947,1070,4.0
947,396,3.5
947,983,3.0
947,1418,4.0
947,673,3.0
947,1293,3.5
947,2387,1.5
947,75,2.5
947,1725,3.5
947,645,5.0
947,2092,3.0
948,1992,4.5
948,1369,3.0
948,1171,3.0
948,166,3.5
948,1198,3.5
948,52,3.0
948,1139,4.0
948,1132,1.0
948,2218,4.5
948,1653,3.5
948,836,3.0
948,1416,3.5
948,194,4.0
948,1229,2.0
948,2406,3.5
948,247,3.0
948,619,2.5
948,305,3.0
948,917,2.5
948,2255,2.0
948,2305,2.5
948,1156,3.5
948,2088,4.0
949,547,2.0
949,787,3.0
949,2021,1.0
949,1287,3.5
949,715,3.5
949,2093,4.0
949,1908,3.5
949,654,2.0
949,1513,3.0
949,961,5.0
949,2443,3.0
949,1248,2.5
949,2133,3.0
949,887,4.0
949,1462,2.0
949,561,3.0
949,869,3.5
949,187,2.5
949,2404,3.0
949,4,4.5
949,1662,4.0
950,2492,3.5
950,953,2.5
950,282,2.5
950,776,3.0
950,1548,2.0
950,2270,3.0
950,1398,3.5
950,285,3.0
950,1729,3.5
950,1606,3.5
950,638,2.5
950,499,4.5
950,674,2.0
950,2485,4.5
950,1953,2.0
950,651,4.0
950,2024,4.0
950,1616,5.0
951,2089,3.0
951,2162,3.0
951,1314,2.5
951,2302,3.0
951,2019,3.0
951,415,3.0
951,1029,5.0
951,426,3.0
951,896,1.5
951,343,3.0
951,565,2.5
951,1144,3.0
951,2040,3.5
951,515,5.0
951,2375,3.0
951,2244,3.5
952,2263,4.5
952,1900,4.0
952,2087,3.0
952,1648,2.5
952,236,2.5
952,301,3.0
952,326,2.5
952,1694,2.5
952,1688,2.0
952,117,2.5
952,1064,2.5
952,784,3.5
952,721,2.0
952,1919,3.5
952,1806,3.0
952,536,3.0
952,2099,2.5
952,402,2.5
952,1962,4.0
952,1020,2.0
952,1214,2.5
952,2482,3.5
952,1451,1.5
952,140,3.0
952,837,2.5
953,1826,2.5
953,629,4.0
953,2123,2.5
953,932,3.0
953,1396,3.0
953,1147,4.0
953,123,4.5
953,1650,3.5
953,896,3.5
953,2324,3.5
953,2448,3.5
953,470,4.0
953,1235,2.5
953,315,1.0
953,645,2.5
953,211,2.5
953,1263,3.0
953,407,2.0
953,224,3.0
953,1476,2.5
954,1812,2.5
954,441,2.5
954,399,3.5
954,826,2.5
954,2316,2.5
954,1929,3.5
954,635,4.0
954,811,3.0
954,422,5.0
954,572,4.0
954,2352,4.5
954,1505,3.5
954,1808,3.0
954,1113,4.0
954,1547,4.0
954,129,2.0
954,412,3.5
954,965,2.5
954,102,4.0
955,973,3.0
955,2432,3.5
955,558,3.0
955,1166,4.5
955,1624,3.5
955,1358,3.5
955,1638,1.5
955,1262,4.5
955,2093,3.5
955,127,3.5
955,1203,3.5
955,835,2.5
955,577,4.5
955,782,3.5
955,1890,3.5
955,1540,3.0
955,2303,3.0
955,1007,4.0
955,139,4.0
955,1475,2.5
955,1202,2.5
956,1038,3.5
956,513,2.5
956,802,2.0
956,814,2.5
956,338,3.5
956,247,2.5
956,892,2.0
956,1276,3.5
956,1257,5.0
956,764,3.0
956,1010,3.0
957,1933,3.5
957,54,2.5
957,785,3.5
957,1504,1.0
957,1897,3.5
957,2150,2.5
957,478,2.5
957,1124,2.0
957,2494,1.5
957,1641,3.5
957,2424,2.0
957,1022,3.5
957,993,4.0
957,89,4.5
957,2187,3.0
957,2154,3.5
957,2002,4.0
957,1689,2.0
957,1473,3.5
957,2204,3.5
957,1470,5.0
957,1597,4.0
957,347,2.0
958,848,3.5
958,1427,3.5
958,903,2.0
958,2325,4.0
958,1079,2.5
958,252,4.0
958,775,3.5
958,668,1.5
958,23,2.5
958,580,2.5
958,1777,3.0
958,1301,2.5
958,1367,3.5
958,906,3.0
958,2203,2.5
959,2065,4.0
959,361,4.0
959,13,1.0
959,683,2.0
959,1264,2.5
959,981,2.5
959,1198,1.0
959,1208,2.5
959,352,3.0
959,1275,3.0
959,866,3.5
959,1504,3.0
959,2076,5.0
959,1406,3.0
959,1024,3.5
959,1385,3.0
959,549,3.0
959,832,3.5
959,2128,2.5
959,1623,4.0
959,1157,3.5
959,1508,5.0
959,2499,2.5
959,2295,2.0
959,1533,3.0
959,1979,4.0
960,1300,5.0
960,14,3.0
960,1930,5.0
960,2146,3.5
960,647,2.5
960,852,4.0
960,1661,3.5
960,680,5.0
960,1478,2.0
960,125,3.5
960,267,4.5
960,2035,3.5
960,531,3.0
960,572,1.5
960,1197,3.0
960,597,3.5
960,464,2.0
960,2302,2.0
960,1659,4.0
960,1389,2.5
960,2388,3.5
960,2277,3.0
960,1910,3.5
961,1063,3.5
961,1430,3.5
961,402,4.0
961,1889,3.5
961,101,3.5
961,1933,3.0
961,2290,1.5
961,1020,2.5
961,660,3.5
961,2243,1.5
961,1801,2.5
961,2338,3.5
961,1087,3.0
961,1043,3.0
961,1533,4.5
961,261,3.0
961,2127,4.5
961,2251,5.0
961,1626,3.0
962,112,1.5
962,1563,4.0
962,1163,3.5
962,314,2.5
962,671,3.5
962,1959,5.0
962,2291,4.5
962,1490,4.5
962,48,2.0
962,1319,2.0
962,514,2.5
962,719,2.5
962,827,2.0
962,1175,4.0
962,1239,3.0
962,940,4.0
962,2027,2.5
962,88,4.0
962,2230,4.5
962,294,3.5
963,418,2.5
963,97,2.5
963,322,3.5
963,1,5.0
963,603,3.5
963,422,3.5
963,787,1.5
963,804,3.5
963,1467,3.5
963,1579,2.0
963,1741,3.0
963,856,3.5
963,1210,2.5
963,201,3.5
963,973,2.0
963,1123,3.5
963,266,1.0
963,2167,3.5
963,544,2.5
963,182,4.5
963,1064,2.0
963,490,2.5
963,1760,2.5
963,929,4.0
963,2463,3.0
963,2253,4.0
963,2316,4.0
963,1499,3.0
963,535,3.0
963,454,4.5
964,2054,3.5
964,1518,4.5
964,2169,3.5
964,722,3.0
964,275,3.0
964,1128,3.5
964,1407,2.5
964,1486,3.0
964,1418,1.0
964,814,5.0
964,1585,5.0
964,1306,3.0
965,133,3.5
965,2452,4.0
965,2364,1.5
965,2411,2.0
965,1421,3.0
965,657,3.0
965,2001,3.0
965,212,4.0
965,1422,2.5
965,584,2.0
965,733,3.5
965,2362,4.5
965,363,3.0
965,1947,3.0
965,540,3.5
965,2031,4.0
965,603,2.5
966,969,4.0
966,2149,2.0
966,707,3.0
966,731,4.0
966,458,2.0
966,847,3.0
966,1680,3.5
966,453,3.0
966,506,3.0
966,883,3.5
966,69,2.5
966,2224,5.0
966,1401,4.0
966,1378,4.5
966,2322,3.0
966,253,4.5
966,1924,2.5
966,297,3.0
966,1995,4.5
966,555,4.5
966,529,2.0
967,2309,3.5
967,2015,3.0
967,544,2.5
967,725,3.0
967,2348,4.0
967,2244,3.5
967,867,4.0
967,516,2.5
967,988,3.5
967,1921,4.5
967,357,4.5
967,2002,3.5
967,1537,4.5
967,617,4.0
967,453,4.0
967,124,5.0
967,1658,3.5
967,1881,2.0
968,2039,4.0
968,1950,4.0
968,1879,4.0
968,1887,3.5
968,1581,2.0
968,593,3.0
968,2221,2.0
968,1870,5.0
968,1308,4.0
968,247,3.0
968,962,5.0
968,2399,2.0
968,1926,4.0
968,627,4.0
968,1434,4.5
968,1442,2.0
968,2331,3.5
968,1553,4.0
968,1254,3.0
968,50,4.0
968,199,2.5
969,1114,2.0
969,568,2.0
969,766,2.0
969,21,4.0
969,1907,4.0
969,566,4.0
969,1814,2.0
969,1828,3.0
969,162,3.5
969,1675,4.5
969,2026,2.5
969,659,3.5
969,160,3.5
969,1687,2.5
969,1412,2.5
969,1237,2.5
969,165,2.5
969,2387,3.5
969,1299,3.0
969,1824,2.0
969,450,3.5
969,306,3.5
969,1404,5.0
969,1080,4.0
969,321,3.5
969,990,2.5
969,1842,2.5
969,1796,4.0
970,2240,3.5
970,711,3.0
970,841,4.0
970,694,3.5
970,1902,3.5
970,928,3.5
970,1755,2.0
970,1806,3.5
970,2470,5.0
970,1606,3.5
970,2375,3.0
970,127,4.0
970,641,5.0
970,587,4.0
970,276,2.5
970,524,2.5
970,1763,3.0
970,432,2.0
970,623,3.0
970,1943,4.0
970,233,2.5
970,465,3.0
970,1993,2.5
970,1278,3.5
970,2410,1.0
970,1198,2.5
970,2144,5.0
971,2062,4.5
971,282,5.0
971,1476,3.5
971,2196,5.0
971,2413,3.0
971,787,3.5
971,2118,4.0
971,235,3.5
971,1627,4.0
971,720,4.0
971,425,3.0
971,2187,4.0
971,1322,3.0
971,650,3.0
972,415,3.0
972,142,3.0
972,1758,2.5
972,1064,3.5
972,2063,3.5
972,2498,2.5
972,1835,4.5
972,1745,4.0
972,14,3.5
972,1029,2.0
972,2162,3.0
972,719,3.0
972,1975,4.5
972,988,3.0
972,1612,3.5
973,684,3.0
973,742,3.0
973,1549,3.0
973,187,3.5
973,414,4.0
973,270,2.5
973,473,4.0
973,126,3.5
973,144,4.0
973,1042,2.5
973,1619,5.0
973,2207,4.0
973,2060,2.0
973,2119,2.5
974,297,4.5
974,2472,1.5
974,1185,4.0
974,104,3.5
974,58,3.5
974,1719,3.5
974,1778,1.0
974,867,4.5
974,1358,4.0
974,2303,4.0
974,410,4.0
974,77,3.5
974,312,3.0
974,1111,4.0
974,75,3.5
974,1562,3.0
974,540,4.0
974,2366,2.5
975,780,2.0
975,2049,4.0
975,1695,4.0
975,1941,2.5
975,1101,3.0
975,304,2.5
975,146,4.0
975,1769,3.5
975,2000,3.5
975,156,1.5
975,695,3.5
975,1875,2.5
975,611,2.0
975,2457,3.5
975,847,4.0
975,279,4.0
975,845,4.5
975,1822,4.5
975,979,5.0
975,683,2.5
975,652,4.0
975,1675,3.5
975,332,3.5
975,1600,3.0
975,36,3.0
975,1134,3.0
975,1818,2.0
975,990,2.5
976,1982,2.0
976,167,2.5
976,70,1.5
976,779,4.0
976,2374,2.0
976,1317,3.5
976,475,2.5
976,904,4.5
976,1972,2.5
976,689,4.0
976,597,3.5
976,1849,4.5
976,1125,3.0
976,1660,2.5
976,1304,4.5
976,813,4.0
976,2247,3.0
976,1792,5.0
976,926,4.5
977,1496,2.5
977,508,3.5
977,1333,1.0
977,350,3.5
977,501,4.0
977,800,1.5
977,1036,3.0
977,608,4.5
977,2367,3.5
977,458,5.0
977,497,3.0
977,732,3.0
977,367,3.0
977,193,3.0
977,2190,4.5
977,439,3.0
977,660,2.5
977,1865,4.0
977,887,5.0
977,331,3.0
978,60,5.0
978,1131,5.0
978,2050,4.5
978,2379,4.5
978,499,2.5
978,555,4.0
978,1473,2.0
978,952,3.5
978,303,2.5
978,1482,4.5
978,612,4.5
978,28,5.0
978,409,2.5
979,1908,4.0
979,887,4.5
979,1228,4.0
979,675,4.0
979,284,3.0
979,310,2.5
979,798,3.5
979,1462,4.0
979,2452,2.0
979,817,5.0
979,621,4.0
979,1869,4.0
979,2029,2.5
979,1585,4.5
980,1930,3.0
980,2209,2.0
980,322,2.5
980,15,4.0
980,118,2.5
980,2492,2.5
980,2273,4.0
980,1416,4.0
980,740,3.5
980,197,3.5
980,890,4.0
980,705,4.5
980,2394,1.5
980,1091,3.5
980,515,4.0
980,1028,4.0
980,746,3.0
980,1613,2.5
980,1455,2.5
980,1591,3.5
980,2345,4.0
980,1264,3.5
980,1817,5.0
980,1501,2.5
981,2430,3.5
981,624,2.0
981,2377,3.5
981,1202,3.0
981,923,2.0
981,1002,3.0
981,353,4.0
981,1685,3.0
981,1313,1.5
981,1860,3.0
981,1320,2.0
981,575,4.5
981,571,3.5
981,411,2.5
981,1549,1.5
981,263,3.5
981,2405,3.0
981,2395,2.5
981,2246,3.0
981,469,3.5
981,4,3.0
981,1235,4.5
982,1223,4.0
982,2095,2.0
982,263,3.5
982,1620,3.5
982,2489,4.5
982,756,5.0
982,1993,4.5
982,8,3.5
982,1716,1.0
982,2145,3.5
982,1817,4.5
982,496,4.5
982,2246,3.0
982,376,5.0
982,1651,4.5
982,1541,2.5
982,1023,5.0
982,2381,3.5
982,1712,5.0
982,1127,3.5
982,906,2.0
982,1961,3.5
982,922,2.5
982,276,2.0
983,1208,3.5
983,1792,5.0
983,1420,3.0
983,1782,3.0
983,1075,3.0
983,1042,4.0
983,774,4.5
983,158,3.0
983,1685,4.0
983,223,3.0
983,872,3.0
983,830,4.0
983,155,2.0
983,1852,2.0
983,1959,2.5
983,2249,2.0
983,565,3.5
983,1599,3.5
983,430,3.5
983,1691,1.5
983,2032,3.0
983,1242,5.0
983,1246,2.5
983,1621,4.5
983,226,2.0
983,1971,4.0
983,1978,3.0
983,2310,4.5
983,2364,3.5
983,1856,5.0
984,1789,5.0
984,1706,3.0
984,1599,2.5
984,973,1.5
984,2104,4.0
984,1486,3.0
984,435,4.0
984,1604,5.0
984,1640,3.0
984,2289,4.0
984,2410,2.5
984,2023,5.0
985,339,2.5
985,228,3.0
985,2363,5.0
985,394,2.5
985,945,3.0
985,2497,4.0
985,2320,2.5
985,314,3.5
985,1391,2.0
985,942,3.5
985,1560,2.5
985,1207,3.0
985,25,3.5
985,450,3.0
985,257,3.5
985,946,3.5
985,2196,3.0
985,881,3.0
986,1499,3.5
986,541,2.5
986,132,4.0
986,2294,3.5
986,2377,3.5
986,44,2.5
986,2053,4.0
986,1897,3.5
986,283,2.5
986,269,3.5
986,945,4.0
986,364,3.0
986,1416,3.5
986,245,2.5
986,730,1.5
986,1857,3.5
987,889,3.0
987,1342,3.0
987,1543,2.5
987,454,4.0
987,642,3.5
987,1206,4.0
987,1401,4.5
987,1722,2.5
987,912,2.5
987,2066,4.0
987,829,4.5
987,2107,4.0
987,988,3.5
987,1769,3.0
987,1925,4.5
987,1698,3.0
987,1876,2.5
987,1239,3.5
987,517,3.5
988,1908,2.0
988,1793,3.5
988,2040,4.0
988,328,4.0
988,2091,3.0
988,1695,3.5
988,1049,2.0
988,2295,3.0
988,1430,2.5
988,574,2.5
988,113,2.5
988,1975,2.5
988,495,2.0
988,1334,2.5
988,497,3.0
989,1837,2.5
989,806,1.5
989,1366,3.0
989,1758,2.5
989,2368,3.0
989,1678,3.0
989,601,3.5
989,668,4.5
989,1254,2.0
989,1406,3.0
989,2249,3.0
989,1799,4.5
989,584,2.5
989,97,3.5
989,2172,2.0
989,2420,4.0
989,690,3.5
989,2235,3.5
989,1024,3.5
989,1699,4.5
989,1158,4.0
989,2159,2.0
989,2244,2.5
989,1345,3.0
989,209,3.0
989,2047,3.5
990,2315,2.5
990,2096,2.0
990,1496,4.0
990,267,1.0
990,1039,3.5
990,1884,3.0
990,624,2.5
990,2492,3.0
990,532,4.0
990,228,5.0
990,503,2.5
990,39,3.5
991,1772,3.0
991,1046,2.0
991,591,4.5
991,2219,2.5
991,517,2.0
991,677,2.5
991,2010,2.0
991,1223,4.0
991,1411,2.0
991,880,4.5
991,120,3.0
991,1874,4.0
991,2397,2.5
991,1790,3.5
991,541,3.5
991,35,4.0
991,619,3.5
991,938,4.0
991,58,3.5
991,372,3.5
991,1092,2.5
991,90,4.0
991,597,3.0
991,1165,2.0
991,52,4.5
991,57,3.0
991,2498,2.5
991,275,3.0
992,2197,2.0
992,1809,3.0
992,381,3.5
992,1125,1.5
992,1107,2.0
992,677,3.0
992,1805,2.5
992,1705,2.0
992,1977,1.5
992,785,2.0
992,1226,3.0
992,2104,2.5
992,1073,3.5
992,1596,2.5
992,2036,3.0
992,2322,3.0
993,1852,2.5
993,1042,2.5
993,269,1.5
993,2067,3.5
993,2314,3.0
993,1588,1.5
993,946,3.5
993,1870,4.0
993,915,1.5
993,366,2.5
993,1138,3.0
993,1336,3.5
993,1612,4.0
993,1856,4.0
993,1793,2.5
994,61,4.5
994,387,3.5
994,645,3.5
994,969,4.5
994,1729,4.0
994,2296,2.5
994,1971,4.5
994,127,2.0
994,728,3.0
994,1842,4.5
994,1879,2.5
994,907,4.5
994,1347,3.5
995,2432,3.0
995,2410,3.5
995,1083,2.0
995,914,3.0
995,2331,2.5
995,2307,3.5
995,1941,3.5
995,2447,2.0
995,1845,4.0
995,1077,2.0
995,1559,2.0
995,1101,3.5
995,1138,3.0
995,1728,1.5
995,885,2.5
995,1088,4.5
995,391,2.0
995,6,2.0
995,1823,2.0
995,883,3.0
995,245,1.5
995,692,5.0
996,765,2.5
996,2064,3.0
996,2029,1.0
996,896,3.5
996,395,3.0
996,559,1.5
996,2380,2.5
996,574,3.5
996,1486,3.0
996,2086,3.0
996,993,2.5
996,1746,3.0
996,735,3.5
996,1095,2.5
996,571,3.0
997,472,3.5
997,1514,3.0
997,500,3.5
997,2185,4.0
997,495,3.5
997,557,2.5
997,1376,3.5
997,1067,4.5
997,353,2.5
997,898,1.5
997,1735,5.0
997,2394,3.5
997,1192,3.5
997,28,3.0
997,695,3.5
997,2146,3.5
997,1766,3.5
997,1446,3.0
997,1025,3.0
998,101,3.5
998,1815,2.0
998,898,3.5
998,123,3.0
998,1300,4.0
998,1078,5.0
998,2239,3.5
998,1472,4.0
998,1369,3.5
998,869,4.5
999,2249,4.0
999,290,4.5
999,467,4.0
999,1343,3.5
999,598,4.5
999,1731,1.5
999,352,3.5
999,1136,3.0
999,627,3.0
999,1891,4.0
999,180,3.0
999,1706,2.5
999,833,4.0
999,813,3.0
999,1729,3.5
999,1050,2.5
999,1312,3.5
1000,1878,4.0
1000,1735,4.5
1000,1976,4.5
1000,338,2.5
1000,523,2.0
1000,71,3.0
1000,2448,2.5
1000,736,4.0
1000,1893,4.0
1000,1108,2.5
1000,708,2.5
1000,382,3.5
1000,1980,2.5
1000,1904,3.5
1000,460,2.5
1000,1777,2.5
1000,1189,3.0
1000,934,5.0
1000,2455,3.5
1000,1070,3.0
1001,1511,3.5
1001,1679,5.0
1001,1573,3.5
1001,2064,5.0
1001,1044,4.0
1001,1286,3.0
1001,562,2.5
1001,1528,5.0
1001,226,3.0
1001,981,3.0
1001,435,5.0
1001,1612,4.0
1001,2124,5.0
1001,1885,2.0
1001,599,1.5
1001,686,4.0
1001,1700,3.0
1001,1098,5.0
1001,249,3.5
1001,61,3.0
1001,1466,3.0
1001,276,2.5
1001,319,3.0
1001,1186,3.0
1001,1812,4.0
1001,1041,3.5
1002,386,3.5
1002,660,2.0
1002,16,3.5
1002,305,3.5
1002,2026,2.5
1002,283,2.5
1002,1962,3.5
1002,718,3.5
1002,2097,4.5
1002,227,3.5
1002,989,5.0
1002,366,4.5
1002,144,5.0
1002,1219,2.5
1002,29,3.5
1002,1059,3.0
1002,454,2.5
1002,382,5.0
1002,1332,4.0
1002,1275,4.0
1002,464,3.5
1002,556,3.5
1002,1468,3.0
1002,69,4.0
1003,73,1.5
1003,2325,3.5
1003,979,4.5
1003,1129,2.5
1003,1316,3.5
1003,1888,2.0
1003,1445,2.5
1003,1606,4.0
1003,2179,1.0
1003,1836,3.5
1003,1369,3.5
1003,440,3.0
1003,74,3.0
1003,1536,3.0
1003,1744,4.5
1003,486,2.0
1003,580,2.5
1004,1206,2.0
1004,784,3.0
1004,305,2.5
1004,1774,4.0
1004,1066,2.5
1004,2288,4.0
1004,855,2.5
1004,2174,3.0
1004,754,3.5
1004,1374,3.0
1004,959,3.0
1004,1001,2.0
1004,2123,3.0
1004,2379,4.5
1004,2422,3.5
1004,805,2.5
1004,1068,4.0
1004,1987,3.5
1004,2020,2.0
1004,1210,3.0
1005,2380,4.0
1005,1476,2.0
1005,803,4.0
1005,794,3.0
1005,245,3.5
1005,1755,4.0
1005,1220,3.0
1005,406,2.5
1005,2494,2.5
1005,958,2.5
1005,658,2.0
1005,967,3.0
1005,1136,5.0
1005,838,2.0
1005,363,3.0
1005,100,2.0
1005,1454,3.5
1005,2095,3.5
1005,1605,2.0
1005,653,3.0
1006,399,3.0
1006,585,4.0
1006,740,4.0
1006,110,3.5
1006,682,2.5
1006,514,2.0
1006,797,4.5
1006,1028,2.5
1006,1014,3.0
1006,2235,3.5
1006,2284,2.5
1006,1934,2.5
1006,1785,2.5
1006,249,3.0
1006,445,4.0
1006,1110,4.5
1006,1305,2.5
1006,2013,3.0
1006,1324,2.0
1006,496,3.0
1006,1335,5.0
1006,673,4.0
1006,164,2.5
1006,97,2.5
1006,1417,2.0
1006,2227,3.5
1006,714,3.0
1007,675,2.5
1007,174,3.0
1007,350,2.5
1007,1176,4.0
1007,573,3.0
1007,669,4.5
1007,2471,4.0
1007,758,1.0
1007,252,2.5
1007,2201,2.5
1007,548,2.0
1007,1696,5.0
1007,1321,3.5
1007,673,4.0
1007,1404,3.5
1007,874,4.0
1007,910,2.5
1007,352,4.0
1007,2183,4.5
1007,2274,3.0
1007,2191,3.5
1007,2021,4.0
1007,1423,3.5
1007,1680,4.0
1007,1131,3.0
1007,1890,3.5
1007,213,3.0
1007,133,3.0
1007,567,2.0
1008,1846,3.5
1008,1188,4.0
1008,708,3.5
1008,2164,3.5
1008,1299,3.0
1008,1150,4.5
1008,1643,2.5
1008,504,2.5
1008,961,2.5
1008,1398,3.5
1008,2497,1.0
1008,210,2.5
1008,322,3.0
1008,1417,3.5
1008,2459,2.5
1008,603,3.0
1008,2051,3.0
1008,826,1.5
1008,2072,4.0
1008,319,4.0
1008,970,3.0
1009,1775,5.0
1009,822,3.5
1009,56,3.0
1009,1920,1.5
1009,2352,2.5
1009,1851,2.0
1009,982,5.0
1009,2479,3.0
1009,221,5.0
1009,1908,3.5
1010,539,1.5
1010,1421,3.0
1010,2290,2.5
1010,1665,2.5
1010,801,4.5
1010,625,3.0
1010,1647,3.0
1010,1254,3.5
1010,115,3.5
1010,313,3.0
1010,1028,4.5
1010,597,2.5
1010,31,4.0
1010,2304,4.0
1010,2251,4.0
1010,1901,3.0
1010,1354,2.0
1010,626,3.0
1010,466,4.0
1011,331,3.5
1011,726,2.5
1011,2274,4.5
1011,683,3.5
1011,2283,4.5
1011,87,3.5
1011,2294,2.5
1011,1859,2.0
1011,1288,3.5
1011,2129,4.0
1011,1794,4.0
1011,1984,3.5
1012,1122,3.0
1012,2088,4.5
1012,1437,3.5
1012,64,3.0
1012,850,3.0
1012,1399,4.0
1012,826,4.0
1012,2491,4.0
1012,2222,3.5
1012,2345,3.5
1012,1418,2.0
1012,1675,3.0
1013,225,2.5
1013,795,1.5
1013,68,2.5
1013,2458,3.5
1013,154,4.0
1013,2140,3.5
1013,971,3.5
1013,1939,3.0
1013,1189,3.5
1013,2411,3.0
1013,797,2.5
1013,508,4.0
1013,2023,2.5
1013,879,2.5
1013,841,4.0
1013,1658,3.5
1013,1960,4.0
1013,481,2.5
1013,2286,3.5
1013,252,2.0
1014,1202,1.5
1014,1449,3.5
1014,412,4.5
1014,1775,5.0
1014,85,2.5
1014,889,2.5
1014,1309,4.0
1014,1632,3.0
1014,1345,5.0
1014,247,4.0
1014,713,4.5
1014,1538,4.5
1014,264,5.0
1014,1959,4.0
1015,2360,2.0
1015,411,3.5
1015,531,3.5
1015,2117,5.0
1015,2363,2.0
1015,1342,3.5
1015,1617,4.5
1015,2146,2.0
1015,487,2.0
1015,1758,3.0
1015,907,4.0
1015,1991,4.0
1015,597,4.5
1015,275,3.0
1015,583,4.0
1015,1982,3.0
1015,2128,3.0
1015,630,3.5
1015,541,3.0
1015,547,2.0
1016,2134,4.5
1016,1301,3.5
1016,1100,2.5
1016,1443,4.0
1016,2145,3.0
1016,1447,5.0
1016,1812,4.0
1016,859,2.5
1016,121,3.5
1016,448,3.0
1016,23,5.0
1016,2471,2.5
1016,390,3.5
1016,812,3.0
1016,1997,3.5
1016,1406,3.0
1016,2038,2.0
1016,169,4.5
1016,2064,4.5
1016,449,3.5
1016,1469,2.0
1016,1401,2.5
1017,1442,2.5
1017,262,2.0
1017,1570,3.5
1017,1240,5.0
1017,1871,4.5
1017,2084,2.5
1017,1414,2.5
1017,2273,3.5
1017,205,4.0
1017,1008,3.5
1017,2208,2.0
1017,961,3.0
1017,2160,4.0
1017,871,3.0
1017,1190,3.5
1017,1716,3.5
1017,2220,2.0
1017,968,3.5
1017,990,3.5
1017,757,3.0
1017,111,3.5
1017,409,2.0
1017,907,3.0
1017,1207,2.0
1017,1623,1.5
1017,572,3.5
1017,2466,4.5
1017,1671,5.0
1017,1655,3.5
1017,1787,5.0
1018,202,3.0
1018,896,2.0
1018,1218,3.5
1018,490,3.5
1018,1927,4.0
1018,759,3.0
1018,1905,2.0
1018,1663,3.5
1018,1504,1.0
1018,1561,2.5
1019,2403,1.0
1019,1641,2.5
1019,1674,3.0
1019,590,3.0
1019,1572,3.5
1019,1144,2.0
1019,4,2.5
1019,1883,3.5
1019,184,4.5
1019,359,1.5
1019,1616,3.5
1019,639,3.0
1019,1629,4.5
1019,1034,3.0
1019,620,3.5
1019,2036,3.0
1019,1150,4.5
1019,2020,2.5
1019,789,2.0
1019,429,3.0
1019,400,3.5
1020,1801,4.0
1020,2500,3.0
1020,1721,1.0
1020,1647,2.5
1020,1341,3.5
1020,1775,3.0
1020,1161,4.0
1020,158,3.0
1020,656,5.0
1020,1155,4.0
1021,2405,5.0
1021,778,2.5
1021,1913,3.0
1021,247,3.5
1021,32,4.0
1021,314,1.5
1021,1861,4.5
1021,97,2.0
1021,1953,2.5
1021,2059,4.5
1021,1653,2.5
1021,1004,3.0
1021,1536,3.0
1021,402,3.0
1022,640,4.0
1022,341,3.0
1022,1112,1.5
1022,757,4.0
1022,396,3.5
1022,418,3.0
1022,1959,4.0
1022,879,4.0
1022,1713,2.0
1022,2332,3.0
1022,1254,3.5
1022,376,2.5
1022,1505,4.0
1022,871,3.5
1022,1786,2.5
1022,40,3.0
1023,2385,4.5
1023,814,4.0
1023,1702,3.0
1023,2460,1.5
1023,657,4.5
1023,1942,3.5
1023,2014,4.0
1023,1114,3.0
1023,75,3.0
1023,715,3.0
1023,331,3.5
1023,862,4.5
1023,295,3.5
1023,1357,2.5
1023,1578,3.0
1023,379,3.5
1023,110,3.5
1023,13,3.0
1024,1711,4.5
1024,186,2.0
1024,917,3.5
1024,2213,4.5
1024,848,3.5
1024,124,2.0
1024,767,3.0
1024,307,1.5
1024,1026,2.5
1024,841,4.0
1024,697,4.5
1024,2220,1.5
1024,2181,3.0
1024,1490,3.0
1024,2432,3.0
1025,1201,2.0
1025,1278,3.0
1025,2462,2.0
1025,65,3.0
1025,2220,5.0
1025,178,2.0
1025,253,4.0
1025,1200,4.0
1025,67,3.0
1025,953,4.5
1025,2273,3.0
1025,641,5.0
1025,213,2.0
1025,410,3.5
1025,2419,2.5
1025,677,2.5
1025,1600,4.0
1025,937,3.0
1025,1309,3.0
1025,651,3.0
1025,1931,4.0
1025,1578,3.0
1025,1545,3.5
1025,2400,1.0
1025,1532,3.0
1025,638,4.5
1025,2050,3.5
1026,169,4.0
1026,1301,3.5
1026,926,3.0
1026,1479,2.0
1026,1297,4.5
1026,590,2.5
1026,1437,4.5
1026,2491,2.5
1026,402,3.5
1026,2214,2.0
1026,2170,3.5
1026,1532,4.0
1026,2146,3.5
1026,1438,2.5
1026,1335,3.0
1026,1693,3.5
1026,1141,3.5
1026,1691,2.5
1026,1351,2.5
1026,442,3.0
1026,478,3.0
1026,182,3.0
1027,583,5.0
1027,1380,3.0
1027,1644,1.0
1027,8,4.0
1027,928,2.5
1027,1730,2.0
1027,1226,3.0
1027,2140,3.5
1027,2185,1.0
1027,646,4.0
1027,1915,2.5
1027,1519,3.5
1027,860,2.5
1027,1611,2.5
1027,2111,3.0
1027,1311,2.0
1027,1673,2.0
1027,2426,3.5
1027,1259,3.0
1027,1901,3.0
1027,908,3.0
1027,1813,3.0
1027,1744,3.0
1028,909,5.0
1028,700,3.0
1028,2111,3.5
1028,119,2.5
1028,829,4.0
1028,2372,4.0
1028,1119,3.0
1028,733,2.5
1028,748,4.0
1028,2325,3.5
1028,1244,2.0
1028,516,4.5
1028,538,1.5
1028,2437,4.0
1028,49,2.5
1028,1556,3.0
1028,2288,4.0
1028,268,2.5
1028,950,4.5
1028,2475,2.5
1028,577,5.0
1028,1086,2.0
1028,1479,4.0
1028,2141,3.5
1029,1871,3.5
1029,2425,2.5
1029,118,3.0
1029,131,3.0
1029,747,4.0
1029,2035,1.0
1029,1084,2.5
1029,2432,4.0
1029,31,3.5
1029,2141,3.5
1029,2245,4.0
1029,416,1.5
1029,752,3.5
1029,966,3.5
1029,2258,3.0
1029,654,3.0
1029,2037,3.0
1029,347,4.0
1029,1586,3.0
1029,1344,2.5
1030,784,2.0
1030,2394,4.5
1030,1896,3.5
1030,714,4.5
1030,1005,3.5
1030,1782,4.5
1030,672,4.5
1030,56,3.0
1030,2490,3.0
1030,1299,3.5
1030,2415,4.0
1030,1841,4.0
1030,628,4.0
1030,912,2.0
1030,2453,5.0
1030,1369,3.5
1030,1247,5.0
1030,1589,4.5
1030,1683,4.0
1031,461,2.5
1031,1006,4.0
1031,1547,2.5
1031,1000,3.0
1031,440,2.5
1031,66,2.0
1031,260,2.0
1031,1694,3.5
1031,1035,3.0
1031,1128,3.5
1032,1631,2.5
1032,1889,3.5
1032,159,2.5
1032,1226,4.0
1032,1685,3.5
1032,780,3.5
1032,648,4.0
1032,1598,4.0
1032,967,3.5
1032,481,3.0
1032,785,2.5
1032,2166,3.0
1032,1240,4.0
1032,1349,4.0
1032,566,4.0
1032,889,3.5
1032,2121,2.0
1032,2292,4.5
1032,1966,4.0
1032,706,2.5
1032,1802,4.0
1033,2330,3.5
1033,1881,3.5
1033,2083,2.5
1033,772,2.5
1033,1486,2.5
1033,1767,3.5
1033,1071,3.0
1033,814,3.0
1033,193,3.0
1033,1580,3.5
1033,2233,3.0
1033,2357,2.5
1033,2345,3.5
1033,2015,3.5
1033,674,2.0
1033,1647,3.0
1033,1248,2.5
1033,1508,3.5
1033,2285,3.0
1033,715,1.5
1034,43,2.5
1034,2193,4.5
1034,612,3.5
1034,788,3.5
1034,2022,3.0
1034,2451,3.0
1034,1881,2.0
1034,1592,1.5
1034,2130,2.0
1034,2080,4.5
1034,2296,3.5
1034,73,2.5
1034,359,5.0
1034,1399,4.5
1034,491,2.5
1034,2331,3.0
1034,2301,3.5
1034,1027,4.0
1034,982,3.0
1034,199,2.0
1034,2429,5.0
1034,2068,4.5
1034,832,3.5
1034,1458,4.0
1034,1256,3.0
1034,1614,3.0
1034,1098,3.5
1034,5,4.0
1034,290,4.0
1034,1825,3.5
1035,2018,2.5
1035,506,3.0
1035,26,3.0
1035,2267,2.0
1035,1624,3.5
1035,546,4.0
1035,419,2.5
1035,2357,4.0
1035,1108,2.5
1035,338,2.0
1035,140,2.5
1035,342,4.0
1035,422,2.5
1035,1212,4.5
1035,738,2.5
1035,2201,3.0
1036,2165,3.5
1036,239,4.5
1036,149,5.0
1036,1606,2.5
1036,1938,4.5
1036,1045,3.0
1036,2468,4.5
1036,959,3.5
1036,1350,5.0
1036,1712,4.5
1036,1961,3.0
1036,1837,4.5
1036,1677,3.5
1036,2005,3.0
1036,251,5.0
1036,282,4.5
1036,943,4.5
1036,1690,3.0
1036,247,3.5
1036,2049,2.5
1036,1413,2.5
1036,1688,3.0
1037,278,5.0
1037,64,3.5
1037,1892,4.5
1037,2449,4.0
1037,419,4.5
1037,1343,3.5
1037,1674,4.0
1037,6,2.5
1037,517,5.0
1037,480,4.0
1037,1843,3.0
1037,2314,4.0
1037,1829,4.5
1037,1891,3.5
1037,2479,4.5
1037,1914,4.5
1037,1026,3.5
1037,289,4.0
1037,297,5.0
1037,1025,2.5
1037,1948,4.5
1037,2103,3.5
1038,603,2.0
1038,2101,3.5
1038,2269,2.5
1038,1243,2.0
1038,760,4.0
1038,850,5.0
1038,187,3.0
1038,368,3.0
1038,1188,2.5
1038,2481,1.5
1038,1286,3.0
1038,1148,4.0
1038,154,3.5
1038,8,2.5
1038,2491,4.0
1038,702,3.5
1038,1782,2.0
1038,1098,4.5
1038,2381,4.5
1038,36,3.5
1038,2490,2.0
1038,2334,2.0
1039,1011,4.5
1039,1576,3.5
1039,2015,3.0
1039,756,2.5
1039,2368,2.0
1039,889,3.0
1039,755,3.5
1039,786,4.0
1039,1864,3.5
1039,1527,4.0
1039,285,3.5
1039,901,3.0
1039,473,3.5
1039,2259,2.5
1039,1806,3.5
1039,773,3.0
1039,1919,3.5
1039,134,2.0
1040,1475,2.5
1040,312,3.5
1040,658,4.0
1040,1014,3.5
1040,1669,2.5
1040,759,1.5
1040,1,3.5
1040,108,3.5
1040,30,4.0
1040,1146,4.0
1040,2172,3.0
1040,1051,2.5
1040,255,2.5
1041,943,2.0
1041,1330,3.0
1041,198,3.5
1041,2443,3.5
1041,1087,2.5
1041,963,1.5
1041,635,4.5
1041,1529,3.0
1041,28,3.5
1041,2035,2.5
1041,300,3.5
1041,1883,3.0
1041,1493,1.5
1041,1953,1.0
1041,1206,3.5
1041,90,3.0
1041,223,3.0
1041,1308,4.0
1041,2326,3.0
1041,1488,2.0
1041,1456,3.0
1041,1388,3.5
1041,2348,3.0
1041,785,4.0
1041,1846,3.5
1042,2124,3.0
1042,2014,2.5
1042,591,4.0
1042,2086,4.5
1042,914,3.5
1042,343,4.0
1042,1125,2.0
1042,2025,3.5
1042,1482,3.5
1042,1141,1.5
1042,1640,4.5
1042,463,2.5
1042,999,2.5
1042,1439,3.0
1042,1210,3.5
1042,491,3.0
1042,2228,5.0
1042,2148,3.5
1043,1592,3.0
1043,779,2.5
1043,2009,2.5
1043,857,2.5
1043,1706,5.0
1043,1383,2.5
1043,1185,4.5
1043,29,3.5
1043,1731,3.5
1043,671,3.0
1044,690,2.5
1044,2160,3.5
1044,351,3.5
1044,23,5.0
1044,1232,4.5
1044,2398,3.0
1044,1929,3.0
1044,1658,4.5
1044,2022,2.5
1044,213,1.5
1044,508,4.0
1044,1056,2.5
1044,1029,5.0
1044,2216,3.5
1044,728,2.5
1044,2401,4.0
1044,1499,4.5
1044,1342,3.5
1044,1432,3.5
1045,70,2.0
1045,1338,2.5
1045,2489,1.5
1045,1818,2.5
1045,182,3.5
1045,1881,3.5
1045,58,3.5
1045,1107,3.0
1045,2454,3.5
1045,1921,3.0
1045,448,2.5
1045,1511,3.0
1045,77,3.0
1045,603,2.5
1045,1653,2.5
1045,483,3.5
1045,177,4.0
1045,1913,2.5
1045,1412,3.0
1045,178,3.0
1045,1087,2.5
1046,2039,3.0
1046,2025,2.5
1046,520,4.0
1046,1676,3.0
1046,2350,3.5
1046,1437,3.5
1046,1008,4.0
1046,1058,4.0
1046,1982,3.5
1046,285,3.0
1046,1409,2.0
1046,1251,3.5
1046,1783,4.0
1046,443,2.5
1046,2323,5.0
1046,1231,3.5
1046,1143,3.5
1046,376,2.5
1046,237,3.5
1046,1428,2.0
1046,510,2.5
1046,992,2.5
1046,1960,3.0
1046,837,3.5
1046,286,3.5
1047,2091,3.5
1047,1496,3.0
1047,1341,3.0
1047,1534,3.5
1047,585,1.5
1047,1716,4.0
1047,210,3.0
1047,5,3.0
1047,642,2.5
1047,1724,3.5
1047,1664,4.0
1047,1316,2.5
1047,1045,4.0
1047,1679,3.5
1047,961,3.0
1047,744,3.0
1047,1894,2.5
1048,1002,3.5
1048,89,3.5
1048,1560,4.0
1048,1720,3.0
1048,923,3.0
1048,2189,2.5
1048,1183,5.0
1048,435,3.0
1048,967,4.0
1048,1102,2.0
1048,2488,2.0
1048,525,2.5
1048,295,4.5
1048,225,2.5
1048,899,4.5
1048,2207,3.5
1048,2049,3.0
1048,1132,3.0
1048,826,2.5
1049,1703,3.5
1049,1632,3.0
1049,1882,3.0
1049,32,3.5
1049,2021,2.5
1049,950,4.0
1049,720,2.0
1049,1248,2.5
1049,1557,4.0
1049,1757,2.5
1049,651,2.5
1049,1567,4.5
1049,940,2.5
1049,62,3.5
1049,162,3.0
1049,1621,3.5
1049,2048,5.0
1049,2136,1.5
1050,857,3.5
1050,2396,5.0
1050,2399,3.0
1050,1900,2.0
1050,70,4.0
1050,2122,4.5
1050,436,1.5
1050,2072,4.0
1050,1001,4.0
1050,2133,4.5
1050,2006,3.5
1050,157,5.0
1050,1649,3.5
1050,1197,3.0
1050,956,3.0
1050,1837,3.5
1050,91,2.0
1050,1846,4.0
1050,9,3.5
1050,320,3.5
1050,1591,4.0
1050,409,3.5
1050,1021,3.5
1050,1182,4.5
1050,2309,2.5
1050,69,3.5
1050,1579,4.5
1050,670,4.5
1050,1095,2.5
1051,1119,3.5
1051,504,4.5
1051,1246,2.5
1051,1751,2.0
1051,2118,3.0
1051,1660,3.0
1051,2091,3.0
1051,618,4.0
1051,2045,3.0
1051,2195,3.5
1051,658,5.0
1051,1457,4.0
1051,1346,5.0
1051,2209,5.0
1051,498,2.5
1051,613,4.0
1051,113,3.5
1051,1134,4.5
1051,1971,1.5
1051,969,4.0
1051,909,2.0
1051,2336,3.5
1052,192,2.5
1052,1732,4.5
1052,378,2.5
1052,1596,3.0
1052,588,2.5
1052,2286,3.0
1052,2489,3.5
1052,2191,2.5
1052,2036,2.0
1052,1053,1.5
1052,2396,4.0
1053,246,3.5
1053,2072,2.0
1053,773,3.5
1053,290,3.0
1053,1431,2.5
1053,1210,3.0
1053,962,2.5
1053,1273,2.5
1053,1967,3.5
1053,673,3.5
1053,2184,4.5
1053,508,3.5
1053,649,2.5
1053,2202,4.0
1053,759,3.0
1053,1666,2.0
1053,2479,3.0
1053,1190,3.5
1053,2350,3.5
1053,899,4.5
1053,121,3.0
1053,1976,1.0
1053,1002,2.0
1053,628,3.5
1053,341,2.0
1053,792,3.0
1053,478,3.5
1053,1268,4.0
1053,851,4.0
1054,730,2.5
1054,2132,3.0
1054,532,3.0
1054,2341,3.5
1054,1914,3.5
1054,1301,3.0
1054,2254,5.0
1054,2050,3.0
1054,2055,3.5
1054,569,1.5
1054,1999,4.0
1054,1663,2.5
1054,425,1.0
1054,231,2.0
1054,1174,3.0
1054,1325,3.5
1054,1831,2.5
1054,1783,3.5
1054,20,3.0
1054,1361,4.5
1054,701,3.5
1054,1818,3.5
1054,2044,3.0
1054,1249,3.0
1054,759,3.5
1054,1056,3.0
1054,1080,3.0
1055,1764,4.0
1055,1951,3.5
1055,887,2.0
1055,2229,2.0
1055,1255,5.0
1055,270,3.5
1055,514,2.5
1055,1321,3.5
1055,2418,3.0
1055,424,4.0
1055,1170,4.5
1055,1082,3.0
1055,1220,2.0
1055,1679,2.5
1056,1821,3.5
1056,1396,4.5
1056,78,3.5
1056,971,2.5
1056,353,2.0
1056,2077,2.0
1056,1002,4.0
1056,1050,3.5
1056,1268,2.5
1056,2318,2.0
1056,2294,3.0
1056,1340,2.5
1056,101,3.5
1056,747,3.0
1056,1361,3.5
1056,1104,3.0
1056,1229,3.5
1056,681,3.0
1056,1482,2.5
1056,2367,1.5
1056,1183,2.5
1056,1903,3.5
1057,181,5.0
1057,2202,3.5
1057,402,2.0
1057,120,2.5
1057,735,1.5
1057,2347,4.0
1057,614,3.0
1057,1807,4.0
1057,1491,3.5
1057,1856,2.5
1057,553,3.0
1057,1788,3.5
1057,1876,2.5
1058,1725,3.0
1058,1858,3.5
1058,285,3.0
1058,936,4.0
1058,262,2.5
1058,1695,3.0
1058,2396,4.5
1058,2162,4.0
1058,349,2.5
1058,1819,2.0
1058,618,3.0
1058,2239,2.5
1058,155,2.5
1058,796,3.0
1058,2151,5.0
1058,1375,4.5
1058,2297,2.5
1058,1870,3.0
1058,1016,2.5
1059,1253,3.0
1059,244,3.5
1059,758,2.5
1059,1440,3.5
1059,1244,3.0
1059,1334,4.0
1059,1348,3.0
1059,1098,4.0
1059,582,3.5
1059,1196,3.5
1059,2475,4.0
1059,462,4.0
1060,1830,3.5
1060,2296,3.5
1060,2318,3.0
1060,865,4.0
1060,2052,2.5
1060,930,2.0
1060,680,3.5
1060,1594,3.0
1060,2451,1.5
1060,917,3.0
1060,103,4.0
1060,2410,3.5
1060,1167,3.0
1060,301,3.5
1060,2212,2.5
1060,2067,3.0
1060,2099,5.0
1060,570,3.0
1061,1618,3.5
1061,257,4.0
1061,715,1.5
1061,922,2.0
1061,1845,3.0
1061,1466,4.0
1061,1558,1.0
1061,1275,3.0
1061,254,3.0
1061,1820,3.5
1061,351,3.5
1061,1893,4.0
1061,1190,2.0
1061,1302,3.0
1061,359,2.0
1061,1624,3.0
1061,245,3.0
1061,217,4.0
1061,735,3.0
1062,1389,2.5
1062,1642,4.0
1062,757,4.0
1062,1989,3.0
1062,193,4.0
1062,1544,4.5
1062,2075,3.0
1062,692,3.5
1062,1471,3.5
1062,589,2.5
1062,566,3.5
1062,785,2.5
1062,389,3.5
1062,1330,3.0
1062,364,3.5
1062,1673,3.0
1062,2006,4.0
1062,568,2.0
1062,10,3.5
1062,2020,3.0
1062,814,3.0
1062,1018,5.0
1062,309,2.0
1062,585,3.5
1062,1419,3.5
1062,800,3.5
1062,68,3.5
1062,376,3.0
1063,2444,4.0
1063,856,2.5
1063,426,1.5
1063,1333,3.0
1063,1970,2.0
1063,2001,2.5
1063,201,1.0
1063,641,2.5
1063,402,3.5
1063,1823,4.0
1063,781,3.5
1063,1052,3.0
1064,1735,2.5
1064,1941,3.0
1064,1521,3.5
1064,1298,3.0
1064,963,1.5
1064,2022,2.5
1064,1318,3.0
1064,1193,3.0
1064,1140,3.0
1064,2380,2.5
1064,901,3.0
1064,60,3.5
1064,284,3.0
1064,147,3.0
1064,261,3.5
1064,1394,3.5
1064,998,2.5
1064,2130,2.5
1064,50,2.5
1064,1811,3.5
1064,82,3.5
1064,175,3.5
1064,2385,3.0
1064,2354,2.0
1064,1261,4.0
1064,170,3.0
1064,625,3.0
1064,2095,4.5
1064,2098,2.0
1064,2072,2.5
1065,1832,2.0
1065,2164,3.5
1065,1361,3.5
1065,1945,3.5
1065,2428,3.0
1065,217,2.5
1065,2113,3.0
1065,1499,3.0
1065,81,4.0
1065,1854,3.0
1065,800,3.5
1065,1629,2.5
1065,2423,2.0
1065,2486,3.5
1065,233,4.5
1065,1876,3.5
1065,667,3.5
1065,2251,4.0
1065,1683,3.5
1065,2398,3.5
1065,202,3.0
1065,1669,2.5
1065,988,2.5
1065,2093,5.0
1065,2362,3.0
1065,1886,4.0
1065,1588,3.5
1065,723,4.0
1065,2046,4.0
1066,343,3.5
1066,1717,3.0
1066,232,4.5
1066,1573,4.0
1066,881,3.0
1066,1613,4.0
1066,378,3.5
1066,1137,3.0
1066,1338,4.5
1066,135,4.0
1066,1939,4.0
1066,644,4.0
1066,1280,4.5
1066,1589,3.0
1066,292,4.0
1066,2423,3.5
1066,1756,4.5
1066,121,1.5
1066,243,4.5
1066,1371,3.0
1066,1248,3.5
1067,1079,4.0
1067,1177,1.5
1067,1432,4.0
1067,571,3.0
1067,719,3.0
1067,1486,3.0
1067,741,2.5
1067,195,3.0
1067,1206,3.0
1067,905,2.5
1067,2022,2.5
1067,10,3.5
1067,1889,5.0
1067,690,3.0
1067,746,3.5
1067,2244,4.0
1067,593,3.0
1067,1664,3.5
1067,1701,3.5
1067,1416,4.5
1067,1705,3.0
1067,782,2.5
1068,1651,3.0
1068,1258,4.5
1068,880,4.0
1068,102,1.5
1068,38,3.0
1068,689,2.5
1068,1978,3.5
1068,1817,4.0
1068,300,3.5
1068,11,2.5
1068,253,2.5
1068,941,4.0
1068,2107,1.0
1068,1725,5.0
1068,2278,2.5
1068,1382,3.5
1068,1869,2.5
1068,987,3.5
1068,1562,5.0
1068,860,1.5
1068,1546,3.0
1068,2122,4.0
1068,2312,2.5
1068,97,5.0
1068,1583,4.5
1068,1718,5.0
1068,2326,3.5
1068,786,3.0
1068,831,3.0
1068,1713,3.5
1069,1668,3.5
1069,125,2.5
1069,1354,5.0
1069,987,2.5
1069,2442,3.5
1069,467,4.5
1069,2412,3.5
1069,245,3.5
1069,1443,3.0
1069,2479,1.0
1069,1087,2.5
1069,437,2.5
1069,1593,4.5
1069,1124,4.5
1069,1303,3.0
1069,1431,3.0
1070,482,1.0
1070,2036,2.0
1070,1378,3.5
1070,974,3.5
1070,1804,2.5
1070,1594,2.5
1070,469,3.5
1070,1742,3.0
1070,1047,3.0
1070,470,4.0
1070,2095,4.0
1070,2459,2.5
1070,589,4.0
1070,1013,3.5
1070,1867,2.5
1070,171,2.5
1070,1294,3.0
1071,1410,3.5
1071,1234,4.5
1071,1491,4.5
1071,23,4.5
1071,484,3.5
1071,1843,4.0
1071,2006,2.5
1071,200,3.0
1071,607,3.0
1071,1318,5.0
1071,2242,5.0
1072,2223,3.0
1072,2001,2.5
1072,1201,3.0
1072,901,2.5
1072,680,4.0
1072,1814,4.0
1072,2188,3.5
1072,1888,1.5
1072,1700,3.0
1072,1436,4.0
1072,2190,3.5
1072,2362,2.5
1072,314,4.0
1072,478,4.5
1072,1357,3.0
1072,1414,2.5
1072,1034,2.5
1072,854,3.5
1072,160,5.0
1072,220,3.0
1072,1075,3.0
1072,1260,4.0
1072,1970,1.5
1072,2048,3.0
1072,613,3.0
1072,847,3.0
1072,682,3.5
1072,180,2.5
1073,2144,3.0
1073,2128,3.0
1073,428,2.5
1073,1384,2.5
1073,257,4.5
1073,373,4.0
1073,2433,4.0
1073,489,3.5
1073,2169,3.5
1073,556,4.5
1073,1949,2.5
1073,2105,3.5
1073,697,3.5
1074,740,4.0
1074,39,3.0
1074,1637,3.0
1074,513,3.5
1074,857,2.0
1074,1602,3.0
1074,1768,3.0
1074,1212,4.0
1074,2438,4.0
1074,1376,4.0
1074,2198,3.0
1074,340,2.0
1074,1284,3.0
1074,545,3.5
1074,1439,2.5
1074,1755,5.0
1074,184,2.5
1074,2024,3.5
1074,517,3.0
1074,1958,3.5
1074,1730,2.0
1075,2307,3.5
1075,547,3.0
1075,863,5.0
1075,326,3.0
1075,1110,1.5
1075,1830,2.0
1075,1092,3.5
1075,561,3.0
1075,2198,3.0
1075,1913,2.5
1075,420,3.0
1075,2086,4.0
1075,698,3.5
1075,968,4.5
1075,1519,4.5
1075,64,3.5
1075,1405,4.5
1075,1708,1.5
1075,1724,2.5
1075,130,3.0
1075,1349,3.5
1075,1411,3.0
1075,1774,4.0
1075,2456,3.0
1076,316,5.0
1076,940,4.0
1076,1197,1.5
1076,658,2.0
1076,2287,2.5
1076,1290,3.0
1076,1968,3.5
1076,671,3.0
1076,328,2.5
1076,1659,3.0
1076,1909,3.0
1076,1936,3.0
1076,684,3.5
1076,493,5.0
1076,1442,2.0
1076,1043,3.0
1076,1186,4.0
1076,2232,3.0
1076,512,3.0
1076,1456,2.0
1076,1015,2.5
1076,2122,3.5
1076,552,4.5
1076,2177,4.5
1076,2430,3.5
1076,116,3.0
1076,1133,5.0
1076,1943,4.0
1076,2468,4.0
1076,991,3.5
1077,1452,4.0
1077,2274,3.5
1077,908,3.0
1077,716,4.5
1077,418,3.0
1077,740,4.0
1077,686,3.5
1077,1260,2.5
1077,525,2.0
1077,2099,4.0
1077,1874,2.5
1077,1770,2.5
1077,223,3.0
1077,2164,3.5
1077,2265,3.5
1078,490,5.0
1078,80,2.0
1078,2494,3.0
1078,2149,3.0
1078,1485,3.5
1078,1025,3.0
1078,1227,5.0
1078,352,4.0
1078,169,3.0
1078,1700,4.0
1078,1705,2.0
1078,2042,2.0
1079,2480,4.0
1079,1878,3.0
1079,1634,4.0
1079,1608,2.0
1079,62,3.5
1079,2023,2.0
1079,1358,3.5
1079,2410,4.5
1079,1687,3.0
1079,373,4.0
1079,672,2.5
1079,986,3.0
1079,766,3.0
1079,1107,2.0
1079,2325,3.5
1079,1530,2.0
1079,1219,2.5
1079,743,4.0
1080,1945,3.0
1080,752,4.5
1080,373,4.5
1080,1182,4.5
1080,52,2.5
1080,18,2.0
1080,576,3.5
1080,322,2.0
1080,780,4.5
1080,1234,4.0
1080,2160,3.5
1080,1343,5.0
1080,1148,3.5
1080,974,3.5
1080,320,4.0
1080,1475,3.5
1080,762,3.0
1081,2381,2.5
1081,1123,3.0
1081,103,2.5
1081,1533,4.0
1081,2380,3.0
1081,825,4.5
1081,269,5.0
1081,1175,2.5
1081,1339,3.5
1081,494,2.5
1081,394,1.5
1081,1354,4.0
1081,46,3.5
1082,1590,4.0
1082,2016,1.0
1082,1366,2.0
1082,763,3.5
1082,1652,3.0
1082,2353,3.0
1082,1642,4.0
1082,1544,4.0
1082,2288,3.5
1082,1086,2.5
1082,22,1.5
1082,1000,2.5
1082,846,2.0
1082,1745,3.5
1082,1074,3.0
1082,560,3.0
1082,174,3.0
1082,1907,4.5
1082,1666,3.0
1082,2184,2.5
1082,731,3.5
1082,1162,1.5
1082,233,3.0
1082,2166,4.0
1082,1266,2.5
1082,1592,2.0
1082,1196,4.0
1083,876,2.5
1083,906,4.5
1083,1758,1.5
1083,1269,2.5
1083,1041,2.5
1083,59,3.5
1083,2001,2.5
1083,2280,3.0
1083,1287,3.5
1083,1144,4.5
1083,361,2.5
1083,1105,4.0
1083,863,4.0
1083,2210,5.0
1083,274,4.0
1083,2295,3.5
1083,1274,5.0
1083,522,3.0
1083,1552,3.0
1083,2229,1.5
1083,1,1.5
1083,533,4.0
1083,697,2.5
1083,2360,3.5
1084,1549,3.5
1084,1279,3.0
1084,1515,3.5
1084,1107,3.0
1084,1885,2.0
1084,897,3.0
1084,1357,3.5
1084,2200,3.0
1084,1065,4.5
1084,625,3.0
1084,1126,2.5
1084,1192,3.5
1084,1550,4.0
1084,740,2.5
1084,36,3.0
1084,411,3.0
1084,580,3.5
1084,112,4.0
1084,2157,3.0
1084,648,2.0
1084,2272,3.5
1084,267,5.0
1084,723,3.5
1084,2270,4.0
1084,1302,3.5
1084,1453,4.0
1084,865,3.5
1084,1122,4.5
1084,1399,3.5
1084,1719,2.5
1085,862,2.5
1085,1095,2.0
1085,379,3.5
1085,887,2.0
1085,1406,2.0
1085,108,3.5
1085,2459,2.0
1085,1254,2.0
1085,1112,2.5
1085,198,3.0
1085,1917,4.0
1085,1075,3.0
1086,1259,4.0
1086,2380,2.5
1086,1253,3.0
1086,464,1.0
1086,558,4.0
1086,114,3.5
1086,349,1.5
1086,1187,2.5
1086,1725,3.0
1086,475,3.0
1086,1142,3.5
1086,1204,3.0
1086,958,3.5
1086,142,2.5
1087,2376,5.0
1087,1438,2.5
1087,1563,4.0
1087,335,4.5
1087,858,3.0
1087,530,3.0
1087,2088,3.0
1087,2197,4.0
1087,99,4.5
1087,871,2.5
1087,1138,3.5
1087,2469,5.0
1087,1820,3.5
1087,973,4.5
1087,713,4.0
1087,1476,1.5
1087,554,4.0
1087,522,4.0
1087,2147,5.0
1087,2196,4.0
1087,1590,1.5
1087,944,3.5
1087,746,2.5
1087,57,5.0
1087,1951,5.0
1087,1876,5.0
1087,1930,5.0
1088,2409,3.0
1088,884,3.0
1088,1506,3.5
1088,310,2.5
1088,2403,4.5
1088,918,1.0
1088,2285,3.5
1088,415,3.5
1088,155,3.5
1088,110,3.5
1088,1968,2.5
1088,1739,2.0
1088,1447,4.0
1088,1244,2.5
1088,2405,4.0
1088,1064,4.5
1088,819,3.0
1088,1295,3.0
1088,485,3.5
1088,588,2.0
1088,745,2.5
1088,1732,2.5
1089,1911,3.5
1089,455,3.5
1089,1479,3.5
1089,1541,3.0
1089,1048,4.0
1089,315,4.0
1089,606,2.0
1089,632,4.0
1089,1663,4.0
1089,248,3.0
1089,1671,3.0
1089,99,3.0
1089,1849,3.0
1089,2102,2.5
1089,1971,3.5
1089,301,2.5
1089,41,3.0
1090,2403,4.5
1090,276,2.0
1090,2358,3.0
1090,735,4.0
1090,1849,4.0
1090,1770,2.0
1090,1070,3.0
1090,1242,2.0
1090,1127,3.5
1090,1994,2.0
1090,1784,2.5
1090,23,3.0
1090,275,2.5
1090,1828,4.0
1090,613,3.5
1090,599,1.5
1090,726,2.0
1090,1169,3.5
1090,2389,1.0
1090,1022,2.0
1090,1699,3.5
1090,367,2.0
1091,1148,2.0
1091,2365,3.0
1091,35,3.5
1091,808,2.0
1091,2423,4.5
1091,1699,2.5
1091,1347,3.0
1091,686,2.0
1091,2088,2.0
1091,1053,2.0
1091,166,4.0
1091,1296,4.5
1091,849,3.0
1091,944,3.5
1091,2243,2.5
1091,863,5.0
1091,2301,3.0
1091,1264,4.0
1092,520,2.5
1092,2364,3.0
1092,39,4.5
1092,1369,3.0
1092,847,2.5
1092,602,2.0
1092,2201,3.5
1092,1606,2.0
1092,650,2.5
1092,2465,3.5
1092,1672,3.5
1092,2065,2.5
1092,703,3.5
1092,1483,3.5
1092,177,3.0
1092,1498,3.0
1092,2336,2.0
1092,1807,3.0
1092,1360,2.0
1092,1171,4.0
1092,983,2.5
1092,570,4.0
1092,1565,3.0
1092,2045,3.0
1092,68,4.0
1092,1962,3.0
1092,413,3.0
1093,1375,3.5
1093,1733,3.5
1093,214,3.5
1093,1325,3.0
1093,216,4.5
1093,1907,3.5
1093,133,4.0
1093,843,3.0
1093,17,3.5
1093,1022,3.5
1093,1856,2.5
1093,290,3.5
1093,1672,3.0
1093,1924,3.0
1093,11,4.5
1093,336,4.5
1093,189,4.5
1093,2000,3.5
1093,1875,2.0
1093,258,4.0
1093,354,4.0
1093,2251,1.0
1093,2290,4.5
1093,899,1.5
1093,824,3.5
1093,1275,4.5
1093,1599,2.5
1093,1153,4.0
1094,2163,3.0
1094,1088,2.5
1094,2351,3.0
1094,2112,3.5
1094,1393,1.5
1094,938,3.5
1094,1278,2.5
1094,244,4.5
1094,2065,1.0
1094,1675,2.5
1095,128,3.5
1095,2007,4.5
1095,449,2.0
1095,2030,3.0
1095,2237,2.5
1095,630,2.0
1095,2104,3.0
1095,91,4.0
1095,520,3.0
1095,961,3.5
1095,1752,4.0
1095,937,2.0
1095,1733,3.0
1095,653,3.5
1095,590,3.5
1095,2071,1.5
1095,1590,2.5
1095,342,2.0
1095,193,4.5
1095,251,3.0
1095,604,4.0
1095,737,4.0
1095,1443,3.0
1096,1032,2.5
1096,2015,2.0
1096,254,4.0
1096,360,3.5
1096,2123,3.0
1096,778,3.0
1096,141,2.5
1096,2224,3.0
1096,828,3.0
1096,1787,3.0
1096,2078,5.0
1097,1548,3.5
1097,448,2.5
1097,2375,3.0
1097,1966,2.5
1097,188,3.0
1097,348,3.0
1097,1006,3.0
1097,1040,4.0
1097,2383,4.0
1097,1621,4.0
1097,638,4.5
1098,807,3.0
1098,1322,4.0
1098,1146,2.0
1098,844,3.5
1098,1332,1.0
1098,70,3.5
1098,925,3.0
1098,841,3.0
1098,237,3.0
1098,2079,3.5
1098,2384,1.5
1098,2064,4.5
1098,2033,3.5
1098,1529,2.5
1098,112,3.0
1098,1506,4.0
1098,695,2.5
1099,898,3.0
1099,1849,3.0
1099,1914,4.5
1099,1589,3.5
1099,2039,2.5
1099,490,4.0
1099,1311,3.5
1099,2085,1.5
1099,1737,3.0
1099,1552,2.5
1099,1138,5.0
1099,239,3.5
1099,101,2.5
1100,582,2.0
1100,1934,3.5
1100,1509,3.5
1100,183,3.5
1100,384,2.5
1100,962,3.0
1100,1890,3.0
1100,963,3.5
1100,401,3.0
1100,1143,3.5
1100,2195,3.5
1100,814,2.0
1100,664,4.5
1100,1093,5.0
1100,1680,1.5
1100,1621,4.5
1100,887,3.0
1100,780,4.0
1100,1558,2.5
1101,1218,3.0
1101,192,4.5
1101,1852,2.5
1101,403,3.0
1101,777,3.0
1101,2227,2.0
1101,1919,3.5
1101,1060,2.5
1101,2125,2.5
1101,2430,2.0
1101,1372,3.5
1101,1761,2.5
1101,1438,3.5
1101,1422,3.5
1102,1864,2.0
1102,160,2.5
1102,786,3.5
1102,475,4.0
1102,567,3.0
1102,2024,4.5
1102,944,3.0
1102,300,2.5
1102,2415,2.5
1102,145,3.0
1102,2001,5.0
1102,2253,3.5
1102,928,4.0
1102,2426,4.5
1102,1574,2.5
1102,1389,2.5
1102,2139,3.5
1102,322,3.0
1102,1894,2.5
1102,431,2.5
1102,1397,3.0
1102,2432,4.0
1102,289,2.5
1102,1436,2.0
1102,2203,4.0
1102,2081,4.0
1102,435,4.0
1102,570,2.0
1103,2067,3.5
1103,223,2.0
1103,1237,4.5
1103,352,2.0
1103,1613,2.5
1103,1362,2.5
1103,249,3.5
1103,1781,3.0
1103,2202,4.5
1103,880,3.0
1103,2419,3.0
1103,1617,3.0
1103,2238,4.0
1103,1198,2.5
1103,855,4.0
1103,1932,4.5
1103,1069,2.0
1103,369,3.0
1103,1957,3.0
1103,1818,4.0
1104,522,3.0
1104,2298,3.5
1104,416,1.5
1104,2318,4.0
1104,2044,4.0
1104,419,5.0
1104,751,5.0
1104,965,4.0
1104,992,3.5
1104,1697,4.5
1104,2005,3.5
1104,690,2.5
1104,896,3.5
1104,1287,2.0
1104,376,5.0
1104,1099,2.0
1104,1964,2.0
1104,779,3.5
1104,1539,3.5
1104,62,2.5
1104,2459,3.5
1104,97,3.0
1104,180,3.0
1104,964,2.5
1104,1056,3.5
1104,758,2.5
1104,730,3.5
1104,2411,2.0
1105,940,4.0
1105,704,4.5
1105,2291,3.5
1105,416,4.5
1105,1897,2.5
1105,526,5.0
1105,2434,4.0
1105,2299,3.0
1105,723,4.5
1105,186,4.0
1105,318,4.0
1105,1589,3.0
1105,2217,4.0
1105,2083,5.0
1105,1283,2.5
1106,2357,5.0
1106,1686,2.0
1106,815,4.0
1106,761,3.0
1106,2386,3.0
1106,948,2.5
1106,2131,3.5
1106,947,2.0
1106,1383,3.5
1106,1641,4.0
1106,1164,2.5
1106,369,5.0
1106,1091,4.0
1106,2140,3.0
1106,1714,5.0
1106,42,2.5
1106,580,4.5
1106,1233,4.0
1106,2371,3.5
1106,1196,3.5
1106,2446,3.5
1106,2211,3.0
1106,1497,4.0
1107,1585,3.0
1107,1988,3.5
1107,681,2.5
1107,1953,3.0
1107,687,3.5
1107,148,3.5
1107,2459,2.5
1107,1931,3.5
1107,301,2.5
1107,1123,2.5
1107,931,3.0
1107,451,3.5
1107,1890,2.5
1107,2384,3.0
1107,1968,3.5
1107,436,5.0
1107,1933,1.5
1107,105,3.5
1107,174,3.0
1107,566,2.5
1107,723,3.5
1107,1569,2.0
1107,719,2.5
1107,1852,2.0
1107,1394,5.0
1107,1146,2.0
1107,512,3.5
1108,1201,2.5
1108,69,3.5
1108,1306,2.5
1108,1378,4.0
1108,511,4.0
1108,52,2.5
1108,2480,4.0
1108,475,5.0
1108,1326,4.0
1108,645,3.5
1108,2056,4.5
1108,1895,4.0
1108,1188,4.5
1108,158,4.0
1108,1339,3.0
1108,1246,5.0
1108,1223,4.0
1108,2399,3.5
1108,1515,3.5
1108,549,4.0
1108,663,2.5
1108,1270,2.0
1108,350,3.0
1108,2408,2.5
1108,1503,5.0
1108,836,1.0
1108,2491,3.0
1108,2076,2.5
1108,255,4.0
1109,966,2.0
1109,1960,4.5
1109,297,3.0
1109,870,3.0
1109,1366,3.5
1109,2376,2.5
1109,1802,2.5
1109,1940,2.5
1109,1163,2.5
1109,2248,4.5
1109,2154,3.5
1109,1172,2.5
1109,180,1.5
1109,1545,3.0
1109,1641,3.0
1109,2100,2.5
1109,2381,3.5
1109,246,2.0
1109,1964,4.0
1109,2413,5.0
1109,2095,4.0
1109,698,3.0
1109,1079,4.0
1109,887,4.0
1109,1821,3.5
1110,1308,2.5
1110,1982,3.0
1110,720,3.0
1110,1407,3.0
1110,1224,1.5
1110,1283,3.0
1110,1667,1.5
1110,2471,3.5
1110,1700,3.5
1110,1494,3.0
1110,2428,2.0
1110,1883,3.0
1111,1289,2.0
1111,1801,4.0
1111,1171,3.5
1111,2378,2.5
1111,2083,5.0
1111,2472,3.5
1111,1628,4.5
1111,150,4.5
1111,519,4.5
1111,424,4.5
1112,1672,4.5
1112,1294,3.5
1112,854,3.0
1112,31,3.5
1112,449,2.5
1112,216,4.0
1112,66,5.0
1112,1566,1.0
1112,2365,2.5
1112,1469,3.5
1112,2190,4.0
1112,553,5.0
1112,71,3.0
1113,388,3.0
1113,2188,5.0
1113,2158,3.0
1113,627,3.5
1113,1301,2.0
1113,1684,3.0
1113,2351,2.5
1113,64,4.0
1113,2468,4.0
1113,612,1.5
1113,2057,3.5
1113,507,3.0
1114,1639,4.0
1114,2392,3.5
1114,966,3.0
1114,2452,4.0
1114,2359,4.0
1114,2125,4.0
1114,831,3.5
1114,151,3.0
1114,82,3.5
1114,1544,2.0
1114,874,3.5
1114,2093,5.0
1114,2183,5.0
1114,887,5.0
1114,2203,2.0
1114,1104,4.0
1114,1443,4.0
1114,1902,3.0
1114,1138,4.0
1114,285,3.0
1114,2257,2.5
1114,1112,2.0
1114,471,3.0
1114,83,3.0
1114,2480,3.0
1114,1315,3.0
1115,859,2.5
1115,817,2.5
1115,2375,3.0
1115,581,2.5
1115,1400,2.5
1115,1996,3.0
1115,96,4.0
1115,1737,3.0
1115,589,3.5
1115,1363,3.5
1115,1555,3.0
1115,1803,2.5
1115,1317,3.5
1115,2004,3.0
1116,2017,3.5
1116,2345,3.5
1116,2104,2.5
1116,1708,4.0
1116,2,3.5
1116,2212,1.0
1116,484,5.0
1116,1266,3.0
1116,365,4.0
1116,684,3.0
1116,2415,4.5
1116,1562,4.0
1116,863,3.0
1116,137,2.5
1116,1490,3.5
1116,1660,4.5
1116,1718,3.5
1116,1023,4.5
1116,1714,2.5
1116,1659,2.5
1116,1267,3.0
1116,622,3.0
1116,1477,2.5
1116,1915,3.0
1116,1698,4.0
1116,1121,5.0
1117,2377,3.5
1117,801,2.0
1117,1843,3.5
1117,2441,3.5
1117,889,2.5
1117,1730,1.5
1117,78,3.0
1117,1318,2.5
1117,245,4.0
1117,634,3.5
1117,1339,2.5
1117,2297,2.5
1117,1940,1.0
1117,2001,3.5
1117,647,2.0
1117,437,4.0
1117,890,4.0
1117,1344,4.5
1117,2106,3.5
1117,1880,3.5
1117,1954,5.0
1117,576,3.5
1117,1085,2.0
1117,102,2.5
1117,2324,2.5
1117,1717,1.5
1117,1199,4.0
1117,729,3.5
1118,2385,3.5
1118,2493,1.5
1118,1148,3.5
1118,1752,3.0
1118,1203,2.0
1118,1308,2.5
1118,1886,3.5
1118,1139,3.0
1118,354,1.5
1118,1286,3.0
1118,1378,2.5
1118,1018,5.0
1118,1846,4.5
1118,1948,3.0
1118,160,5.0
1118,2295,2.5
1118,895,3.5
1118,2313,3.0
1118,527,4.5
1118,1950,3.0
1118,1296,3.5
1118,870,2.5
1118,682,3.0
1119,2465,3.0
1119,36,3.0
1119,1380,2.0
1119,2249,3.5
1119,2313,2.0
1119,903,2.0
1119,2292,2.5
1119,2331,3.5
1119,1840,3.0
1119,761,4.0
1119,644,2.5
1120,2349,2.0
1120,1176,4.0
1120,396,2.5
1120,869,3.0
1120,815,4.5
1120,1592,4.5
1120,1307,2.0
1120,151,4.0
1120,1721,2.0
1120,546,2.0
1120,402,2.5
1120,2067,2.0
1120,1054,1.5
1120,1226,1.5
1120,1833,2.5
1121,444,2.0
1121,2055,3.0
1121,750,4.0
1121,2107,5.0
1121,1069,3.0
1121,917,3.0
1121,2010,3.0
1121,320,3.5
1121,2100,3.0
1121,1705,3.5
1122,143,3.5
1122,1823,1.5
1122,840,2.5
1122,2354,3.0
1122,1167,3.0
1122,835,1.5
1122,1408,2.0
1122,261,4.0
1122,120,2.0
1122,21,3.5
1122,2087,2.5
1122,420,2.5
1122,2228,2.5
1122,935,4.0
1122,1413,3.5
1122,12,3.5
1122,427,3.0
1122,2494,2.5
1122,1336,3.0
1122,808,2.5
1122,1026,2.0
1123,624,3.5
1123,227,4.5
1123,2409,3.5
1123,1852,2.5
1123,1780,4.0
1123,36,2.0
1123,1514,4.5
1123,2438,3.5
1123,603,5.0
1123,455,5.0
1123,1255,3.5
1123,679,4.5
1123,2030,2.5
1123,417,3.0
1123,2429,3.0
1123,567,4.0
1123,2316,2.0
1123,1861,2.5
1123,1737,4.0
1123,2401,2.5
1123,743,3.5
1123,1521,3.0
1123,2172,3.5
1123,1932,3.0
1123,783,2.0
1123,199,1.5
1123,2143,3.0
1123,533,3.0
1124,845,2.5
1124,679,4.0
1124,1276,3.5
1124,1721,4.0
1124,317,3.5
1124,1911,5.0
1124,1069,3.0
1124,150,5.0
1124,1450,2.0
1124,1784,4.5
1124,2244,5.0
1124,1133,3.0
1124,1885,4.0
1124,357,4.0
1124,1955,5.0
1124,1414,4.5
1124,2446,2.0
1124,385,4.0
1124,1859,3.5
1125,1363,4.5
1125,157,3.5
1125,1823,2.5
1125,1029,3.0
1125,1837,3.5
1125,352,2.0
1125,99,1.5
1125,1557,3.5
1125,127,4.0
1125,671,3.5
1125,470,3.5
1125,1905,4.5
1126,328,3.0
1126,2247,4.5
1126,816,3.0
1126,1448,5.0
1126,1759,4.5
1126,6,2.0
1126,1412,4.5
1126,706,4.5
1126,332,3.0
1126,354,3.5
1126,1994,5.0
1126,1196,3.0
1126,1268,3.5
1126,1461,1.5
1126,48,3.5
1126,2005,3.0
1126,915,3.0
1126,754,5.0
1126,1864,5.0
1126,391,3.0
1126,1569,1.0
1126,1411,2.5
1126,2049,4.0
1126,923,4.5
1127,1371,2.0
1127,549,3.0
1127,1606,3.5
1127,406,3.5
1127,1646,4.0
1127,2343,2.0
1127,668,4.0
1127,1445,5.0
1127,1614,5.0
1127,1868,3.5
1127,1977,3.0
1127,2317,4.0
1127,1531,3.5
1127,960,4.0
1127,102,3.0
1127,1476,3.0
1127,2373,5.0
1127,2387,3.5
1127,548,2.5
1127,719,3.5
1127,2068,3.0
1127,403,4.0
1127,28,3.0
1127,1688,2.5
1127,122,5.0
1127,346,4.0
1128,742,3.5
1128,1518,1.5
1128,2267,4.5
1128,1917,2.5
1128,2181,2.0
1128,459,2.5
1128,332,3.0
1128,993,3.0
1128,2464,4.0
1128,1694,2.5
1128,2418,3.5
1128,2368,3.5
1128,249,2.0
1128,202,3.0
1128,1900,2.5
1128,1463,3.0
1128,1615,2.0
1128,837,3.5
1128,2099,3.5
1128,2172,4.0
1128,1237,3.5
1128,693,4.0
1128,1426,2.5
1128,2159,3.5
1128,1195,3.0
1128,217,2.5
1128,954,3.5
1128,720,2.5
1129,1160,3.0
1129,1276,3.5
1129,2288,4.0
1129,1695,3.5
1129,1888,3.5
1129,1949,4.0
1129,2165,2.5
1129,2304,2.5
1129,1646,3.0
1129,1758,3.0
1129,2069,2.5
1129,2014,1.0
1129,98,3.5
1129,1193,2.5
1129,645,3.5
1129,1870,2.5
1129,213,3.5
1130,826,3.5
1130,213,2.5
1130,993,3.5
1130,155,3.0
1130,664,3.5
1130,626,1.0
1130,1943,2.0
1130,693,3.0
1130,612,2.5
1130,1013,4.0
1130,1123,4.0
1130,1138,2.5
1130,139,4.5
1130,618,3.0
1130,732,2.5
1130,1535,3.5
1130,484,5.0
1130,2186,5.0
1130,518,3.0
1130,1693,3.0
1130,855,2.0
1130,1470,3.5
1130,2022,2.5
1130,1213,4.0
1130,2206,3.5
1130,2182,3.5
1130,1081,4.5
1130,419,2.5
1130,2190,2.0
1131,2072,4.0
1131,900,3.5
1131,2347,4.0
1131,171,4.0
1131,68,3.0
1131,2307,3.0
1131,619,5.0
1131,817,3.5
1131,941,3.0
1131,2441,2.0
1131,740,2.0
1131,1819,4.0
1131,2393,2.0
1131,242,3.5
1131,2355,2.5
1131,1230,3.5
1131,846,3.0
1131,2392,4.0
1131,1695,4.0
1131,1456,2.5
1131,118,2.5
1131,784,2.5
1131,1259,3.0
1131,1904,2.5
1132,834,5.0
1132,2390,3.5
1132,929,2.0
1132,1996,5.0
1132,1855,1.5
1132,1879,2.5
1132,1002,2.0
1132,1016,3.5
1132,2251,1.5
1132,948,4.0
1132,1691,3.0
1132,773,3.5
1132,2385,3.0
1132,6,3.5
1132,1266,3.0
1132,2483,4.0
1133,509,2.5
1133,676,2.0
1133,2397,2.5
1133,1217,1.5
1133,456,3.5
1133,1189,4.0
1133,2069,4.5
1133,2071,4.0
1133,2221,2.5
1133,790,2.5
1133,1088,4.0
1134,1100,3.5
1134,1516,2.5
1134,460,4.5
1134,284,2.5
1134,723,4.5
1134,481,4.5
1134,160,5.0
1134,189,5.0
1134,317,3.5
1134,837,3.5
1134,2491,2.5
1134,488,3.5
1134,1612,3.5
1134,1686,4.0
1134,2378,4.5
1134,112,5.0
1134,465,5.0
1134,1828,3.5
1134,1985,3.5
1134,2341,2.5
1134,824,5.0
1134,877,4.5
1134,1759,3.5
1134,1792,5.0
1134,2114,3.0
1134,2421,5.0
1134,399,3.5
1134,357,3.5
1134,1575,4.5
1134,2495,4.0
1135,941,2.5
1135,593,3.0
1135,2130,3.0
1135,218,3.0
1135,2008,2.0
1135,683,3.5
1135,245,4.5
1135,594,2.5
1135,574,2.5
1135,812,3.5
1135,1695,3.5
1135,486,4.0
1135,1604,4.5
1135,1649,3.0
1135,2294,1.0
1135,1431,3.0
1135,1859,3.0
1135,1314,3.0
1135,958,3.5
1135,1210,3.5
1135,1569,4.5
1135,1025,3.5
1135,436,1.0
1135,147,2.5
1135,2277,3.5
1135,842,3.5
1135,992,3.0
1135,2237,2.5
1135,1301,3.5
1136,1647,2.0
1136,547,3.0
1136,628,4.5
1136,2312,3.0
1136,2474,2.0
1136,1532,2.0
1136,1863,2.5
1136,1768,4.5
1136,1502,3.0
1136,212,3.5
1136,326,3.0
1136,1884,3.0
1136,356,3.5
1136,2384,5.0
1136,2479,3.0
1136,27,4.0
1136,2085,2.5
1136,2044,4.0
1136,342,2.5
1136,827,2.5
1136,795,2.5
1136,1242,3.0
1136,4,1.0
1137,1292,5.0
1137,1932,3.5
1137,1705,4.0
1137,446,4.5
1137,2200,2.5
1137,128,3.0
1137,1892,4.5
1137,324,3.5
1137,2492,3.0
1137,1818,2.0
1137,2393,3.0
1137,1591,3.0
1137,356,2.0
1137,1179,5.0
1137,432,3.5
1138,273,3.5
1138,1207,2.0
1138,2358,2.0
1138,1317,5.0
1138,2396,3.5
1138,1406,2.5
1138,538,2.0
1138,483,3.0
1138,2420,3.5
1138,1237,5.0
1138,1438,4.0
1138,1737,3.0
1138,1924,3.5
1138,593,1.5
1138,1226,4.0
1138,2052,3.5
1138,386,2.5
1138,693,2.5
1138,1744,1.5
1138,554,2.5
1138,722,3.5
1138,1146,4.0
1138,111,2.5
1139,1761,3.5
1139,1201,3.0
1139,1622,4.5
1139,1146,4.5
1139,1247,3.5
1139,703,2.5
1139,1507,3.5
1139,2168,5.0
1139,2000,3.0
1139,147,3.0
1139,1067,4.5
1139,1097,2.5
1139,2438,1.5
1139,2464,3.0
1139,1330,3.5
1139,728,3.0
1139,2208,3.5
1139,1093,4.0
1139,1843,2.0
1139,1029,3.0
1140,1319,4.5
1140,519,3.5
1140,2392,2.0
1140,1710,4.5
1140,1856,3.0
1140,1698,4.0
1140,710,4.0
1140,2140,4.5
1140,47,3.5
1140,1650,3.0
1140,2000,3.5
1140,1878,2.5
1140,2155,3.5
1140,1887,3.5
1140,961,5.0
1140,2420,3.0
1140,193,3.0
1140,873,4.5
1140,2451,1.5
1140,517,3.5
1140,13,2.0
1140,2177,2.5
1140,2333,3.5
1140,1027,4.0
1141,2417,3.0
1141,287,3.0
1141,2318,5.0
1141,607,3.0
1141,753,4.5
1141,1626,1.0
1141,1746,4.0
1141,210,1.0
1141,1649,1.0
1141,2163,2.0
1141,1221,3.0
1141,2288,4.5
1141,1569,4.0
1141,868,2.5
1141,1829,3.0
1141,1766,1.5
1141,1548,3.0
1141,1508,4.0
1141,1076,3.0
1141,2474,2.5
1142,1,1.5
1142,238,2.5
1142,874,2.0
1142,1550,4.5
1142,2253,2.5
1142,1631,4.0
1142,561,3.5
1142,1609,3.5
1142,74,4.0
1142,1257,3.5
1142,1443,2.5
1142,2043,3.5
1142,1513,2.0
1142,2108,3.5
1142,270,4.5
1142,1575,2.0
1142,1259,4.5
1142,1565,2.5
1142,1330,3.0
1142,631,2.5
1142,519,4.0
1143,2086,4.0
1143,1655,3.5
1143,635,3.5
1143,1855,4.5
1143,345,4.0
1143,661,5.0
1143,563,2.5
1143,146,2.5
1143,2258,5.0
1143,2249,2.5
1143,1684,5.0
1143,1606,4.5
1143,1958,5.0
1143,1514,4.5
1143,486,4.0
1143,1868,4.0
1143,1079,2.5
1143,429,4.0
1143,1982,3.0
1143,1521,2.0
1143,632,3.0
1143,304,3.5
1143,2189,5.0
1143,1369,2.0
1143,1038,3.0
1143,1776,3.0
1143,1956,4.5
1144,1361,4.0
1144,656,3.5
1144,1992,5.0
1144,1124,2.5
1144,1673,2.0
1144,2221,4.5
1144,1528,5.0
1144,1149,4.5
1144,973,4.0
1144,492,2.5
1144,988,3.0
1144,172,3.5
1144,146,3.0
1144,655,3.5
1144,658,3.0
1145,2132,5.0
1145,349,3.0
1145,1449,4.0
1145,801,3.5
1145,1845,4.0
1145,2329,5.0
1145,2311,2.5
1145,585,4.0
1145,290,3.0
1145,1229,2.0
1145,1367,2.0
1145,895,3.5
1145,1641,3.0
1145,248,4.5
1145,1427,3.5
1145,2340,3.0
1145,1481,3.0
1145,2133,3.0
1145,1989,3.0
1145,1206,2.0
1145,1123,3.0
1145,1119,2.5
1145,239,4.0
1145,1787,3.5
1145,2009,3.5
1146,1573,3.5
1146,1519,2.5
1146,888,3.5
1146,1680,3.0
1146,488,4.0
1146,2268,2.0
1146,1640,2.5
1146,276,4.0
1146,1558,5.0
1146,383,4.5
1146,57,2.5
1146,1056,4.0
1146,456,3.5
1146,1606,4.0
1147,318,3.0
1147,1715,4.0
1147,330,4.5
1147,2480,3.0
1147,2146,1.5
1147,884,2.5
1147,459,1.0
1147,526,3.0
1147,861,4.5
1147,2293,2.5
1147,21,3.0
1147,2050,1.0
1147,2128,3.5
1147,171,3.5
1147,1819,3.5
1147,1192,3.5
1147,1140,2.5
1147,1330,1.5
1147,2187,3.0
1147,634,4.0
1147,295,4.5
1147,799,1.5
1148,1076,1.5
1148,3,3.0
1148,576,4.0
1148,1860,3.0
1148,1817,3.0
1148,1614,5.0
1148,1465,4.0
1148,291,4.0
1148,1280,2.0
1148,611,3.5
1148,136,2.5
1148,1366,4.0
1148,2222,4.5
1148,877,3.5
1148,133,3.5
1148,1570,2.0
1148,2175,2.5
1148,2499,4.0
1148,2393,3.0
1149,2358,4.5
1149,1945,2.5
1149,1104,4.0
1149,977,2.5
1149,712,3.0
1149,67,4.0
1149,679,3.0
1149,581,2.5
1149,1546,2.5
1149,54,3.5
1149,1266,2.0
1149,527,4.0
1149,1600,2.0
1149,2144,3.0
1150,2314,2.5
1150,590,3.5
1150,586,2.5
1150,2092,4.5
1150,482,3.5
1150,726,3.5
1150,1993,2.0
1150,1218,2.5
1150,633,4.0
1150,1341,2.5
1150,992,3.0
1150,1928,2.5
1150,1913,3.0
1150,1161,2.0
1150,829,2.5
1150,355,2.5
1150,1447,5.0
1150,515,2.0
1150,1227,4.0
1150,1258,4.0
1150,1385,2.5
1150,693,2.0
1150,2016,2.5
1150,1296,2.5
1151,2029,1.0
1151,898,5.0
1151,1117,3.5
1151,72,3.5
1151,738,4.5
1151,1699,4.5
1151,266,2.5
1151,228,2.5
1151,1019,4.5
1151,1078,3.5
1151,1006,2.5
1152,895,3.5
1152,1753,5.0
1152,1329,4.5
1152,183,3.0
1152,2404,3.0
1152,1202,5.0
1152,449,4.0
1152,705,5.0
1152,415,4.0
1152,923,3.0
1152,2092,3.0
1152,730,3.5
1152,1164,2.0
1152,2061,2.5
1152,1997,3.5
1152,2247,4.0
1152,2363,3.5
1152,1173,3.5
1152,797,4.0
1152,1961,3.0
1152,1027,2.5
1152,1038,4.5
1152,2301,3.5
1152,1363,4.0
1152,1872,3.5
1152,1279,3.5
1152,1907,3.0
1152,1342,3.5
1152,907,4.5
1152,611,3.5
1153,1715,3.0
1153,761,3.5
1153,1509,2.0
1153,1228,3.0
1153,425,2.5
1153,679,3.0
1153,1395,3.5
1153,2257,5.0
1153,126,4.5
1153,1251,3.5
1153,2207,2.5
1153,321,2.0
1153,2497,5.0
1153,582,5.0
1154,913,2.5
1154,2337,3.5
1154,1950,2.0
1154,742,2.0
1154,1096,5.0
1154,627,3.0
1154,1331,4.0
1154,934,3.0
1154,768,3.5
1154,1207,4.0
1154,941,2.5
1154,821,5.0
1154,732,3.5
1154,143,3.0
1154,1446,2.5
1154,1801,1.0
1154,2331,2.5
1154,1843,3.5
1154,1999,3.0
1154,64,1.5
1154,2334,5.0
1154,1515,3.0
1155,1373,4.0
1155,2414,4.5
1155,784,2.0
1155,1623,3.0
1155,1819,4.5
1155,1188,4.5
1155,5,3.0
1155,459,5.0
1155,56,1.0
1155,58,3.5
1155,1509,4.0
1155,964,5.0
1156,1062,2.5
1156,1412,2.5
1156,979,3.5
1156,1527,3.5
1156,2444,4.0
1156,1385,4.0
1156,575,2.5
1156,129,2.0
1156,1971,4.5
1156,16,1.5
1156,2290,4.5
1156,1482,3.5
1156,112,5.0
1156,485,2.0
1156,11,5.0
1156,439,4.0
1157,1350,2.5
1157,471,2.0
1157,516,4.0
1157,1351,2.5
1157,1529,1.0
1157,1462,3.0
1157,1068,1.5
1157,464,3.5
1157,2420,3.0
1157,874,3.0
1157,1006,3.5
1157,190,1.5
1157,2314,2.5
1157,419,4.0
1157,194,4.5
1158,1631,3.0
1158,2429,2.5
1158,517,2.5
1158,1634,3.5
1158,28,3.0
1158,116,1.5
1158,2400,2.5
1158,184,2.5
1158,377,2.5
1158,245,2.0
1158,2126,4.0
1158,1422,3.5
1158,1772,4.0
1158,678,3.5
1158,972,2.0
1158,2086,3.0
1159,1868,4.0
1159,257,2.0
1159,888,3.0
1159,29,3.5
1159,1279,3.5
1159,1018,2.5
1159,2155,4.5
1159,2412,3.5
1159,1939,3.0
1159,1222,4.5
1159,1027,4.0
1159,2395,4.5
1159,465,2.5
1159,457,5.0
1159,1703,3.0
1160,1073,2.5
1160,335,4.0
1160,83,5.0
1160,1409,2.5
1160,956,3.0
1160,33,3.0
1160,316,2.0
1160,1665,2.5
1160,730,1.5
1160,1294,4.0
1160,1120,4.5
1160,1505,3.5
1160,1496,4.5
1161,1790,3.0
1161,1482,3.5
1161,1478,3.5
1161,876,3.0
1161,1269,3.5
1161,952,2.0
1161,1965,4.0
1161,2435,3.0
1161,1144,4.0
1161,173,3.5
1161,2415,3.0
1162,703,4.0
1162,457,2.5
1162,2205,4.0
1162,2349,3.5
1162,104,2.5
1162,2042,2.5
1162,1444,3.0
1162,1295,4.5
1162,742,3.0
1162,1550,5.0
1162,1425,5.0
1162,1767,3.5
1162,2467,5.0
1162,1541,2.0
1162,467,2.5
1162,212,4.5
1162,187,3.0
1162,715,3.5
1162,2134,5.0
1162,41,3.0
1162,1826,3.5
1162,2027,5.0
1162,1791,3.0
1162,85,4.0
1162,1769,3.5
1162,1532,4.5
1162,2255,3.5
1163,451,3.0
1163,1259,4.0
1163,1829,2.0
1163,800,4.5
1163,780,4.0
1163,1358,2.5
1163,2350,4.0
1163,231,3.5
1163,960,3.0
1163,2423,2.0
1163,2388,2.5
1163,1480,3.0
1163,844,2.0
1163,152,3.0
1163,678,4.5
1163,999,2.5
1163,818,5.0
1163,961,3.5
1163,114,3.0
1163,2418,3.5
1163,1200,3.0
1163,1524,1.5
1163,2156,2.5
1163,2146,3.0
1163,905,3.0
1164,1922,2.5
1164,1043,1.5
1164,559,3.5
1164,1417,3.0
1164,102,3.5
1164,1486,2.5
1164,338,4.5
1164,1009,2.5
1164,2310,2.5
1164,530,3.5
1164,715,2.5
1164,2102,2.0
1164,518,3.5
1164,1257,2.0
1164,1415,3.0
1164,159,3.5
1164,2095,3.0
1164,2149,4.0
1164,1388,5.0
1164,1560,3.0
1164,647,2.5
1164,1606,2.5
1164,599,2.5
1164,1084,2.5
1164,1298,3.5
1164,1500,3.5
1164,2246,2.5
1164,2194,4.0
1164,2063,2.5
1165,763,5.0
1165,1785,3.5
1165,1203,2.5
1165,2057,4.0
1165,1032,2.0
1165,1329,2.0
1165,2219,2.5
1165,92,1.5
1165,439,3.5
1165,687,2.5
1165,244,3.0
1165,263,2.5
1165,2153,4.5
1165,311,4.0
1165,1573,3.5
1165,2059,3.0
1165,2054,4.0
1166,462,3.0
1166,48,2.5
1166,594,4.5
1166,1397,3.5
1166,1960,3.5
1166,1335,3.5
1166,234,3.0
1166,2231,3.0
1166,1002,4.5
1166,479,4.5
1167,2209,3.0
1167,309,2.5
1167,784,3.5
1167,167,5.0
1167,1724,3.5
1167,649,3.5
1167,1909,3.0
1167,208,4.0
1167,1293,4.5
1167,1141,4.0
1167,1829,3.5
1167,1458,3.0
1167,1448,3.5
1167,1453,3.0
1167,180,4.5
1168,1481,3.0
1168,257,2.5
1168,1772,3.5
1168,2126,4.0
1168,1898,5.0
1168,75,4.0
1168,2334,3.0
1168,1528,2.5
1168,35,2.0
1168,650,3.0
1168,1575,3.5
1168,1939,4.0
1168,1719,2.5
1168,2239,3.0
1168,1746,2.5
1168,403,3.0
1168,737,2.5
1168,364,3.0
1168,1110,3.5
1168,454,5.0
1168,471,3.5
1168,2422,5.0
1168,223,3.5
1168,602,3.5
1168,1684,2.0
1168,535,3.0
1169,1902,1.5
1169,1267,3.5
1169,2197,2.5
1169,2260,5.0
1169,1616,3.5
1169,1882,3.5
1169,2334,4.0
1169,732,4.5
1169,372,3.0
1169,2299,4.5
1169,524,3.0
1169,2266,4.0
1169,1243,4.0
1169,574,3.5
1169,2280,2.5
1170,537,4.5
1170,2175,3.0
1170,1252,1.0
1170,2004,2.5
1170,481,3.5
1170,2031,2.5
1170,2152,3.0
1170,1580,2.5
1170,36,3.5
1170,275,2.5
1171,984,2.5
1171,2029,3.5
1171,2151,2.0
1171,1630,4.0
1171,771,3.5
1171,1531,3.0
1171,1413,2.5
1171,601,2.5
1171,2190,3.5
1171,160,3.5
1172,677,4.0
1172,2296,4.0
1172,1124,3.0
1172,1476,3.0
1172,710,4.0
1172,1213,2.5
1172,1376,2.5
1172,1062,4.5
1172,432,3.5
1172,2017,3.0
1172,168,4.5
1172,662,1.5
1172,1195,2.0
1172,1883,3.5
1172,1474,2.5
1172,2262,2.5
1172,1400,3.0
1172,1611,4.0
1172,2108,4.5
1172,1900,2.5
1172,232,3.0
1172,1145,4.0
1172,179,2.5
1172,692,3.0
1173,2480,4.0
1173,88,4.5
1173,592,4.0
1173,915,2.5
1173,295,2.5
1173,2337,4.0
1173,987,4.0
1173,2473,2.0
1173,1158,2.0
1173,467,3.0
1173,2250,4.0
1173,1881,4.0
1173,247,3.5
1173,932,4.5
1173,2024,3.0
1173,2044,3.0
1173,2389,4.5
1173,1619,3.5
1173,1177,3.5
1173,141,3.5
1173,2475,2.0
1173,801,3.5
1173,1858,3.0
1173,5,2.5
1173,125,3.5
1174,786,2.5
1174,529,4.5
1174,1621,2.5
1174,917,3.5
1174,567,2.0
1174,1399,3.0
1174,566,3.0
1174,2221,1.0
1174,697,2.5
1174,2372,2.5
1174,921,4.5
1174,482,1.5
1174,1604,1.5
1174,553,3.5
1174,1492,5.0
1175,1813,3.0
1175,1307,2.5
1175,2105,4.0
1175,1153,2.5
1175,2287,2.0
1175,1605,3.5
1175,1830,3.0
1175,2036,2.5
1175,1928,3.0
1175,2106,3.0
1175,451,2.0
1175,2361,4.5
1175,1030,3.0
1175,318,2.0
1175,1464,3.5
1175,1771,3.0
1175,284,3.5
1175,921,5.0
1175,2042,3.5
1175,296,2.0
1175,652,2.5
1175,2313,2.5
1175,2237,3.0
1176,633,2.0
1176,2371,2.5
1176,319,3.0
1176,710,4.5
1176,2468,3.0
1176,1174,2.5
1176,345,4.5
1176,157,3.5
1176,1931,3.0
1176,1080,4.5
1176,1860,2.5
1176,476,3.5
1176,1474,5.0
1176,313,2.5
1176,673,3.0
1176,1407,2.5
1176,1891,3.5
1176,2193,4.0
1177,362,2.0
1177,1033,3.5
1177,925,4.5
1177,1059,3.0
1177,2143,4.0
1177,405,4.5
1177,839,1.5
1177,1417,5.0
1177,352,4.0
1177,1041,2.5
1177,458,4.0
1178,2064,2.5
1178,1963,1.0
1178,995,3.5
1178,2042,3.0
1178,270,2.0
1178,1846,2.5
1178,2117,4.0
1178,2297,2.5
1178,2420,4.0
1178,2426,2.5
1178,1287,2.5
1178,1861,2.5
1178,1153,2.0
1178,1693,2.5
1178,690,2.5
1178,1338,4.0
1178,2403,1.5
1178,2325,3.5
1178,554,3.0
1178,1931,2.5
1178,238,1.5
1178,416,4.0
1178,1016,3.0
1178,197,2.5
1179,247,3.0
1179,850,2.5
1179,914,3.5
1179,1677,2.5
1179,1484,4.0
1179,968,3.5
1179,2124,5.0
1179,551,3.0
1179,1076,4.5
1179,2261,1.5
1179,2064,2.5
1179,257,4.5
1179,2123,2.5
1179,2197,3.0
1179,1835,3.5
1179,1565,4.5
1179,168,5.0
1179,1470,3.5
1179,2488,4.5
1179,1166,3.5
1179,598,4.0
1179,1700,3.5
1180,2169,3.5
1180,376,5.0
1180,1519,3.0
1180,1108,3.5
1180,925,3.0
1180,23,2.5
1180,24,4.5
1180,10,3.5
1180,717,4.0
1180,92,3.0
1180,415,2.5
1180,2141,4.0
1180,228,2.5
1180,1862,3.5
1180,996,4.0
1180,1125,3.0
1180,1918,4.5
1180,1082,4.5
1180,2353,3.5
1180,2468,4.0
1180,565,3.0
1180,1239,2.5
1180,1154,5.0
1180,263,4.0
1180,1892,2.5
1180,1163,4.5
1180,2317,4.0
1180,1867,5.0
1180,1683,3.0
1181,1295,4.5
1181,403,3.0
1181,210,3.0
1181,2235,3.5
1181,1236,3.5
1181,746,3.0
1181,748,5.0
1181,959,5.0
1181,1243,2.0
1181,1376,2.5
1181,1383,4.0
1181,2229,4.5
1181,471,2.0
1181,639,4.5
1181,1053,2.5
1181,1157,4.5
1181,958,1.0
1181,1666,4.0
1181,451,2.5
1181,732,3.5
1182,1180,2.5
1182,35,3.5
1182,752,4.5
1182,1588,3.0
1182,1627,2.0
1182,1270,2.5
1182,1760,3.5
1182,1844,4.0
1182,560,4.0
1182,1390,4.0
1182,745,3.5
1182,1282,1.0
1182,1054,3.0
1182,1582,2.0
1182,2434,3.0
1182,1032,2.5
1182,2269,3.0
1182,1173,2.5
1182,665,3.5
1182,153,2.5
1182,2386,3.0
1182,577,1.0
1182,2112,3.5
1182,2426,2.5
1183,81,1.5
1183,1125,5.0
1183,1855,3.5
1183,155,3.0
1183,1819,3.0
1183,1245,3.0
1183,1930,2.0
1183,1464,1.5
1183,650,4.0
1183,2191,4.0
1183,2102,2.0
1183,2171,3.0
1183,2179,2.5
1183,1705,2.5
1183,1088,1.5
1183,1824,4.0
1183,2408,3.0
1183,434,2.5
1183,1763,3.0
1183,1785,3.0
1183,986,3.0
1184,2053,2.5
1184,927,2.5
1184,1476,1.5
1184,2318,4.0
1184,2196,3.5
1184,839,3.0
1184,1970,3.0
1184,2341,3.5
1184,1749,3.5
1184,129,3.0
1184,2046,3.0
1184,2,5.0
1184,849,2.5
1184,104,2.5
1184,2129,2.5
1184,1560,4.0
1184,1961,2.0
1184,325,3.0
1184,1146,1.5
1184,81,3.5
1184,335,1.5
1184,1791,4.5
1184,70,2.5
1184,1427,4.0
1184,65,4.0
1184,2368,4.0
1184,1085,4.0
1184,62,1.5
1184,1411,3.0
1185,1701,3.0
1185,1064,2.5
1185,1294,3.5
1185,1060,3.5
1185,2418,3.0
1185,1760,4.0
1185,1735,3.5
1185,1889,2.0
1185,116,2.0
1185,1600,4.5
1185,80,3.0
1185,1756,2.5
1185,1427,3.5
1185,35,3.0
1185,602,2.5
1185,1196,3.5
1185,2472,3.0
1185,1450,5.0
1185,811,3.5
1186,1201,2.5
1186,288,3.0
1186,2438,3.0
1186,657,4.0
1186,733,3.0
1186,782,3.0
1186,785,3.0
1186,1248,4.0
1186,1257,3.5
1186,1898,5.0
1186,943,3.0
1186,1924,4.0
1186,169,3.0
1186,397,4.0
1186,1043,4.0
1186,2140,3.0
1186,2489,2.0
1186,151,3.0
1186,1458,5.0
1186,1579,3.5
1186,906,1.5
1186,1460,3.0
1186,1984,2.5
1187,686,3.0
1187,32,4.5
1187,1868,3.5
1187,1996,4.0
1187,220,3.5
1187,1063,4.0
1187,1708,4.0
1187,2130,5.0
1187,2163,2.0
1187,1758,2.5
1187,1895,2.0
1187,2014,3.0
1187,1934,3.5
1187,2493,3.5
1187,103,4.0
1187,2224,4.5
1187,2395,1.5
1187,741,2.5
1187,1662,4.0
1187,2233,3.5
1187,1799,3.0
1187,1209,2.5
1187,615,3.5
1188,978,3.5
1188,1214,4.5
1188,2416,2.5
1188,1725,2.0
1188,507,3.5
1188,481,4.5
1188,646,2.0
1188,841,2.5
1188,2192,1.5
1188,1745,4.0
1188,2101,1.5
1188,53,2.5
1188,1396,3.0
1188,340,5.0
1188,525,2.5
1188,2000,4.0
1188,1677,5.0
1188,476,2.5
1188,89,4.5
1188,2356,3.0
1188,245,2.5
1188,330,4.5
1189,184,4.0
1189,2440,4.5
1189,2176,4.5
1189,902,4.5
1189,2348,3.5
1189,1458,5.0
1189,943,3.0
1189,2087,5.0
1189,224,4.5
1189,376,5.0
1189,2117,2.0
1189,2226,2.5
1189,570,3.0
1189,1626,3.5
1189,2412,4.0
1189,1321,3.0
1189,1318,5.0
1189,313,2.5
1189,1732,3.5
1189,1012,3.0
1189,2341,5.0
1189,600,3.5
1189,571,5.0
1189,1725,3.5
1189,1448,3.5
1189,817,2.5
1189,1467,5.0
1189,2055,4.0
1189,47,4.0
1189,1408,3.5
1190,754,3.0
1190,1799,3.5
1190,2130,2.0
1190,2124,3.0
1190,339,3.0
1190,1971,3.5
1190,1740,2.5
1190,2438,3.5
1190,1785,3.5
1190,369,3.0
1191,913,3.0
1191,2205,4.0
1191,46,2.0
1191,491,2.5
1191,413,3.0
1191,1980,4.0
1191,1776,3.0
1191,793,4.0
1191,1507,2.0
1191,2216,3.0
1191,1342,3.0
1191,271,3.5
1191,1746,3.5
1191,634,3.5
1191,1826,3.5
1191,1505,3.5
1191,2439,2.5
1191,73,2.5
1191,2257,2.5
1191,2211,4.5
1191,2255,3.0
1191,1513,2.0
1191,1141,3.5
1191,1691,3.5
1191,1942,3.0
1192,2415,3.5
1192,524,4.0
1192,2290,4.5
1192,2034,4.0
1192,223,3.0
1192,2394,5.0
1192,1616,5.0
1192,1617,4.0
1192,897,3.5
1192,383,3.5
1192,1663,2.5
1193,1006,4.0
1193,899,4.5
1193,35,1.5
1193,1759,4.0
1193,2224,3.5
1193,919,3.5
1193,1016,4.0
1193,336,1.5
1193,499,2.0
1193,293,5.0
1193,2045,2.5
1193,862,3.0
1193,1815,4.5
1193,1561,3.5
1193,437,2.5
1193,2433,4.0
1193,2376,3.0
1193,786,3.5
1193,957,3.5
1193,71,2.5
1193,4,3.5
1193,6,3.0
1194,1963,2.5
1194,1380,4.5
1194,2212,2.5
1194,1643,2.5
1194,366,2.5
1194,568,4.5
1194,354,3.5
1194,1588,1.5
1194,1077,4.0
1194,1143,2.5
1194,1175,3.5
1194,2013,2.0
1194,2031,4.0
1194,2230,3.5
1194,2191,3.0
1194,1510,2.0
1194,729,5.0
1195,1637,5.0
1195,1756,3.5
1195,2183,3.5
1195,594,2.5
1195,2043,3.5
1195,1253,3.0
1195,215,2.5
1195,2418,3.0
1195,718,1.5
1195,2452,2.5
1195,1780,4.5
1195,2499,3.5
1195,1046,2.5
1195,1516,2.5
1195,2464,2.0
1195,1054,2.0
1195,2081,5.0
1195,1067,2.5
1195,488,4.5
1195,299,3.5
1195,1597,3.0
1195,1895,4.5
1195,1739,3.0
1195,2117,5.0
1195,1152,3.0
1195,2276,5.0
1195,1658,4.5
1195,2392,2.0
1195,298,3.5
1196,1895,5.0
1196,1764,4.0
1196,2403,3.5
1196,1823,2.5
1196,676,4.5
1196,1894,5.0
1196,2285,4.5
1196,2425,3.0
1196,2357,4.0
1196,364,3.0
1196,1986,2.0
1196,2238,4.5
1196,114,2.5
1196,2362,4.0
1196,1304,3.0
1196,238,2.0
1196,1423,3.5
1196,178,4.0
1196,2215,3.5
1196,1748,4.0
1196,1903,3.0
1196,1685,2.5
1196,1085,3.0
1196,537,5.0
1196,26,3.0
1196,1852,3.5
1196,996,2.0
1197,208,3.0
1197,1362,2.0
1197,1023,3.5
1197,2252,4.0
1197,1127,2.0
1197,1055,4.0
1197,760,3.0
1197,478,3.0
1197,1252,2.5
1197,774,2.5
1197,967,4.5
1197,9,4.0
1197,56,3.0
1197,518,2.0
1197,2037,2.5
1197,96,1.5
1197,1733,2.5
1197,2116,3.0
1197,1402,3.0
1197,1261,3.5
1197,1347,3.0
1197,2358,3.0
1197,1894,2.0
1197,2254,3.0
1197,2171,3.0
1197,1176,2.5
1197,1816,2.0
1197,692,3.5
1197,2108,3.0
1198,129,3.0
1198,1325,1.0
1198,363,2.5
1198,864,5.0
1198,1926,4.0
1198,576,4.0
1198,709,4.0
1198,137,4.0
1198,348,4.5
1198,1573,3.5
1198,272,4.0
1198,1081,3.5
1199,1742,3.5
1199,2476,3.0
1199,1037,3.5
1199,1422,3.0
1199,1428,3.5
1199,801,3.5
1199,592,2.5
1199,1832,2.5
1199,281,4.0
1199,1683,2.0
1199,890,3.0
1199,1725,4.5
1199,2319,2.5
1199,2205,5.0
1199,1962,2.5
1199,1075,3.0
1199,2424,4.0
1199,68,5.0
1199,477,2.0
1199,1722,5.0
1199,1443,4.5
1199,1731,3.5
1200,2407,3.5
1200,2494,3.5
1200,1507,2.0
1200,820,2.5
1200,1790,3.0
1200,561,3.5
1200,1593,5.0
1200,38,3.5
1200,102,3.5
1200,1509,3.5
1200,1680,3.5
1200,2247,4.0
1200,1563,4.0
1200,203,1.0
1200,1443,3.5
1200,1759,3.5
1200,1147,2.5
1200,377,2.5
1200,2303,3.5
1200,1254,3.5
1200,1907,3.0
1200,1842,4.5
1200,1571,4.0
1200,126,3.5
1200,1925,1.0
1200,152,3.0
1200,364,2.0
1200,1282,1.5
1201,129,3.0
1201,162,3.5
1201,1379,4.0
1201,2094,4.5
1201,1463,4.5
1201,969,3.0
1201,539,4.5
1201,2467,2.0
1201,1612,3.5
1201,5,4.0
1201,2398,2.5
1201,841,2.5
1201,2101,3.0
1201,982,5.0
1201,332,2.5
1201,1668,4.5
1201,416,4.0
1201,2336,2.0
1201,1175,5.0
1201,1425,2.5
1201,1018,5.0
1201,1263,4.5
1202,1201,2.5
1202,2037,3.0
1202,526,3.5
1202,1412,3.5
1202,986,4.5
1202,906,2.5
1202,1014,5.0
1202,252,2.5
1202,302,4.5
1202,1059,2.5
1202,996,2.5
1202,1074,2.5
1202,669,4.0
1202,751,4.0
1202,1783,4.5
1202,1416,5.0
1202,991,3.5
1202,863,2.5
1202,2398,3.5
1202,1616,1.5
1202,828,2.0
1202,2265,4.0
1202,838,4.0
1202,196,4.5
1203,521,3.0
1203,1761,4.0
1203,1625,3.0
1203,2495,3.0
1203,350,4.0
1203,848,3.5
1203,361,2.5
1203,1172,2.5
1203,2449,4.5
1203,1658,3.5
1203,1394,3.0
1203,1226,3.5
1203,1128,3.5
1203,1690,3.5
1203,856,3.0
1203,522,2.5
1203,1230,4.5
1203,561,4.5
1203,353,3.0
1203,964,5.0
1203,40,3.0
1203,214,3.0
1203,1553,2.5
1203,1677,3.5
1203,1106,4.0
1203,2487,4.0
1203,1802,3.5
1203,706,4.5
1204,1849,3.0
1204,2413,2.5
1204,1182,4.5
1204,1416,3.0
1204,1490,3.0
1204,2487,3.5
1204,1327,5.0
1204,2396,2.5
1204,650,3.5
1204,565,4.5
1204,2062,3.0
1204,1073,3.5
1204,1372,3.0
1204,1790,3.0
1204,2093,2.5
1204,275,4.0
1204,1813,2.5
1204,2124,2.0
1205,506,1.0
1205,145,4.5
1205,1176,2.0
1205,2452,3.5
1205,933,2.5
1205,189,3.5
1205,1141,3.0
1205,1167,3.0
1205,186,2.5
1205,2106,3.5
1205,237,3.5
1205,308,5.0
1205,375,3.5
1205,918,3.0
1205,1621,2.0
1205,1797,1.5
1205,1705,3.0
1206,1369,3.0
1206,823,4.5
1206,2438,3.5
1206,2046,3.5
1206,1037,4.0
1206,796,2.5
1206,2468,3.0
1206,2233,2.5
1206,61,3.5
1206,1762,5.0
1206,931,3.5
1206,1153,3.0
1206,1805,3.0
1206,619,3.5
1206,1906,4.5
1206,836,3.5
1206,1121,2.0
1207,651,3.0
1207,2384,2.5
1207,2462,4.0
1207,2037,3.5
1207,1082,3.5
1207,1505,3.0
1207,2176,4.0
1207,2396,3.0
1207,2116,2.5
1207,2379,3.5
1207,2337,3.0
1207,640,2.0
1207,1404,3.5
1207,1929,3.0
1207,7,3.0
1207,1472,4.0
1207,1258,1.5
1207,683,2.0
1207,29,2.0
1207,98,2.5
1207,530,3.0
1207,1091,2.5
1207,902,3.5
1208,2067,5.0
1208,1949,3.0
1208,2125,3.5
1208,2202,3.5
1208,279,4.0
1208,1537,4.0
1208,1833,2.5
1208,366,3.5
1208,976,3.0
1208,957,2.5
1208,1758,2.5
1208,1788,2.5
1208,878,4.0
1208,1403,3.0
1208,1059,2.0
1208,2039,3.5
1208,1154,3.5
1208,442,2.0
1208,2071,3.5
1208,108,2.5
1208,912,2.5
1208,2416,4.5
1208,477,1.0
1208,2195,2.0
1208,1430,2.0
1209,628,4.5
1209,268,3.0
1209,130,3.5
1209,609,5.0
1209,700,1.5
1209,193,4.5
1209,980,3.0
1209,324,2.0
1209,176,2.0
1209,943,4.5
1209,1285,2.0
1209,2268,3.0
1209,527,5.0
1209,1054,3.0
1209,1000,5.0
1209,352,4.0
1209,174,3.0
1209,351,3.5
1209,1053,4.0
1209,2015,3.0
1209,962,3.5
1209,970,3.0
1210,2076,3.5
1210,2285,3.0
1210,2044,1.5
1210,843,1.5
1210,1508,2.0
1210,2356,3.5
1210,703,3.0
1210,1206,3.5
1210,1467,4.5
1210,595,2.5
1210,1723,2.5
1210,1464,2.5
1210,521,2.5
1210,2454,2.5
1210,311,3.5
1211,844,5.0
1211,2228,4.5
1211,1010,2.5
1211,708,3.0
1211,1895,3.0
1211,338,2.0
1211,848,2.5
1211,834,4.0
1211,763,4.0
1211,1213,3.0
1211,2377,3.5
1211,2442,4.5
1211,2266,5.0
1211,2301,4.0
1211,2319,5.0
1212,799,4.0
1212,1795,3.5
1212,1228,2.5
1212,1050,3.0
1212,83,1.0
1212,282,2.5
1212,128,2.5
1212,1468,3.0
1212,668,3.0
1212,902,3.5
1212,1682,2.5
1212,1317,3.5
1212,2334,3.0
1212,680,4.0
1212,2283,2.5
1212,1396,2.5
1212,2426,1.0
1212,1143,3.0
1213,1037,2.0
1213,2233,4.0
1213,1103,3.0
1213,1390,1.5
1213,215,2.0
1213,1094,3.0
1213,148,2.5
1213,2471,5.0
1213,1174,3.0
1213,1005,3.5
1213,791,3.5
1213,1485,2.5
1213,1600,3.0
1213,2210,2.5
1214,1214,1.5
1214,2371,4.5
1214,8,3.5
1214,1502,4.0
1214,1197,4.0
1214,1747,5.0
1214,1714,4.5
1214,117,4.0
1214,1739,3.5
1214,2123,2.5
1214,1201,3.5
1214,972,4.5
1214,1912,1.0
1214,776,3.5
1214,1215,3.0
1214,1274,3.5
1214,2215,3.0
1214,1230,4.0
1214,1753,3.5
1214,1941,2.0
1214,1568,3.5
1214,2100,4.0
1214,1890,4.0
1214,516,5.0
1214,1938,2.5
1214,1510,3.0
1214,1351,3.0
1214,2423,4.5
1214,615,3.5
1215,2009,4.5
1215,868,4.5
1215,370,3.5
1215,2012,2.5
1215,524,3.0
1215,2483,4.0
1215,1990,5.0
1215,1696,3.5
1215,2174,2.0
1215,1502,5.0
1215,1037,2.5
1215,1690,3.0
1215,153,4.5
1215,896,2.0
1215,1559,5.0
1215,548,3.5
1215,1553,3.0
1215,2007,3.5
1215,1637,4.5
1215,1895,5.0
1216,1763,5.0
1216,374,2.5
1216,1903,4.5
1216,113,5.0
1216,995,2.5
1216,655,4.0
1216,918,2.0
1216,709,5.0
1216,1173,4.0
1216,2152,3.0
1216,2029,2.0
1216,1415,1.0
1216,2258,2.5
1216,565,2.0
1216,1484,2.5
1216,2091,3.5
1216,37,4.5
1216,1066,1.5
1216,618,2.0
1216,1444,2.0
1216,1071,2.0
1217,1909,4.5
1217,672,3.5
1217,1661,2.5
1217,1951,5.0
1217,2172,3.5
1217,671,4.0
1217,2400,3.5
1217,526,2.0
1217,888,2.5
1217,1771,3.5
1217,589,2.0
1217,784,3.0
1217,588,3.0
1217,305,2.0
1217,2002,3.5
1217,1732,2.5
1217,592,3.0
1217,1980,3.5
1217,1112,2.5
1217,1330,4.0
1217,2242,4.5
1217,1753,2.0
1217,2448,5.0
1217,1285,4.0
1217,962,4.0
1217,1666,3.0
1217,1631,3.5
1217,597,3.5
1217,1823,2.0
1218,441,3.0
1218,99,3.5
1218,530,3.0
1218,67,3.0
1218,345,4.0
1218,1217,3.0
1218,1477,2.5
1218,2420,2.0
1218,2296,4.5
1218,1335,3.0
1218,2270,2.5
1218,2460,3.0
1218,840,2.5
1218,605,2.0
1218,1025,2.5
1218,1582,3.0
1218,1558,4.0
1218,1097,3.5
1218,2211,2.5
1218,2380,1.5
1218,279,1.5
1218,822,2.0
1218,1243,2.5
1218,2390,3.5
1218,2425,3.0
1218,546,4.0
1219,1033,3.5
1219,2238,2.5
1219,2121,2.0
1219,1073,4.0
1219,493,3.5
1219,1202,2.5
1219,2209,3.0
1219,1503,4.0
1219,702,2.5
1219,1458,2.0
1219,873,3.0
1219,2016,2.5
1219,2487,2.0
1219,598,3.5
1219,1220,2.5
1219,2444,3.0
1219,481,3.0
1219,1569,1.0
1219,1424,2.5
1219,550,3.0
1219,108,4.0
1219,878,2.0
1219,1492,3.5
1219,2289,3.0
1219,322,2.5
1219,2439,4.0
1219,1752,3.5
1219,1698,4.0
1219,1578,3.0
1219,1141,4.0
1220,1751,3.0
1220,1006,4.0
1220,715,4.0
1220,1799,1.5
1220,1610,3.5
1220,2101,4.0
1220,962,3.0
1220,1774,3.0
1220,2325,3.0
1220,781,4.0
1220,1415,3.5
1220,2340,4.5
1220,1090,4.5
1220,2160,4.5
1220,1807,3.0
1221,57,5.0
1221,413,3.0
1221,2180,2.5
1221,2124,3.5
1221,2231,3.5
1221,59,1.5
1221,2302,3.5
1221,2379,4.0
1221,668,4.5
1221,2371,5.0
1221,2329,4.0
1221,1467,4.0
1221,1276,4.5
1221,277,4.0
1221,2165,2.5
1221,806,3.0
1221,343,2.0
1221,2436,3.0
1221,845,4.0
1222,1652,2.5
1222,1244,2.5
1222,53,3.0
1222,374,3.5
1222,579,2.5
1222,459,3.0
1222,1354,1.5
1222,1757,4.5
1222,892,3.0
1222,1829,2.5
1222,1087,3.0
1222,109,3.5
1222,980,4.0
1222,2230,4.0
1222,759,3.5
1222,150,2.0
1222,1295,3.5
1223,2430,4.0
1223,1923,2.5
1223,663,3.5
1223,2143,2.5
1223,1073,3.0
1223,1479,2.5
1223,686,5.0
1223,1160,5.0
1223,1836,4.0
1223,1935,3.5
1223,1158,3.5
1223,2060,3.5
1223,505,4.0
1223,398,4.5
1223,1285,3.5
1223,166,3.0
1223,801,3.5
1223,324,1.5
1223,1336,4.0
1223,1930,4.5
1224,991,3.5
1224,1787,3.5
1224,777,4.0
1224,2310,4.5
1224,887,4.0
1224,428,5.0
1224,19,3.5
1224,2262,3.5
1224,1953,5.0
1224,950,2.5
1224,1408,5.0
1224,2278,3.5
1224,2450,2.5
1224,1096,3.5
1224,1477,4.0
1224,55,4.5
1224,2071,3.5
1224,2066,2.5
1224,216,1.5
1224,1305,4.5
1225,477,2.5
1225,473,3.0
1225,2185,2.5
1225,1909,5.0
1225,348,3.5
1225,1545,2.0
1225,296,2.5
1225,570,2.5
1225,1457,2.5
1225,1372,2.0
1225,2398,4.0
1225,22,3.5
1225,245,4.0
1225,1725,3.0
1225,2037,5.0
1225,2044,2.5
1225,688,3.0
1225,140,2.5
1225,194,4.0
1225,1422,4.5
1226,158,3.0
1226,823,2.0
1226,1481,4.5
1226,1992,1.5
1226,911,4.0
1226,2473,1.5
1226,1635,5.0
1226,1848,4.5
1226,586,3.5
1226,2429,4.0
1226,1533,1.5
1226,1229,3.5
1226,1466,3.5
1226,338,3.5
1226,510,2.5
1226,1984,4.5
1226,981,4.5
1227,288,3.5
1227,1102,2.0
1227,476,4.5
1227,215,3.5
1227,98,4.5
1227,906,2.5
1227,753,4.0
1227,1136,3.5
1227,1529,5.0
1227,2111,4.0
1227,2443,4.0
1227,1277,5.0
1227,782,3.0
1227,2405,2.5
1227,2318,5.0
1227,2065,4.5
1227,80,3.0
1227,689,3.0
1227,1674,3.5
1227,1667,3.0
1227,185,4.0
1227,30,3.5
1227,1690,3.0
1227,667,2.0
1227,970,3.0
1228,2002,2.0
1228,1386,3.5
1228,2241,3.5
1228,764,2.5
1228,2292,4.0
1228,366,3.0
1228,1593,1.0
1228,1003,5.0
1228,2237,3.5
1228,984,3.0
1228,503,5.0
1228,303,2.0
1228,2252,2.5
1228,1686,1.0
1228,759,4.0
1228,855,2.0
1228,2191,3.5
1228,1606,3.0
1228,965,3.0
1228,1769,4.5
1228,1067,3.5
1228,867,3.0
1228,2337,3.0
1228,1820,3.5
1228,418,5.0
1228,1874,4.0
1228,714,4.0
1228,2077,4.0
1228,539,3.0
1228,592,4.5
1229,74,2.0
1229,275,1.5
1229,946,4.0
1229,1924,3.5
1229,93,2.0
1229,1745,3.5
1229,2469,3.0
1229,1362,3.0
1229,2391,3.5
1229,936,2.5
1229,375,4.0
1229,2184,4.0
1230,1023,2.0
1230,166,2.5
1230,1412,1.0
1230,754,4.0
1230,600,3.0
1230,1464,2.5
1230,1886,4.0
1230,1638,3.0
1230,1620,2.5
1230,1561,4.0
1230,890,3.0
1230,2264,3.5
1230,1988,4.0
1230,2014,2.5
1230,732,2.5
1230,2106,4.0
1230,1823,3.0
1230,1091,3.0
1230,1084,3.0
1230,445,3.0
1230,598,3.0
1230,1952,3.5
1230,404,4.0
1230,2233,1.5
1230,2476,2.0
1230,473,4.5
1230,691,3.5
1231,368,4.5
1231,1220,2.0
1231,760,4.5
1231,1530,4.5
1231,2264,2.5
1231,552,1.5
1231,1561,2.5
1231,916,5.0
1231,2038,4.0
1231,1085,3.0
1231,1347,4.0
1231,1095,3.5
1231,1194,2.5
1231,1043,4.0
1231,970,3.5
1231,1217,3.0
1231,2054,3.0
1231,2064,5.0
1232,144,4.0
1232,1391,3.0
1232,431,3.0
1232,1524,2.0
1232,1776,1.5
1232,1558,4.5
1232,112,4.0
1232,2350,2.5
1232,1117,4.0
1232,1696,4.0
1232,185,5.0
1232,649,2.5
1232,1379,3.5
1232,210,4.0
1232,1219,4.0
1232,244,4.5
1232,2116,3.5
1232,175,3.5
1232,54,3.5
1232,1944,4.5
1232,1084,4.5
1232,2315,4.5
1232,1827,3.5
1232,708,2.5
1232,1121,4.5
1232,1287,3.5
1232,2199,3.0
1232,2485,5.0
1232,1977,3.5
1233,1721,2.5
1233,1585,3.5
1233,1533,2.0
1233,700,4.0
1233,2277,5.0
1233,1783,3.0
1233,2284,3.0
1233,1192,3.0
1233,774,2.5
1233,164,3.0
1233,173,3.0
1233,877,5.0
1233,110,4.0
1233,756,2.5
1233,314,3.5
1233,192,3.5
1233,423,4.0
1233,1174,3.5
1233,427,3.0
1233,2268,3.0
1233,1449,3.5
1233,2370,2.5
1233,244,2.0
1233,78,3.5
1233,683,2.5
1233,2243,3.0
1233,1366,3.0
1233,1273,3.5
1234,1728,3.5
1234,1140,3.5
1234,261,3.5
1234,206,5.0
1234,5,3.5
1234,2451,2.0
1234,1533,2.5
1234,1208,2.5
1234,355,4.0
1234,2195,2.5
1234,728,2.0
1234,360,4.0
1234,715,3.0
1234,1746,3.5
1234,78,2.0
1234,723,3.0
1234,1201,3.0
1234,1676,3.5
1234,1333,2.0
1234,1859,3.5
1234,830,5.0
1234,765,4.0
1234,60,2.5
1234,943,2.5
1234,1591,2.0
1234,154,4.0
1234,1493,2.0
1235,298,2.0
1235,1704,3.0
1235,2006,2.0
1235,2435,2.5
1235,1041,4.5
1235,27,4.0
1235,2040,5.0
1235,1065,4.0
1235,1580,5.0
1235,1767,4.5
1235,665,5.0
1235,1748,3.0
1235,2118,4.0
1235,231,1.0
1235,1968,4.0
1235,561,3.0
1236,1170,2.5
1236,226,4.5
1236,1069,4.0
1236,2443,4.5
1236,1524,3.0
1236,2037,2.5
1236,889,3.0
1236,1635,2.0
1236,2033,3.0
1236,2424,3.5
1236,992,3.0
1236,1863,4.0
1236,667,4.0
1236,42,3.0
1236,138,3.0
1236,1149,3.0
1236,1404,3.0
1236,177,4.5
1236,1986,3.5
1236,837,2.5
1236,2491,3.0
1236,2478,2.5
1236,1135,4.0
1236,726,3.0
1236,192,2.5
1236,1400,4.5
1236,1089,5.0
1236,1937,4.0
1236,2049,3.5
1236,716,3.5
1237,979,2.0
1237,2060,2.5
1237,284,4.5
1237,501,4.0
1237,1242,3.5
1237,2347,3.5
1237,271,3.5
1237,893,3.5
1237,1812,2.5
1237,1967,3.0
1237,689,2.5
1237,47,3.0
1237,107,3.5
1237,1541,3.0
1237,1908,3.0
1237,2479,4.5
1237,1428,3.0
1237,1758,2.5
1237,2442,3.5
1237,1260,3.0
1237,130,2.5
1237,456,4.0
1237,1239,4.5
1237,137,3.0
1237,1287,2.5
1238,1404,3.5
1238,411,4.0
1238,1243,3.5
1238,1450,3.5
1238,711,3.0
1238,1596,4.0
1238,2043,3.5
1238,2222,4.0
1238,2488,3.5
1238,1574,4.0
1238,797,3.0
1238,718,3.0
1238,1166,4.0
1238,1589,4.0
1238,2307,4.0
1238,83,3.5
1238,1305,3.5
1238,106,4.5
1238,706,4.0
1238,109,3.5
1238,1751,1.5
1238,2087,2.5
1238,2153,3.5
1238,2230,4.0
1239,938,2.5
1239,492,2.5
1239,2162,3.0
1239,590,3.0
1239,687,3.5
1239,2232,3.0
1239,1449,3.5
1239,1605,2.0
1239,415,3.0
1239,262,4.5
1239,1211,1.5
1239,1694,3.5
1239,227,4.5
1239,534,3.0
1240,1085,3.5
1240,186,2.0
1240,1467,3.0
1240,1278,2.5
1240,1799,3.0
1240,229,4.0
1240,1594,3.5
1240,253,2.0
1240,1134,1.5
1240,1952,3.0
1240,118,3.5
1240,1220,3.5
1241,1937,3.5
1241,1470,4.0
1241,1429,4.0
1241,495,4.0
1241,667,3.0
1241,1122,2.5
1241,1769,5.0
1241,943,3.0
1241,1594,4.0
1241,133,2.5
1242,938,3.0
1242,1491,5.0
1242,1318,2.5
1242,84,2.0
1242,1674,4.0
1242,1993,4.5
1242,1529,3.0
1242,320,3.5
1242,1862,3.5
1242,1607,2.0
1242,419,2.5
1242,454,4.5
1242,1771,3.0
1242,956,2.5
1242,2187,4.5
1243,130,1.5
1243,842,3.5
1243,1373,1.0
1243,1167,2.0
1243,1192,2.0
1243,404,5.0
1243,1713,4.0
1243,613,4.0
1243,2123,2.0
1243,2224,3.5
1243,2049,5.0
1243,1488,4.0
1243,138,3.5
1243,1317,3.5
1243,217,3.0
1243,2346,4.0
1243,133,3.5
1243,837,2.5
1243,1754,3.5
1243,890,3.0
1243,1832,3.5
1243,2390,3.0
1243,2279,2.0
1243,1069,4.5
1243,819,3.5
1243,530,4.5
1243,1045,3.0
1243,1621,3.5
1244,786,3.5
1244,516,3.5
1244,1158,3.5
1244,2047,3.5
1244,2391,3.5
1244,657,4.5
1244,1205,3.0
1244,546,3.5
1244,649,3.0
1244,312,5.0
1245,2095,4.0
1245,768,4.5
1245,1038,3.0
1245,2070,2.0
1245,1454,2.0
1245,1526,3.5
1245,1797,2.0
1245,158,3.5
1245,1841,1.5
1245,4,3.0
1245,1096,2.0
1245,951,2.5
1245,1198,4.5
1245,1767,4.0
1245,2043,2.5
1245,1624,3.5
1246,247,3.0
1246,566,3.5
1246,336,5.0
1246,1770,3.5
1246,845,3.0
1246,1130,4.0
1246,97,3.5
1246,1783,3.0
1246,2066,5.0
1246,2240,4.5
1246,880,3.5
1246,1905,3.0
1246,535,3.0
1246,1340,4.5
1246,1022,4.0
1246,1321,5.0
1246,2411,2.5
1246,2087,5.0
1246,1537,3.0
1246,975,4.5
1246,164,3.0
1246,94,1.5
1246,204,2.5
1246,2460,2.5
1246,721,2.5
1247,334,3.5
1247,1277,2.0
1247,244,2.5
1247,1172,3.5
1247,1904,3.5
1247,750,2.0
1247,343,3.5
1247,893,3.5
1247,480,3.0
1247,2080,4.0
1247,2459,4.5
1247,169,2.5
1247,641,4.5
1247,1597,4.0
1247,1598,4.5
1247,2345,3.5
1247,1711,1.5
1247,219,4.5
1247,15,5.0
1247,1056,3.0
1247,473,2.5
1247,459,2.5
1247,402,2.5
1247,1555,4.0
1248,1896,4.0
1248,2117,2.5
1248,492,4.0
1248,38,3.0
1248,2276,3.0
1248,4,3.5
1248,1450,4.0
1248,625,4.5
1248,1971,3.0
1248,1185,4.5
1248,468,3.5
1248,1228,3.5
1248,1225,2.5
1248,148,2.0
1248,845,4.0
1248,2028,2.5
1248,1454,2.5
1248,1002,3.0
1248,183,4.5
1248,947,3.0
1248,2030,3.0
1248,552,3.5
1248,218,4.5
1248,423,4.0
1248,1037,2.5
1249,889,3.5
1249,351,3.0
1249,2131,3.5
1249,1756,2.5
1249,2397,3.5
1249,2319,4.5
1249,905,3.0
1249,1039,3.0
1249,1518,4.0
1249,245,3.0
1249,1496,4.5
1250,1492,2.0
1250,2332,4.5
1250,1436,4.5
1250,319,3.0
1250,593,3.0
1250,671,3.0
1250,663,3.5
1250,1601,4.0
1250,618,4.0
1250,2289,2.5
1250,1131,3.0
1250,285,2.5
1250,768,2.5
1250,297,3.0
1250,1105,2.5
1250,2301,3.5
1250,2464,3.0
1250,1618,3.5
1250,1233,2.0
1250,386,2.5
1250,556,3.5
1250,2045,3.5
1250,342,3.0
1250,1116,3.5
1250,2259,1.5
1250,1813,3.0
1250,1866,3.0
1251,522,3.5
1251,1591,3.0
1251,283,3.0
1251,240,2.5
1251,1395,5.0
1251,503,2.5
1251,2411,4.5
1251,1920,3.0
1251,74,2.0
1251,1481,3.5
1251,1702,4.0
1251,2369,2.0
1251,1420,2.0
1251,1205,3.5
1251,480,4.5
1251,1841,3.0
1251,1723,2.5
1251,2165,3.0
1252,374,3.5
1252,2452,2.5
1252,865,3.5
1252,391,3.0
1252,2392,3.5
1252,225,3.0
1252,185,3.5
1252,984,4.0
1252,1421,2.5
1252,1198,2.0
1252,1037,4.0
1252,303,4.0
1252,2185,2.5
1252,653,1.5
1252,2398,5.0
1253,1396,1.5
1253,758,3.0
1253,2112,5.0
1253,2384,3.0
1253,1980,1.5
1253,374,4.5
1253,2339,3.0
1253,1631,4.0
1253,344,4.5
1253,389,3.0
1253,1082,4.0
1253,2077,4.0
1253,223,5.0
1253,326,1.5
1253,1648,4.0
1253,606,2.5
1253,446,3.5
1253,51,3.0
1253,199,4.0
1253,2059,2.5
1253,1399,4.0
1254,2204,4.0
1254,1622,3.0
1254,160,3.5
1254,830,2.5
1254,1141,1.5
1254,1235,4.0
1254,608,3.5
1254,829,3.0
1254,1215,3.5
1254,2304,3.0
1254,1828,2.5
1254,173,2.0
1254,1505,4.5
1254,1574,3.5
1254,826,3.5
1254,1653,2.0
1254,1996,2.5
1254,1497,3.0
1254,2390,2.5
1254,1360,3.0
1254,1776,2.0
1254,1343,3.0
1254,790,2.0
1254,1550,3.5
1254,285,3.0
1254,935,4.0
1255,2150,4.0
1255,171,3.5
1255,498,3.0
1255,515,2.5
1255,1367,2.0
1255,185,3.0
1255,1600,4.0
1255,372,3.5
1255,1956,2.0
1255,41,3.5
1255,2050,1.5
1255,1750,2.5
1255,958,3.0
1255,309,3.5
1255,1388,2.0
1255,2234,2.0
1255,2245,4.0
1255,1525,3.5
1255,75,4.0
1255,1816,3.0
1255,576,3.0
1256,27,3.0
1256,2483,3.5
1256,1595,4.5
1256,2350,4.0
1256,803,2.0
1256,410,3.0
1256,1088,3.0
1256,409,4.0
1256,77,4.0
1256,636,4.0
1256,263,2.0
1256,1077,4.0
1256,1763,3.5
1256,776,4.0
1257,1083,2.5
1257,2168,4.5
1257,1930,4.5
1257,1017,4.5
1257,576,5.0
1257,908,4.0
1257,639,3.5
1257,631,2.0
1257,1817,5.0
1257,2224,4.0
1257,713,2.5
1257,524,3.0
1257,556,4.0
1257,264,2.5
1257,780,3.5
1257,2011,3.5
1257,664,3.0
1257,2392,3.5
1257,1026,4.0
1257,1732,4.5
1257,1714,3.5
1257,667,4.0
1257,1481,3.5
1257,536,3.0
1257,1815,4.5
1257,1976,5.0
1257,2220,3.5
1257,2373,3.5
1257,2304,3.0
1257,923,2.0
1258,55,2.5
1258,1471,4.0
1258,1938,5.0
1258,1917,2.5
1258,402,2.5
1258,2013,3.0
1258,766,3.5
1258,1086,3.5
1258,2223,3.5
1258,418,4.0
1258,2029,2.5
1258,7,3.0
1258,989,2.5
1258,260,3.0
1258,2318,3.0
1258,2387,2.0
1258,2162,3.5
1258,861,4.0
1258,1550,3.0
1258,2301,2.0
1258,2074,2.0
1258,1070,4.5
1258,899,4.0
1258,244,5.0
1258,1981,3.5
1258,1132,4.0
1258,2471,3.0
1259,1341,4.0
1259,30,4.5
1259,1437,4.5
1259,1132,2.5
1259,2085,2.5
1259,1724,3.0
1259,61,5.0
1259,2219,2.0
1259,1520,3.5
1259,1084,4.5
1259,2361,5.0
1259,1535,3.0
1259,68,2.0
1260,2184,3.0
1260,155,3.0
1260,367,2.0
1260,590,3.5
1260,2302,3.5
1260,1991,3.0
1260,527,2.0
1260,679,3.5
1260,59,4.0
1260,576,3.5
1260,865,1.5
1261,1744,4.0
1261,195,2.5
1261,49,5.0
1261,943,4.0
1261,493,1.0
1261,838,4.0
1261,782,2.0
1261,506,2.5
1261,1027,3.5
1261,1400,2.5
1261,1883,2.0
1261,998,2.5
1261,1449,4.0
1261,378,3.5
1261,897,1.5
1261,1255,3.5
1261,1757,3.0
1261,2166,3.5
1261,2488,3.0
1261,1964,2.0
1261,727,2.5
1262,2453,4.0
1262,1709,4.5
1262,1084,3.5
1262,2113,4.0
1262,2320,3.5
1262,1087,3.0
1262,2143,5.0
1262,2392,2.5
1262,850,3.5
1262,17,3.0
1262,497,4.5
1262,1566,4.0
1262,1579,3.5
1262,2405,4.5
1262,472,5.0
1262,1771,3.5
1262,445,2.5
1262,290,3.5
1262,1867,3.5
1262,1068,3.0
1262,1517,5.0
1262,605,2.5
1262,1736,4.0
1262,1601,4.5
1262,1311,3.5
1263,109,3.5
1263,2419,2.0
1263,1439,3.0
1263,2375,2.5
1263,1008,3.5
1263,1763,4.5
1263,1518,2.5
1263,642,2.5
1263,1369,3.5
1263,2,2.5
1263,965,3.5
1263,1234,3.0
1264,1347,1.5
1264,468,2.5
1264,1619,3.5
1264,1959,2.5
1264,495,2.5
1264,43,3.0
1264,1572,1.5
1264,2490,2.0
1264,2120,3.0
1264,414,4.0
1264,165,3.5
1264,426,2.0
1264,1394,4.0
1264,1496,3.0
1264,1823,1.5
1264,2143,4.0
1264,1435,3.5
1264,2382,3.0
1264,204,3.5
1264,1772,4.5
1264,887,2.0
1265,827,3.0
1265,938,3.0
1265,720,4.5
1265,1900,3.0
1265,2106,2.0
1265,875,2.5
1265,625,2.0
1265,681,2.0
1265,2427,2.5
1265,744,4.0
1265,267,2.5
1265,2093,3.5
1265,877,4.0
1265,934,3.5
1265,1207,3.0
1265,1222,2.5
1265,1781,3.0
1265,2015,4.5
1265,1484,5.0
1265,1788,3.0
1265,158,2.5
1265,1244,2.0
1265,253,4.0
1265,1627,3.5
1266,1506,3.0
1266,1223,1.0
1266,910,1.5
1266,1689,1.5
1266,1209,3.5
1266,542,2.5
1266,382,3.5
1266,2466,4.0
1266,785,4.0
1266,156,3.0
1266,845,3.0
1266,1016,5.0
1266,1311,3.0
1266,2371,2.5
1266,484,2.5
1266,2071,1.5
1266,112,2.0
1266,339,1.5
1267,1483,5.0
1267,2179,5.0
1267,2009,3.0
1267,1365,2.0
1267,313,3.0
1267,1116,3.0
1267,832,3.5
1267,2172,4.0
1267,1362,4.5
1267,556,3.0
1267,2443,2.5
1267,650,3.5
1267,597,4.5
1267,2241,3.5
1267,1183,3.5
1267,2033,2.5
1267,1822,3.0
1267,392,2.5
1267,1313,4.0
1267,1989,4.0
1267,627,5.0
1267,1455,2.5
1267,747,3.0
1267,2427,3.0
1267,2167,3.0
1267,507,3.0
1267,762,2.0
1267,1030,4.0
1268,234,4.5
1268,1754,3.5
1268,1482,3.0
1268,522,3.5
1268,78,3.5
1268,1874,3.0
1268,1235,2.5
1268,1845,3.0
1268,1365,4.5
1268,212,3.0
1268,1533,2.0
1268,614,2.0
1268,2406,3.5
1268,1360,3.0
1268,2057,3.0
1268,671,3.5
1268,1297,2.0
1268,1049,4.0
1268,1722,2.5
1268,1669,3.0
1268,647,3.0
1268,2487,3.5
1268,1665,3.0
1268,224,3.0
1268,383,3.5
1268,322,4.0
1268,41,3.5
1268,662,1.5
1268,643,3.5
1269,2251,3.5
1269,1123,4.5
1269,1437,2.5
1269,1352,3.0
1269,1450,3.5
1269,168,4.0
1269,37,4.5
1269,1624,3.5
1269,77,3.5
1269,1158,4.0
1269,129,2.5
1269,1308,3.0
1269,554,4.0
1269,953,2.5
1269,443,3.5
1269,1011,4.0
1269,2396,2.5
1269,1495,3.5
1269,836,2.5
1269,1598,3.5
1269,1644,3.0
1269,1349,4.5
1269,2488,2.0
1269,336,3.0
1269,1184,3.5
1269,1579,2.5
1269,1159,3.5
1269,943,2.5
1269,2056,2.5
1270,1931,4.5
1270,2164,3.5
1270,1291,4.0
1270,2175,2.0
1270,2011,3.0
1270,2481,2.0
1270,1017,2.5
1270,1464,2.0
1270,1778,3.5
1270,1619,2.0
1270,100,3.0
1270,609,2.0
1270,1888,3.5
1270,574,3.0
1270,657,3.5
1270,2167,1.0
1271,132,1.0
1271,735,2.0
1271,519,2.5
1271,6,2.5
1271,2269,3.0
1271,481,2.5
1271,1699,3.5
1271,920,3.0
1271,418,2.0
1271,638,3.5
1271,285,3.5
1271,645,1.5
1271,1715,3.5
1271,919,3.0
1271,1467,2.5
1271,787,4.0
1271,1713,3.0
1271,1827,3.0
1271,1399,3.5
1271,1772,2.0
1271,379,3.0
1271,1507,1.0
1271,1697,2.5
1271,1996,2.5
1271,40,3.5
1271,891,3.5
1271,475,3.5
1271,1319,2.0
1271,953,3.0
1272,2437,4.0
1272,1339,3.0
1272,400,5.0
1272,293,4.0
1272,10,3.0
1272,1772,2.0
1272,719,3.0
1272,2309,3.0
1272,1427,1.5
1272,1434,2.0
1272,553,3.5
1272,787,3.5
1272,2177,2.5
1272,706,1.5
1272,1671,4.0
1272,809,4.5
1272,1762,4.0
1272,1708,4.0
1272,1958,3.5
1272,394,3.0
1272,2311,4.5
1272,1056,3.0
1272,983,5.0
1272,602,3.5
1273,1644,1.5
1273,516,2.5
1273,80,2.0
1273,1483,2.0
1273,18,3.0
1273,816,2.5
1273,893,2.5
1273,238,3.5
1273,670,4.5
1273,1554,3.5
1273,2011,2.0
1273,527,2.5
1273,2455,2.0
1273,1031,4.5
1273,2169,4.0
1273,635,4.0
1273,1566,3.5
1273,1039,2.5
1273,1199,2.0
1273,1638,4.0
1273,2439,2.0
1273,2331,3.0
1273,1480,3.5
1273,1296,1.0
1273,664,2.0
1274,2079,3.0
1274,791,2.0
1274,1120,3.5
1274,2155,3.5
1274,2068,4.0
1274,1280,3.0
1274,1726,2.5
1274,1132,4.0
1274,845,4.0
1274,1431,2.0
1274,707,3.5
1274,1202,4.5
1274,12,4.5
1274,1644,5.0
1275,2055,3.5
1275,1398,3.0
1275,430,2.0
1275,385,3.0
1275,1839,1.5
1275,46,1.5
1275,2383,4.0
1275,2037,3.0
1275,1558,3.5
1275,229,4.0
1275,1006,1.5
1275,501,2.5
1275,908,4.0
1275,109,4.0
1275,661,4.0
1275,51,3.0
1275,375,1.5
1275,901,3.0
1275,1702,2.5
1275,1781,3.5
1275,2076,3.5
1275,16,3.5
1276,1717,3.5
1276,1148,3.0
1276,1171,2.5
1276,1603,2.0
1276,1784,2.5
1276,1134,3.0
1276,39,4.0
1276,2271,4.0
1276,845,3.5
1276,2425,2.0
1276,1014,2.5
1276,1349,2.5
1276,2349,4.0
1276,1252,2.5
1276,1822,2.5
1276,521,4.0
1276,731,3.5
1276,1155,2.0
1276,2259,2.0
1276,1435,3.5
1276,1895,2.5
1276,401,4.0
1276,43,4.5
1276,2084,2.5
1276,355,1.0
1276,523,2.0
1276,341,3.5
1276,2348,2.5
1276,1514,2.0
1277,1189,3.5
1277,158,5.0
1277,371,3.0
1277,2237,4.0
1277,1751,5.0
1277,2175,3.0
1277,1420,2.5
1277,71,2.0
1277,1843,2.5
1277,681,3.5
1277,1582,2.0
1277,1513,3.0
1277,878,4.0
1277,637,3.5
1277,627,3.5
1277,103,3.5
1277,907,4.5
1277,1844,3.5
1277,964,3.0
1277,162,4.5
1277,2384,2.0
1277,1953,4.5
1277,1253,3.0
1277,2001,4.0
1277,1859,2.5
1277,995,3.0
1278,312,3.0
1278,1790,4.0
1278,1089,4.5
1278,1421,4.0
1278,1893,3.0
1278,535,4.0
1278,2210,3.0
1278,2472,2.5
1278,1789,5.0
1278,2354,2.0
1278,736,4.5
1278,105,4.5
1278,1161,5.0
1278,1066,1.5
1278,1638,4.0
1278,664,5.0
1278,458,3.5
1278,976,4.5
1278,1364,5.0
1278,2413,3.5
1278,1891,3.5
1278,1820,1.0
1278,115,3.5
1278,839,3.5
1279,1493,3.0
1279,1760,3.5
1279,1804,2.5
1279,1002,2.5
1279,1125,2.5
1279,1979,5.0
1279,900,2.5
1279,2071,4.0
1279,256,4.0
1279,1795,3.5
1279,1151,4.0
1279,1677,4.0
1279,1067,3.5
1279,564,3.5
1279,1005,4.5
1279,18,4.0
1279,1821,3.0
1279,64,2.0
1279,106,3.0
1279,965,3.5
1279,1276,4.0
1279,2048,5.0
1279,2414,3.0
1279,608,5.0
1280,1243,3.5
1280,79,3.5
1280,1310,3.0
1280,174,3.0
1280,1817,4.0
1280,1382,3.5
1280,1920,3.5
1280,2352,2.0
1280,1788,3.0
1280,1718,2.5
1280,1909,4.0
1280,1244,4.0
1280,1723,3.5
1280,1080,2.5
1280,1794,2.5
1280,240,1.5
1280,1283,3.0
1280,133,3.0
1280,1892,3.0
1280,414,3.5
1280,2320,5.0
1280,2282,4.0
1280,2462,2.5
1280,1264,2.0
1281,312,3.5
1281,751,1.5
1281,1210,3.5
1281,2306,3.0
1281,126,3.0
1281,1163,2.5
1281,2076,3.5
1281,1989,2.5
1281,964,3.5
1281,1579,4.5
1281,1191,3.0
1281,202,5.0
1281,2210,3.0
1281,507,3.0
1281,1394,4.0
1281,475,2.5
1281,241,1.5
1282,2263,4.0
1282,782,4.0
1282,2136,2.0
1282,608,2.5
1282,206,3.5
1282,1760,5.0
1282,1863,3.0
1282,1059,2.0
1282,149,2.5
1282,82,3.5
1282,919,3.0
1282,532,2.0
1282,235,2.0
1282,907,3.5
1282,326,2.0
1282,399,2.5
1283,1511,3.5
1283,1248,3.5
1283,2284,3.5
1283,2080,5.0
1283,1233,4.5
1283,2374,1.5
1283,507,4.0
1283,1409,3.0
1283,1054,4.5
1283,2266,4.5
1283,1813,5.0
1283,2160,4.5
1283,2018,3.5
1283,204,4.0
1283,1665,2.5
1283,2370,4.5
1283,2494,3.0
1283,1927,3.5
1283,1736,2.5
1283,212,5.0
1283,1774,3.5
1283,233,5.0
1283,2251,4.5
1283,1922,2.5
1283,436,4.0
1283,1315,5.0
1283,1067,3.0
1283,642,3.5
1283,992,3.5
1284,134,3.0
1284,355,3.5
1284,2427,3.0
1284,1450,3.5
1284,2087,3.5
1284,545,4.5
1284,1297,4.5
1284,1265,4.5
1284,1209,4.0
1284,1830,2.5
1284,2491,3.0
1284,518,2.0
1284,16,4.0
1284,852,4.0
1284,1256,4.5
1284,135,4.5
1284,1068,4.0
1284,2037,2.5
1284,2268,5.0
1284,253,3.5
1284,256,3.0
1284,400,2.5
1284,1811,3.5
1284,487,3.0
1284,1637,4.5
1284,1141,5.0
1284,967,4.0
1284,612,4.5
1284,1909,2.0
1284,544,4.5
1285,378,3.5
1285,2290,4.0
1285,1472,3.0
1285,2310,3.0
1285,941,4.0
1285,881,3.0
1285,1700,3.0
1285,1634,2.0
1285,936,5.0
1285,1216,2.0
1285,642,2.5
1285,421,3.5
1285,1819,3.5
1285,439,3.0
1285,119,4.0
1285,165,2.0
1285,2489,3.0
1285,2235,3.5
1285,2402,2.5
1285,2238,2.0
1286,817,3.0
1286,1600,4.0
1286,1101,3.0
1286,1993,2.0
1286,2282,2.0
1286,1130,3.0
1286,1498,4.0
1286,2032,3.0
1286,1444,2.0
1286,1933,3.0
1286,656,4.0
1286,1357,3.5
1286,1276,2.5
1286,485,4.0
1286,1288,2.5
1286,1647,4.0
1286,1430,3.5
1286,2025,3.0
1286,94,4.0
1286,1721,3.0
1286,1828,3.0
1286,1370,4.0
1286,1373,2.0
1286,2219,4.0
1286,1526,3.5
1287,219,2.5
1287,1989,2.0
1287,2300,3.0
1287,788,4.5
1287,1505,3.5
1287,1723,2.5
1287,2042,3.0
1287,887,4.0
1287,425,2.0
1287,1145,3.5
1287,710,3.5
1287,2004,3.5
1287,198,4.0
1287,1712,3.5
1287,1370,3.0
1287,618,3.5
1287,1464,3.0
1287,1193,3.5
1287,1361,3.5
1287,262,2.5
1287,1360,2.5
1287,1580,3.0
1287,1007,2.5
1287,590,2.5
1287,1729,4.5
1287,4,5.0
1287,1731,3.0
1287,686,2.0
1287,473,2.5
1287,350,2.5
1288,1685,3.0
1288,935,3.0
1288,719,5.0
1288,1220,4.5
1288,1602,3.0
1288,2199,3.5
1288,1612,4.0
1288,1625,3.5
1288,1042,5.0
1288,2005,5.0
1288,1676,3.5
1288,1636,5.0
1288,1106,4.5
1288,88,1.0
1288,1315,4.0
1288,2015,2.5
1288,1082,3.5
1288,2428,1.5
1288,557,4.5
1288,318,3.0
1289,2217,3.0
1289,373,5.0
1289,982,3.0
1289,951,3.0
1289,723,4.5
1289,1175,2.0
1289,1146,3.5
1289,2169,4.0
1289,113,3.0
1289,1959,4.0
1289,799,4.0
1289,278,5.0
1289,1509,3.5
1289,1402,4.0
1290,128,2.5
1290,1065,2.5
1290,1415,1.5
1290,1345,2.0
1290,1442,3.0
1290,2235,3.0
1290,2058,2.0
1290,982,3.0
1290,1029,4.0
1290,2469,2.0
1290,1847,2.5
1290,1197,2.5
1290,1644,2.0
1290,1552,4.0
1290,925,2.5
1291,999,4.0
1291,2280,2.5
1291,592,3.5
1291,899,2.5
1291,831,3.0
1291,2476,3.0
1291,243,4.5
1291,299,3.0
1291,1038,1.5
1291,2025,2.5
1291,691,3.0
1291,2485,4.0
1291,366,4.0
1291,2174,2.5
1291,1709,4.5
1291,1674,3.5
1291,1282,2.5
1291,533,4.5
1291,687,1.5
1291,989,1.5
1291,1070,3.5
1291,1900,4.5
1291,970,2.5
1291,890,4.0
1291,2116,5.0
1291,880,2.5
1291,505,2.0
1291,2118,4.0
1291,1995,4.0
1292,1878,2.0
1292,2219,3.0
1292,213,3.0
1292,1787,4.0
1292,2325,2.5
1292,363,3.5
1292,1916,4.0
1292,399,4.0
1292,1799,3.0
1292,1082,4.0
1292,1390,4.5
1292,780,3.0
1292,843,4.5
1292,829,4.0
1292,1150,2.5
1292,1209,4.0
1292,1876,2.5
1292,2454,4.0
1292,1492,3.0
1292,801,3.5
1293,1058,3.0
1293,432,4.0
1293,1333,2.5
1293,2018,4.0
1293,2317,4.0
1293,1358,3.0
1293,1816,2.5
1293,2141,5.0
1293,588,3.0
1293,341,5.0
1293,501,5.0
1293,920,3.5
1293,1297,4.5
1293,1912,3.0
1293,1274,3.0
1293,1223,4.0
1293,1875,5.0
1293,1732,4.5
1293,2435,3.5
1293,474,3.0
1293,684,3.0
1293,1799,4.0
1293,219,2.5
1293,1256,3.5
1293,1177,3.0
1293,658,3.5
1293,2009,3.5
1293,1520,3.0
1293,429,4.5
1294,941,4.0
1294,2390,3.5
1294,934,3.5
1294,2196,3.5
1294,1308,3.5
1294,21,2.5
1294,851,2.5
1294,29,3.5
1294,1145,4.0
1294,1180,3.0
1294,2036,3.5
1294,1669,2.5
1294,768,4.0
1295,1832,2.5
1295,539,3.0
1295,2220,3.0
1295,511,2.5
1295,2370,2.0
1295,2380,3.5
1295,2033,4.0
1295,980,3.5
1295,1125,3.0
1295,913,3.0
1295,720,4.0
1295,1462,1.5
1295,1332,3.5
1295,2175,3.0
1295,1101,3.5
1295,1419,1.5
1295,7,2.5
1295,2191,1.5
1295,137,3.5
1295,144,3.5
1295,2177,5.0
1295,50,2.5
1296,1857,1.5
1296,203,2.0
1296,1992,3.5
1296,222,3.5
1296,1522,4.5
1296,1151,5.0
1296,61,2.5
1296,1887,3.0
1296,1244,5.0
1296,1600,1.5
1297,1780,1.5
1297,1003,4.5
1297,965,3.0
1297,470,3.0
1297,1382,1.5
1297,2470,4.5
1297,776,2.5
1297,2045,3.5
1297,287,4.0
1297,1779,4.0
1298,2023,3.0
1298,2011,4.0
1298,286,2.5
1298,472,5.0
1298,766,3.0
1298,2091,2.0
1298,741,4.5
1298,1664,4.0
1298,2025,5.0
1298,442,4.5
1298,1893,3.5
1298,1043,5.0
1298,2266,3.0
1298,2467,3.5
1298,1689,5.0
1298,148,3.0
1298,1633,2.5
1298,2303,2.5
1298,1723,2.5
1298,228,3.0
1298,1375,4.0
1298,1233,3.0
1298,365,4.0
1298,278,3.0
1298,1480,2.5
1298,455,4.0
1298,1234,3.0
1299,1523,3.5
1299,892,5.0
1299,1859,3.5
1299,916,2.0
1299,1923,2.5
1299,59,4.0
1299,461,2.0
1299,1674,5.0
1299,927,2.5
1299,1183,5.0
1299,2118,4.0
1299,2156,3.0
1299,716,4.5
1299,2127,4.5
1299,1019,4.0
1299,1299,3.0
1299,1214,2.5
1299,478,2.5
1299,1722,3.0
1299,2463,3.0
1300,2070,2.5
1300,1501,3.0
1300,1386,2.5
1300,503,3.0
1300,323,3.5
1300,1410,4.5
1300,1385,3.0
1300,1236,2.0
1300,611,2.5
1300,16,4.0
1300,2498,3.0
1300,360,3.5
1300,1808,3.0
1301,285,3.5
1301,451,3.5
1301,1468,2.5
1301,868,4.0
1301,262,3.5
1301,990,3.0
1301,2173,2.5
1301,1385,3.0
1301,1648,3.5
1301,1142,2.0
1301,1645,3.0
1301,413,2.5
1301,241,3.5
1301,745,4.5
1301,1114,5.0
1302,953,4.0
1302,687,3.0
1302,651,4.5
1302,268,2.5
1302,1980,3.5
1302,2377,4.0
1302,39,5.0
1302,446,3.0
1302,1096,2.5
1302,346,3.0
1302,921,4.5
1302,1415,3.0
1302,1508,2.5
1302,241,3.0
1302,993,3.5
1302,1035,2.5
1302,1414,3.5
1302,516,2.5
1302,144,3.0
1303,1962,2.5
1303,1940,4.0
1303,1204,2.5
1303,709,4.0
1303,312,3.0
1303,1423,4.0
1303,278,3.0
1303,446,3.0
1303,825,5.0
1303,763,3.0
1303,580,5.0
1303,2025,2.5
1303,434,2.0
1303,881,3.0
1303,650,2.5
1303,2261,3.5
1303,299,4.5
1303,354,3.0
1303,931,5.0
1303,429,5.0
1303,2070,2.5
1304,1052,2.5
1304,68,4.5
1304,1037,3.0
1304,1089,2.5
1304,842,3.0
1304,760,2.5
1304,264,3.5
1304,1115,4.0
1304,1060,4.0
1304,1781,3.0
1304,2438,3.0
1304,848,3.0
1304,725,2.5
1304,2211,3.0
1304,704,3.5
1304,580,2.5
1304,389,3.0
1304,266,3.0
1304,1666,2.5
1304,2015,3.0
1304,1885,3.0
1304,2471,4.5
1304,36,3.5
1304,1905,2.0
1304,307,2.0
1304,1159,3.5
1304,1484,3.0
1304,1282,2.0
1305,808,3.0
1305,2065,4.0
1305,322,2.5
1305,899,3.0
1305,159,5.0
1305,1361,4.0
1305,2181,2.0
1305,871,3.5
1305,741,4.0
1305,342,2.0
1305,2201,4.5
1305,1061,2.5
1305,1875,3.5
1305,2160,4.5
1305,351,3.0
1305,2083,2.0
1305,246,3.5
1306,2115,3.0
1306,2282,3.0
1306,1516,4.0
1306,1098,3.5
1306,1762,3.0
1306,2133,3.5
1306,443,3.0
1306,1997,2.0
1306,1529,2.0
1306,552,1.5
1306,1651,3.0
1306,450,2.5
1306,526,3.5
1306,1758,3.0
1306,2199,3.0
1306,545,4.5
1306,2214,4.0
1306,2369,1.5
1306,92,2.0
1306,1666,3.0
1306,1543,2.5
1306,455,3.5
1306,1731,2.5
1306,1159,2.5
1307,2088,2.0
1307,271,2.0
1307,717,3.5
1307,1981,2.0
1307,603,3.0
1307,1168,3.0
1307,827,2.5
1307,2035,1.0
1307,2155,3.0
1307,1231,3.0
1307,901,2.5
1307,223,2.5
1307,1499,2.0
1307,2174,3.0
1308,105,2.0
1308,2343,3.5
1308,677,3.5
1308,150,3.5
1308,871,2.5
1308,672,4.0
1308,1187,3.5
1308,2395,2.5
1308,1578,3.0
1308,2006,2.5
1308,157,4.0
1308,618,3.5
1308,127,2.0
1308,2384,4.5
1308,524,1.5
1308,2351,3.5
1308,1628,3.0
1308,1105,3.0
1308,89,3.0
1308,971,3.0
1308,2398,3.5
1308,2321,1.0
1308,1774,3.5
1308,1011,2.0
1309,2379,2.0
1309,1173,4.5
1309,979,3.0
1309,332,3.5
1309,1300,2.5
1309,291,2.5
1309,1492,3.5
1309,62,1.5
1309,1468,4.0
1309,23,1.5
1309,645,4.0
1309,2364,4.5
1309,756,3.5
1309,993,3.0
1309,1536,1.5
1309,1515,3.0
1309,1388,3.0
1309,836,3.5
1310,1957,5.0
1310,196,5.0
1310,2323,4.0
1310,1695,3.5
1310,1065,4.0
1310,456,4.5
1310,1626,2.5
1310,2047,5.0
1310,1386,4.5
1310,2094,4.0
1310,1545,4.5
1310,602,2.5
1310,2209,3.5
1310,1643,3.5
1310,298,3.5
1310,1675,3.5
1310,1994,3.5
1311,1104,3.5
1311,1216,5.0
1311,2027,2.5
1311,303,4.0
1311,971,2.5
1311,2086,2.0
1311,1115,3.5
1311,1286,4.0
1311,519,3.5
1311,468,2.5
1311,2277,3.0
1311,212,4.0
1311,709,3.5
1311,1493,2.5
1311,1648,1.5
1311,2107,4.0
1311,2320,2.5
1311,139,2.5
1311,2367,4.0
1311,1608,5.0
1311,854,3.0
1312,639,4.5
1312,482,3.0
1312,595,4.0
1312,28,3.0
1312,1105,3.0
1312,1627,2.0
1312,610,4.0
1312,537,2.5
1312,805,4.0
1312,2451,3.5
1312,2059,2.0
1312,2322,2.5
1313,611,3.0
1313,352,2.0
1313,1948,4.5
1313,694,5.0
1313,1853,3.0
1313,660,2.5
1313,1618,2.5
1313,1921,2.0
1313,1443,3.0
1313,467,4.5
1313,1811,4.5
1313,1594,4.5
1313,1576,4.0
1313,2141,4.0
1313,1513,2.5
1313,68,2.5
1313,880,3.0
1313,1182,5.0
1313,213,5.0
1313,1539,2.0
1313,133,3.0
1313,1957,2.5
1313,1509,3.0
1313,1153,5.0
1313,900,5.0
1314,1797,3.0
1314,2443,1.5
1314,2068,2.0
1314,1844,4.0
1314,955,3.5
1314,2273,4.5
1314,2487,3.0
1314,183,4.5
1314,192,3.5
1314,33,3.5
1314,394,4.0
1314,190,3.5
1314,828,3.5
1314,714,2.0
1315,2193,4.0
1315,657,4.0
1315,1602,3.0
1315,2024,3.5
1315,2181,2.0
1315,1976,2.0
1315,874,2.5
1315,2396,3.5
1315,399,4.0
1315,193,4.0
1315,2329,3.0
1315,241,3.5
1315,1153,2.0
1315,369,3.0
1315,164,2.5
1315,1418,3.5
1315,1722,3.0
1315,1123,4.0
1315,842,2.5
1315,1209,2.0
1315,625,2.5
1315,1736,3.0
1315,816,3.5
1315,2116,4.5
1315,655,3.0
1315,1568,3.5
1315,2299,3.5
1316,1854,2.0
1316,716,4.0
1316,1916,4.5
1316,1726,4.5
1316,800,3.5
1316,494,2.0
1316,1289,1.0
1316,1830,3.0
1316,1742,2.0
1316,321,4.0
1316,1053,2.0
1316,927,2.0
1316,1630,2.5
1316,1659,3.0
1316,1575,4.0
1316,37,3.0
1316,2124,2.5
1316,1562,3.0
1316,573,2.5
1316,1618,2.0
1316,878,3.5
1316,24,1.0
1316,2319,4.5
1316,1867,4.5
1317,2256,3.5
1317,1921,2.5
1317,1158,3.0
1317,1427,3.0
1317,2008,5.0
1317,366,4.0
1317,1413,3.5
1317,1493,3.5
1317,38,4.5
1317,594,3.0
1317,782,3.5
1317,1929,2.0
1317,370,4.0
1317,767,3.5
1318,362,2.5
1318,453,3.0
1318,2278,3.0
1318,1161,1.5
1318,2274,2.5
1318,1313,4.5
1318,1388,2.5
1318,2407,3.0
1318,2063,4.5
1318,1531,2.0
1318,2348,3.0
1318,1167,3.5
1318,1934,4.0
1318,839,2.0
1318,259,4.0
1318,1479,3.5
1319,2231,3.5
1319,218,1.0
1319,1675,2.5
1319,219,2.0
1319,227,4.5
1319,1065,3.5
1319,484,2.5
1319,234,3.5
1319,577,5.0
1319,1746,5.0
1320,344,1.5
1320,2344,4.0
1320,1285,2.5
1320,1220,4.0
1320,1586,3.5
1320,834,3.0
1320,1281,1.5
1320,351,1.0
1320,972,3.0
1320,442,2.5
1320,1291,4.0
1320,852,2.5
1320,1686,2.5
1320,2109,3.0
1320,283,2.0
1320,1788,3.0
1320,1790,1.5
1320,117,2.5
1320,1006,3.0
1320,1814,4.0
1320,1267,3.0
1320,2095,3.5
1320,443,3.5
1320,1257,4.0
1320,1299,3.0
1320,2387,1.5
1320,342,1.5
1320,155,4.5
1320,1474,2.5
1321,1500,3.5
1321,2223,4.0
1321,2339,4.0
1321,1784,2.0
1321,2350,3.0
1321,1966,2.5
1321,2262,2.5
1321,2480,3.5
1321,955,2.0
1321,2337,3.5
1321,668,3.0
1321,180,3.0
1322,1411,2.5
1322,96,3.0
1322,1761,3.0
1322,2027,2.5
1322,2279,3.0
1322,2092,2.5
1322,1347,2.0
1322,5,2.0
1322,1136,1.0
1322,1265,3.0
1322,2004,3.0
1323,1977,3.5
1323,1129,3.5
1323,2334,3.5
1323,667,2.5
1323,623,4.0
1323,2032,4.0
1323,1149,2.5
1323,286,2.0
1323,2181,3.0
1323,560,4.5
1323,312,3.0
1323,2288,2.0
1323,1758,3.5
1323,2275,2.5
1323,426,3.0
1323,1692,2.0
1323,2131,2.0
1323,1549,3.0
1323,1390,2.5
1323,614,3.0
1323,2002,3.0
1323,889,2.5
1323,136,4.5
1323,46,3.0
1323,346,5.0
1323,1732,2.5
1323,1199,3.0
1324,983,3.0
1324,58,3.0
1324,1180,4.0
1324,1754,3.5
1324,892,2.0
1324,1525,2.5
1324,501,4.0
1324,1254,1.5
1324,1727,2.5
1324,2064,3.0
1324,1606,2.5
1324,2166,4.0
1324,1403,1.5
1324,788,5.0
1324,1511,4.0
1324,1666,4.5
1324,664,4.0
1324,1814,4.0
1324,620,4.5
1324,1134,3.0
1324,1552,4.5
1324,237,4.0
1324,2495,3.0
1325,1876,3.5
1325,124,1.0
1325,1950,3.0
1325,523,4.5
1325,45,3.0
1325,1952,3.5
1325,126,2.5
1325,2106,2.0
1325,1998,3.5
1325,1116,2.5
1325,1349,2.0
1325,2288,3.5
1325,1997,2.5
1325,287,4.0
1325,1214,2.0
1325,52,2.5
1325,2167,2.0
1325,288,2.5
1325,1588,3.5
1325,222,2.0
1325,2043,3.0
1325,2153,3.5
1325,519,2.0
1325,51,2.5
1325,195,4.0
1325,1300,3.5
1325,2319,4.5
1326,1049,3.5
1326,2358,4.0
1326,1494,3.0
1326,641,4.0
1326,2360,3.0
1326,147,4.0
1326,695,4.0
1326,460,4.5
1326,1793,5.0
1326,927,2.5
1326,1798,5.0
1326,1486,3.5
1326,634,3.0
1326,2277,3.5
1326,450,5.0
1326,344,2.0
1326,2231,4.0
1326,2078,3.5
1326,1896,4.0
1326,121,5.0
1326,178,5.0
1326,1856,4.5
1326,1539,5.0
1326,1372,4.0
1326,2413,5.0
1326,409,5.0
1326,1015,3.0
1326,383,3.5
1326,422,3.5
1327,1316,2.5
1327,2280,4.5
1327,2182,2.5
1327,2167,2.5
1327,2115,1.5
1327,908,4.0
1327,1186,4.0
1327,1759,3.0
1327,501,2.0
1327,933,3.0
1327,2098,3.5
1327,2416,2.5
1327,2145,2.5
1327,379,3.0
1328,1721,2.5
1328,1876,2.0
1328,972,3.5
1328,1606,3.0
1328,1683,2.5
1328,1963,2.0
1328,957,3.5
1328,188,3.0
1328,2469,4.0
1328,2203,3.0
1328,421,1.5
1328,793,3.5
1328,2343,4.0
1328,2045,3.5
1328,1705,3.5
1328,809,2.5
1328,2189,3.5
1328,2345,1.5
1328,2298,4.5
1329,1097,4.0
1329,106,4.5
1329,2366,3.5
1329,1804,2.5
1329,1613,5.0
1329,1293,2.5
1329,1737,4.5
1329,1385,3.5
1329,2052,3.5
1329,948,3.0
1329,1653,1.0
1329,1808,2.5
1329,1459,3.0
1329,1368,4.5
1330,1165,2.5
1330,306,3.0
1330,334,3.0
1330,886,2.5
1330,2061,4.0
1330,1668,4.0
1330,2194,3.5
1330,308,5.0
1330,1877,2.5
1330,647,3.0
1330,147,3.5
1330,585,2.0
1330,293,4.5
1330,1079,4.5
1330,2107,3.5
1330,2043,2.0
1330,760,4.0
1330,1602,3.5
1330,1793,3.0
1330,1729,2.5
1330,2088,2.5
1330,421,4.5
1330,1708,4.5
1330,2343,3.5
1330,458,3.0
1331,687,3.5
1331,1187,3.0
1331,680,3.5
1331,807,3.5
1331,2175,3.5
1331,769,2.5
1331,2062,3.5
1331,2284,2.5
1331,1948,3.0
1331,1436,3.0
1331,143,4.0
1331,2345,2.5
1331,1862,1.5
1331,553,3.5
1331,2433,2.0
1331,2324,3.0
1331,744,3.0
1331,2331,4.5
1331,709,3.0
1332,1313,3.5
1332,1122,3.5
1332,1639,3.5
1332,1063,3.5
1332,2059,3.0
1332,2175,2.5
1332,1189,2.0
1332,1525,2.5
1332,1704,3.0
1332,1109,4.5
1333,2133,2.5
1333,2398,3.0
1333,210,3.5
1333,324,2.0
1333,406,4.0
1333,2113,3.5
1333,1019,3.5
1333,77,2.5
1333,275,3.0
1333,862,3.5
1333,1417,2.5
1333,2174,4.0
1333,1768,3.5
1334,2311,4.0
1334,2162,4.0
1334,354,3.5
1334,273,3.0
1334,781,5.0
1334,2159,3.5
1334,94,2.5
1334,1187,2.0
1334,1758,3.0
1334,1593,3.5
1334,233,4.0
1334,953,3.0
1334,2496,4.0
1334,1327,3.0
1334,2461,2.5
1334,2133,1.5
1335,775,2.5
1335,1272,3.0
1335,698,3.0
1335,1775,3.0
1335,1802,3.5
1335,2003,2.5
1335,1935,3.5
1335,507,3.0
1335,1100,2.0
1335,1483,3.5
1335,2365,3.5
1335,2125,3.0
1335,346,2.5
1336,1591,3.0
1336,1890,3.5
1336,2217,3.5
1336,11,4.5
1336,1369,3.5
1336,2036,1.0
1336,1676,4.0
1336,935,4.0
1336,1613,3.0
1336,1038,2.5
1336,911,5.0
1336,1467,3.0
1336,1385,4.5
1336,437,3.0
1336,1580,2.5
1336,1792,2.5
1336,794,3.0
1336,1972,3.5
1337,2397,5.0
1337,1132,3.5
1337,1494,4.0
1337,573,1.0
1337,1694,2.5
1337,74,4.0
1337,2142,3.0
1337,100,3.5
1337,1119,3.5
1337,772,2.5
1337,208,3.0
1337,1058,2.5
1338,2129,2.5
1338,1405,2.5
1338,1368,2.5
1338,1239,4.0
1338,907,1.5
1338,1416,2.0
1338,305,2.5
1338,381,5.0
1338,2351,3.5
1338,1060,2.5
1338,1919,4.0
1338,218,4.0
1338,378,2.0
1339,754,5.0
1339,2090,3.0
1339,2210,4.5
1339,204,3.5
1339,302,3.5
1339,1770,3.0
1339,993,4.0
1339,358,3.5
1339,2364,4.0
1339,1588,2.0
1339,1611,2.0
1339,1138,4.0
1340,1872,5.0
1340,1062,4.5
1340,2131,3.5
1340,1205,3.0
1340,351,2.0
1340,1923,2.5
1340,1393,3.0
1340,1030,3.5
1340,289,1.5
1340,944,2.0
1340,1957,4.5
1340,1241,3.0
1340,1201,2.5
1340,106,3.0
1340,2398,3.0
1340,1685,3.5
1340,1216,3.0
1340,515,2.5
1340,545,2.5
1340,801,3.5
1340,560,2.5
1340,894,2.0
1340,282,4.5
1340,344,3.5
1340,923,2.5
1341,778,4.0
1341,850,5.0
1341,2227,1.5
1341,2032,2.0
1341,1200,4.0
1341,149,3.0
1341,356,3.0
1341,1034,3.5
1341,2153,2.5
1341,2006,3.0
1341,137,4.0
1341,1901,3.0
1341,734,5.0
1341,1985,3.5
1341,1932,3.0
1341,26,3.5
1341,828,4.0
1341,1656,3.5
1341,132,2.0
1341,796,4.0
1341,847,2.0
1341,1261,4.0
1341,1156,3.5
1341,1064,3.5
1341,1331,2.5
1341,666,3.0
1341,1029,2.5
1341,380,3.5
1342,1944,2.5
1342,907,1.5
1342,2418,2.0
1342,173,3.0
1342,1360,3.5
1342,2154,2.0
1342,1362,4.0
1342,171,4.5
1342,1625,2.0
1342,1964,1.0
1342,952,4.5
1342,771,2.5
1342,1045,3.5
1342,2387,2.0
1342,1539,5.0
1342,1403,3.0
1342,1585,4.5
1342,1802,3.0
1342,1117,3.5
1342,1094,3.5
1342,2478,3.5
1342,1588,3.5
1342,1193,4.5
1342,1480,5.0
1342,713,3.5
1342,1180,4.5
1342,1826,3.0
1342,590,3.5
1343,1848,3.0
1343,1662,2.5
1343,1160,2.5
1343,915,4.5
1343,248,4.0
1343,593,2.0
1343,1383,3.5
1343,1320,2.0
1343,1878,5.0
1343,616,3.5
1343,1101,4.0
1343,1454,3.5
1343,1450,2.0
1344,139,3.0
1344,2380,4.5
1344,650,2.5
1344,754,5.0
1344,942,3.5
1344,993,2.5
1344,182,3.5
1344,173,4.5
1344,2490,3.0
1344,243,2.5
1344,727,2.0
1344,159,4.5
1345,951,3.0
1345,115,3.0
1345,1092,3.5
1345,1941,3.5
1345,1615,3.0
1345,1502,2.5
1345,863,2.5
1345,2055,4.0
1345,2359,2.5
1345,453,4.5
1345,266,3.5
1345,711,3.5
1345,1985,2.0
1345,2122,2.0
1345,1692,4.5
1345,1507,3.0
1345,1033,3.0
1345,2248,2.0
1345,1987,3.0
1345,936,5.0
1345,631,4.5
1346,1807,3.5
1346,857,4.5
1346,2486,4.0
1346,882,4.5
1346,722,3.5
1346,1201,4.5
1346,94,3.5
1346,584,4.0
1346,2448,3.0
1346,370,2.0
1346,950,3.5
1346,1682,2.5
1346,1164,4.0
1346,2158,3.0
1346,1628,3.0
1346,809,3.0
1346,824,3.5
1346,2026,2.0
1346,4,3.0
1346,789,3.5
1346,908,2.0
1346,1167,4.0
1346,1032,5.0
1347,2300,3.5
1347,2024,2.0
1347,1644,3.0
1347,743,3.0
1347,1758,2.0
1347,212,3.5
1347,834,2.5
1347,2214,2.5
1347,287,3.5
1347,1136,2.5
1347,302,1.5
1347,1530,3.5
1347,271,4.0
1347,2441,3.5
1347,57,3.5
1347,1630,2.5
1347,1694,4.0
1347,860,2.5
1347,2258,2.0
1347,1654,2.0
1347,652,4.0
1347,1824,2.5
1347,388,2.5
1347,2189,2.0
1347,1568,2.0
1348,172,3.0
1348,2387,2.0
1348,1278,2.0
1348,277,3.0
1348,573,2.0
1348,2268,2.5
1348,1694,3.0
1348,2433,2.5
1348,760,3.0
1348,1227,4.0
1348,1110,1.0
1348,2110,3.0
1349,2256,2.0
1349,1003,2.0
1349,1261,3.5
1349,1170,4.0
1349,458,4.0
1349,787,3.0
1349,722,3.5
1349,484,3.0
1349,541,5.0
1349,2148,5.0
1349,1323,4.0
1349,1398,4.0
1349,531,4.0
1349,331,5.0
1349,2294,2.0
1349,1936,3.5
1349,1195,4.5
1349,1399,3.0
1349,995,3.0
1350,2231,2.0
1350,1673,3.0
1350,332,5.0
1350,644,3.0
1350,551,3.5
1350,1079,3.0
1350,1436,3.5
1350,1817,4.0
1350,2210,3.5
1350,1005,1.5
1350,1990,3.5
1351,1850,4.0
1351,1415,3.0
1351,1724,5.0
1351,1353,2.0
1351,1308,2.5
1351,11,5.0
1351,233,5.0
1351,2107,4.0
1351,1034,5.0
1351,78,2.0
1351,1569,4.5
1351,2038,4.0
1351,2492,3.5
1351,2366,2.5
1351,1883,2.5
1351,1325,2.5
1351,1994,4.5
1351,643,3.0
1351,1646,4.0
1352,508,5.0
1352,375,3.0
1352,1624,4.0
1352,163,3.5
1352,1892,2.5
1352,1263,3.5
1352,2024,3.5
1352,265,3.5
1352,702,2.5
1352,1822,3.5
1352,439,2.5
1352,680,3.0
1353,197,4.0
1353,1995,3.0
1353,721,2.5
1353,1782,3.0
1353,542,4.0
1353,2350,2.5
1353,1934,3.0
1353,1231,3.0
1353,1530,4.0
1353,1736,3.5
1353,1848,2.5
1353,114,3.0
1353,1763,4.0
1353,1719,4.5
1353,949,4.5
1353,685,4.0
1353,1195,4.5
1353,2067,3.0
1353,794,5.0
1354,217,2.0
1354,1540,3.0
1354,1168,4.0
1354,258,3.0
1354,917,2.5
1354,985,3.5
1354,449,3.5
1354,840,3.0
1354,24,2.0
1354,824,3.0
1354,1450,3.0
1354,2283,3.0
1354,1709,3.5
1354,524,3.0
1354,1880,3.0
1354,1048,2.5
1354,143,1.5
1354,624,3.5
1354,2291,4.5
1354,805,2.0
1354,238,3.0
1354,1826,4.5
1354,562,4.0
1355,796,3.0
1355,1288,3.0
1355,1839,4.5
1355,221,2.5
1355,1212,2.5
1355,540,3.5
1355,2407,4.0
1355,2447,3.5
1355,2311,4.0
1355,2324,4.5
1355,1444,3.0
1355,511,3.0
1355,220,3.0
1355,2106,4.5
1356,2179,3.5
1356,1691,4.0
1356,2063,4.0
1356,2399,3.5
1356,2450,1.5
1356,2004,3.5
1356,2190,4.0
1356,110,4.5
1356,1636,3.5
1356,800,2.5
1356,320,4.0
1356,1039,2.5
1356,282,3.5
1356,2171,3.0
1357,1112,2.5
1357,2368,3.5
1357,1398,1.5
1357,1792,5.0
1357,461,3.0
1357,86,3.5
1357,478,2.5
1357,2452,2.0
1357,2215,1.5
1357,1347,2.5
1357,2088,2.5
1357,296,2.5
1357,991,4.0
1357,714,1.5
1357,444,3.0
1357,2093,3.0
1357,2445,2.5
1357,2116,2.5
1357,2193,3.0
1357,1127,1.5
1357,783,2.5
1357,1151,2.0
1357,94,2.0
1357,917,3.5
1357,1860,3.5
1357,2181,4.0
1358,1716,2.5
1358,2319,3.5
1358,1055,4.0
1358,1228,1.0
1358,537,3.5
1358,1151,2.0
1358,1730,4.0
1358,421,2.5
1358,99,1.0
1358,334,4.0
1358,2205,1.5
1358,2454,2.5
1358,2480,3.0
1358,667,2.5
1359,2420,4.0
1359,1760,2.0
1359,24,2.5
1359,1258,1.0
1359,2447,5.0
1359,634,4.0
1359,1947,3.5
1359,648,2.5
1359,2132,3.5
1359,542,1.0
1359,696,4.0
1359,794,3.0
1359,1203,3.0
1359,351,5.0
1359,115,3.5
1359,1990,2.5
1359,1119,2.5
1359,471,2.5
1359,2214,4.0
1359,53,3.0
1359,1187,1.0
1359,316,2.5
1359,1212,3.0
1359,157,2.5
1359,1685,2.5
1359,328,3.0
1359,617,5.0
1359,2031,3.5
1359,2450,2.5
1360,2132,4.0
1360,76,3.5
1360,2264,3.0
1360,1869,2.0
1360,1511,4.5
1360,2431,2.5
1360,268,1.5
1360,1236,3.0
1360,833,2.5
1360,1285,3.5
1360,2126,3.0
1360,1967,2.0
1360,527,3.5
1360,308,2.5
1360,1495,3.0
1360,1833,3.5
1360,1841,3.5
1360,1780,3.5
1360,994,2.0
1360,146,3.0
1360,2038,4.0
1360,651,3.0
1360,1730,4.0
1360,393,3.5
1360,372,3.5
1360,378,1.5
1360,1779,2.5
1360,200,4.0
1361,808,3.5
1361,1187,3.5
1361,1486,3.5
1361,70,1.5
1361,956,3.5
1361,154,3.0
1361,1136,1.5
1361,198,2.5
1361,1068,3.5
1361,1295,1.0
1361,111,3.0
1361,1,3.0
1361,1221,3.0
1361,2174,2.5
1361,688,2.5
1361,1875,2.0
1361,1253,3.0
1361,978,3.0
1361,742,2.0
1361,1701,2.0
1361,1515,3.0
1361,1743,5.0
1361,1566,3.5
1361,75,4.5
1361,1812,3.5
1361,2147,2.5
1361,2348,3.5
1362,337,5.0
1362,1185,5.0
1362,259,3.0
1362,2478,2.5
1362,293,5.0
1362,1769,5.0
1362,2108,2.5
1362,1278,3.0
1362,489,2.0
1362,1473,1.5
1362,1946,2.5
1362,890,5.0
1362,1599,3.0
1362,1740,3.0
1362,901,5.0
1362,1572,5.0
1362,404,4.5
1363,2257,1.5
1363,2451,3.5
1363,1379,3.5
1363,189,2.5
1363,2325,2.5
1363,1745,3.0
1363,677,2.0
1363,1461,2.5
1363,921,3.5
1363,1872,3.5
1363,627,2.0
1363,886,2.0
1363,2494,3.5
1364,655,4.0
1364,1874,3.5
1364,1289,3.0
1364,1013,5.0
1364,204,4.0
1364,155,2.5
1364,1148,2.5
1364,212,3.0
1364,874,2.0
1364,215,2.0
1364,607,3.5
1364,856,4.0
1364,2426,2.5
1364,583,2.5
1364,2414,4.0
1364,541,1.5
1364,257,3.0
1364,1901,4.5
1364,1640,4.5
1364,610,3.5
1364,781,4.0
1364,813,4.5
1364,1192,4.0
1364,1743,3.5
1364,449,5.0
1364,1943,3.5
1364,1032,3.5
1364,1519,2.0
1364,727,3.5
1364,1567,3.0
1365,1329,4.0
1365,1109,3.5
1365,1085,2.5
1365,828,3.5
1365,671,3.5
1365,1179,4.0
1365,1236,3.5
1365,305,2.5
1365,872,3.0
1365,2475,2.5
1365,1266,3.5
1365,1946,1.5
1365,371,1.5
1365,1985,3.5
1365,1993,3.0
1365,1338,3.5
1366,255,2.5
1366,1816,5.0
1366,232,5.0
1366,1526,3.0
1366,1737,5.0
1366,1337,3.5
1366,2459,4.5
1366,2415,4.0
1366,85,1.5
1366,624,3.5
1366,1794,3.5
1366,1738,5.0
1366,2073,2.5
1366,750,3.0
1366,2010,4.5
1366,1506,1.5
1366,365,4.5
1366,2015,3.0
1367,2466,4.5
1367,1758,3.5
1367,459,2.5
1367,2000,2.5
1367,684,2.5
1367,1124,3.5
1367,1397,3.0
1367,2478,5.0
1367,53,2.0
1367,627,3.0
1367,2441,3.0
1367,344,1.5
1367,1324,2.0
1367,1534,3.0
1367,379,3.5
1367,855,2.5
1367,619,2.5
1367,2071,3.0
1367,199,3.5
1367,519,3.0
1367,235,3.0
1367,300,2.5
1367,1283,3.5
1368,518,3.5
1368,781,3.5
1368,1608,3.5
1368,1271,3.5
1368,373,3.5
1368,1661,3.5
1368,1614,4.0
1368,536,4.0
1368,1079,2.5
1368,803,4.0
1368,278,3.0
1368,2021,3.0
1368,2060,4.5
1368,713,3.0
1368,952,2.0
1369,2326,3.0
1369,232,2.0
1369,1648,3.0
1369,433,1.5
1369,779,3.5
1369,664,4.5
1369,883,3.5
1369,335,3.5
1369,756,2.5
1369,10,2.5
1369,2359,3.0
1369,1077,4.5
1370,1688,3.5
1370,186,2.5
1370,576,3.0
1370,2443,3.0
1370,1986,3.5
1370,913,4.0
1370,243,5.0
1370,304,3.5
1370,658,2.5
1370,225,4.5
1370,48,3.0
1370,748,3.0
1370,1227,3.5
1370,1235,3.0
1370,251,4.0
1370,1641,3.5
1370,705,4.5
1370,1061,4.5
1370,922,3.5
1371,343,3.5
1371,2129,3.5
1371,2481,2.0
1371,1561,4.0
1371,2137,3.5
1371,1323,3.0
1371,857,3.0
1371,1823,2.0
1371,1216,1.0
1371,2098,3.0
1371,1889,4.0
1371,1020,4.0
1371,1569,4.0
1371,1571,4.5
1371,574,4.0
1371,1187,3.5
1371,2233,2.5
1371,1342,3.5
1371,1562,2.0
1371,1386,2.5
1371,1507,2.5
1371,2248,2.5
1371,462,4.0
1371,1655,4.0
1371,1374,2.0
1371,928,3.0
1371,200,3.5
1371,1256,4.0
1371,1570,2.0
1371,323,3.5
1372,2356,3.5
1372,852,3.5
1372,1985,4.0
1372,1696,4.5
1372,258,2.0
1372,925,3.0
1372,77,3.0
1372,817,2.5
1372,390,2.5
1372,1579,3.5
1372,469,2.0
1372,832,2.5
1372,2448,3.5
1372,1249,2.0
1372,409,3.0
1373,263,3.5
1373,353,2.5
1373,770,4.0
1373,217,2.5
1373,1620,3.5
1373,573,3.0
1373,1209,3.0
1373,1398,2.5
1373,1437,5.0
1373,1767,3.0
1373,705,3.5
1373,194,4.5
1373,147,4.5
1373,1215,4.5
1373,511,2.5
1373,1752,3.0
1373,801,4.0
1373,1500,3.5
1374,445,3.5
1374,1949,2.5
1374,1533,1.0
1374,1208,4.5
1374,1312,2.5
1374,118,3.0
1374,1279,3.5
1374,409,3.5
1374,930,4.0
1374,1378,5.0
1374,1184,3.0
1374,2396,4.5
1374,868,2.5
1374,1332,3.0
1374,634,3.0
1374,127,5.0
1374,197,4.0
1375,949,3.5
1375,888,3.0
1375,1661,3.0
1375,382,3.5
1375,1960,2.5
1375,728,1.5
1375,581,2.5
1375,1629,2.5
1375,2305,3.0
1375,1530,4.0
1375,508,4.0
1375,752,3.0
1375,681,2.5
1375,1219,2.5
1375,2369,2.5
1375,598,4.0
1375,477,2.5
1375,1775,3.0
1375,2078,4.0
1375,2247,2.5
1376,1506,3.5
1376,2009,2.5
1376,1793,3.5
1376,560,2.5
1376,1572,2.0
1376,1835,2.5
1376,1216,4.0
1376,1402,3.0
1376,2177,3.5
1376,2378,3.5
1376,757,4.0
1376,1345,2.5
1376,924,2.0
1376,1812,5.0
1376,494,2.5
1376,2475,4.0
1376,1982,4.5
1376,803,2.0
1377,1374,1.0
1377,370,2.5
1377,2104,4.0
1377,999,3.5
1377,120,3.0
1377,1108,2.0
1377,595,3.5
1377,1850,3.5
1377,656,3.5
1377,1813,2.5
1377,2257,5.0
1377,1193,2.5
1377,1462,3.5
1377,624,2.0
1377,990,3.0
1377,122,3.0
1377,1819,3.0
1377,954,2.0
1377,68,2.5
1377,1643,4.5
1377,615,2.5
1377,2156,5.0
1377,763,1.5
1377,827,4.0
1378,1006,4.0
1378,2348,4.5
1378,467,3.0
1378,1767,4.0
1378,641,3.0
1378,690,4.0
1378,1763,3.5
1378,73,3.5
1378,319,3.0
1378,1478,3.0
1378,96,2.0
1378,289,2.0
1378,1330,5.0
1378,461,3.5
1378,1500,3.0
1378,2323,2.5
1378,1799,5.0
1378,626,4.5
1378,1849,5.0
1378,2102,2.0
1378,552,3.5
1379,819,3.0
1379,1802,5.0
1379,8,2.0
1379,2299,4.5
1379,893,3.0
1379,2347,3.5
1379,1971,3.0
1379,329,3.5
1379,1288,3.0
1379,2279,3.5
1379,294,5.0
1379,963,2.5
1379,1594,1.0
1379,2351,2.5
1379,1492,3.0
1379,1708,2.5
1379,41,3.0
1379,804,2.5
1379,1644,2.5
1379,366,3.5
1380,643,3.0
1380,262,4.0
1380,1117,4.5
1380,396,2.0
1380,1294,3.0
1380,2216,4.0
1380,1800,3.5
1380,229,2.5
1380,800,4.0
1380,1013,3.5
1380,33,4.5
1381,1709,3.0
1381,1077,4.0
1381,98,3.5
1381,223,3.0
1381,845,3.0
1381,2169,3.0
1381,1472,3.5
1381,18,5.0
1381,1780,5.0
1381,2225,3.5
1381,401,2.5
1381,325,4.0
1381,174,4.0
1381,2168,3.0
1381,1057,3.0
1382,882,2.5
1382,1132,2.5
1382,153,3.5
1382,1998,2.0
1382,234,5.0
1382,1621,4.0
1382,1333,3.0
1382,625,4.0
1382,615,2.0
1382,245,5.0
1382,2400,1.5
1382,2473,3.0
1382,2295,2.0
1382,2428,2.5
1382,744,4.0
1382,2411,2.0
1382,951,3.0
1382,1274,2.5
1382,1821,2.5
1382,1352,2.5
1382,2274,3.0
1382,1658,3.5
1382,517,4.5
1382,1771,2.0
1382,237,4.5
1382,1360,3.0
1383,1697,4.5
1383,159,4.0
1383,1497,5.0
1383,1772,3.5
1383,571,2.5
1383,2069,2.5
1383,2279,4.5
1383,1728,2.5
1383,236,3.0
1383,1066,4.0
1383,689,3.0
1383,1415,1.0
1383,1651,3.0
1383,1346,3.5
1383,389,3.5
1383,2026,3.5
1384,360,4.5
1384,448,3.5
1384,2233,2.0
1384,1672,5.0
1384,1605,4.5
1384,1568,2.5
1384,154,5.0
1384,334,2.5
1384,416,3.0
1384,1176,2.5
1384,534,3.0
1384,1408,3.5
1384,1022,5.0
1384,2430,3.5
1384,2022,3.5
1384,2257,3.0
1384,1498,2.0
1384,1800,3.0
1384,852,3.0
1384,2127,2.5
1384,1649,3.0
1384,1837,5.0
1384,949,3.0
1384,635,3.0
1384,788,5.0
1384,1894,2.0
1384,1404,5.0
1385,1482,3.5
1385,1314,2.0
1385,559,5.0
1385,1264,3.0
1385,1434,3.5
1385,1300,5.0
1385,2235,4.0
1385,1616,3.0
1385,1550,3.5
1385,530,3.5
1385,138,3.5
1385,169,3.5
1385,284,4.0
1385,2116,3.5
1385,2359,3.5
1385,736,4.0
1385,2441,3.0
1385,932,2.5
1385,2288,3.5
1385,1759,2.0
1385,318,3.0
1385,1667,3.0
1385,856,2.5
1386,2314,3.5
1386,968,3.5
1386,45,5.0
1386,1152,3.5
1386,1168,2.5
1386,1413,4.0
1386,1348,4.0
1386,728,3.5
1386,159,3.5
1386,1731,3.0
1386,1636,2.0
1386,2357,4.0
1386,2492,3.5
1386,1522,4.0
1386,2242,2.5
1386,921,3.5
1386,2398,2.5
1386,53,2.0
1386,1491,3.5
1386,1748,3.5
1386,695,3.0
1386,630,3.0
1386,1001,1.5
1386,857,3.0
1386,656,2.5
1386,1764,3.0
1386,51,3.5
1386,1381,3.0
1386,998,4.0
1386,903,2.5
1387,523,3.0
1387,582,3.0
1387,764,3.5
1387,781,4.0
1387,2146,4.0
1387,1263,1.5
1387,239,3.5
1387,1611,4.0
1387,1296,4.5
1387,1949,4.0
1387,199,3.5
1387,683,2.5
1388,1580,2.5
1388,1263,3.0
1388,2079,3.5
1388,1306,4.0
1388,2488,1.0
1388,2378,2.5
1388,22,4.0
1388,419,3.0
1388,436,3.0
1388,1440,3.5
1388,587,2.5
1388,1831,4.5
1388,1230,3.0
1388,2318,3.0
1388,1590,3.0
1388,415,2.5
1388,948,2.5
1388,243,3.5
1388,989,2.0
1388,513,2.5
1388,1800,1.5
1388,80,3.0
1388,650,1.5
1389,129,3.5
1389,236,4.5
1389,92,3.0
1389,2197,3.5
1389,1645,2.0
1389,2083,3.5
1389,2317,4.0
1389,776,1.5
1389,1252,5.0
1389,2262,5.0
1389,1634,1.5
1389,1620,5.0
1389,454,4.0
1389,563,3.5
1389,264,3.5
1389,195,2.5
1389,108,3.0
1389,1811,4.0
1389,2068,3.0
1389,1157,3.5
1389,2072,5.0
1389,939,2.0
1389,2210,2.5
1389,936,3.5
1389,1116,3.5
1389,1527,3.0
1389,434,3.5
1389,872,3.5
1389,679,2.5
1390,2353,4.0
1390,466,3.0
1390,907,1.0
1390,1539,3.5
1390,608,3.0
1390,1436,3.5
1390,1671,2.0
1390,1970,2.5
1390,2176,3.5
1390,1099,3.0
1390,1007,2.5
1390,595,2.0
1390,707,3.5
1390,1898,3.0
1390,647,2.5
1390,807,2.5
1390,1406,3.5
1390,615,1.0
1390,2115,2.5
1390,2076,5.0
1390,843,2.5
1390,2039,2.0
1390,1708,3.5
1390,701,3.5
1390,2106,4.5
1390,2452,2.0
1390,2431,2.5
1390,1866,2.5
1390,641,3.5
1390,178,2.0
1391,2318,4.0
1391,2107,3.0
1391,1667,1.5
1391,446,2.0
1391,1808,3.0
1391,2317,3.5
1391,2397,3.5
1391,2369,3.0
1391,1303,3.0
1391,2158,2.0
1391,933,3.0
1391,213,4.0
1391,554,3.0
1391,2206,3.0
1391,298,3.0
1391,1288,2.5
1391,412,3.5
1392,1313,4.0
1392,471,4.0
1392,282,3.0
1392,740,3.5
1392,1752,2.5
1392,656,2.0
1392,2457,2.0
1392,2237,2.5
1392,340,3.5
1392,1412,2.5
1393,156,1.5
1393,487,2.5
1393,424,3.0
1393,449,2.0
1393,1029,3.5
1393,1460,3.0
1393,1536,2.0
1393,2131,4.0
1393,2037,1.5
1393,1620,3.5
1393,1160,4.0
1393,2041,3.0
1393,669,3.0
1393,391,2.5
1393,2323,4.0
1393,805,2.0
1393,1771,3.0
1393,2449,4.0
1393,1181,3.0
1393,444,1.5
1393,482,1.0
1393,2071,2.0
1393,381,3.0
1393,2160,3.5
1394,2309,5.0
1394,190,2.5
1394,1142,2.5
1394,777,5.0
1394,1835,4.5
1394,82,4.5
1394,944,2.5
1394,322,4.0
1394,1447,4.5
1394,2477,2.5
1394,2049,2.5
1394,662,4.5
1394,1573,3.5
1394,1389,3.0
1394,681,4.5
1394,534,3.0
1394,1695,5.0
1395,1738,3.5
1395,1190,3.0
1395,2182,5.0
1395,354,4.5
1395,754,2.5
1395,2260,2.5
1395,1755,3.0
1395,1505,2.5
1395,674,5.0
1395,830,4.5
1395,1616,5.0
1395,1811,2.0
1395,873,5.0
1395,2152,3.0
1395,2115,3.5
1395,2365,2.5
1395,2283,4.0
1396,359,3.0
1396,1179,2.5
1396,752,2.0
1396,97,3.0
1396,2354,3.5
1396,864,4.0
1396,2135,3.0
1396,1602,3.0
1396,317,2.5
1396,2284,1.0
1396,1583,3.5
1396,951,1.5
1397,1143,3.5
1397,430,3.5
1397,1422,2.5
1397,826,2.5
1397,42,2.5
1397,73,2.0
1397,1443,3.0
1397,1468,4.5
1397,723,2.0
1397,456,4.5
1397,761,3.5
1397,894,4.5
1397,345,2.0
1397,747,4.5
1397,2134,2.0
1397,883,1.5
1398,1819,4.0
1398,1515,2.5
1398,119,3.0
1398,2183,2.0
1398,728,4.5
1398,720,3.0
1398,755,3.5
1398,785,4.0
1398,1705,2.0
1398,595,4.0
1398,160,3.5
1398,972,3.5
1398,126,2.5
1398,212,4.0
1398,1606,3.0
1398,528,5.0
1398,1788,2.5
1398,1930,2.5
1398,219,4.5
1398,707,4.0
1398,1667,5.0
1398,122,3.0
1398,1362,2.0
1398,1451,3.5
1398,1957,4.5
1398,1506,3.5
1398,2240,2.5
1399,658,3.5
1399,1678,2.5
1399,534,2.5
1399,1914,4.5
1399,2241,3.0
1399,2304,3.0
1399,511,2.5
1399,2484,2.5
1399,857,2.5
1399,1662,3.5
1399,2466,2.5
1399,400,3.5
1399,357,3.0
1399,1234,4.5
1399,45,3.5
1399,1722,3.5
1399,199,2.5
1399,1280,2.5
1400,1229,3.5
1400,2026,3.5
1400,2296,3.0
1400,1283,3.5
1400,2028,4.0
1400,630,3.5
1400,235,3.0
1400,1147,2.0
1400,2278,3.0
1400,591,2.5
1400,532,2.5
1400,1166,2.5
1400,1590,3.0
1400,1330,3.0
1400,1522,4.0
1400,1589,3.0
1400,275,4.0
1400,1520,2.0
1400,1360,3.0
1400,1880,3.0
1401,1317,4.0
1401,1365,2.5
1401,2439,4.5
1401,249,2.5
1401,1242,3.5
1401,737,5.0
1401,1958,4.0
1401,2057,4.0
1401,1919,3.5
1401,135,4.0
1401,2150,3.0
1401,1611,2.5
1401,1687,5.0
1401,577,2.5
1401,1783,3.5
1401,439,4.5
1401,353,2.0
1401,1821,5.0
1401,1638,4.0
1401,372,4.0
1401,467,4.0
1401,2091,3.0
1402,2223,4.5
1402,1020,1.0
1402,847,3.0
1402,1415,1.5
1402,1595,2.0
1402,1121,3.5
1402,2021,2.5
1402,1660,3.5
1402,2154,4.0
1402,88,3.5
1402,1344,2.0
1402,449,5.0
1402,1346,3.0
1402,624,2.0
1402,1127,2.0
1402,1912,3.0
1402,59,4.0
1402,957,2.5
1402,2025,3.5
1402,2422,2.0
1402,115,2.0
1402,434,2.5
1402,908,5.0
1402,1699,4.5
1402,965,4.0
1402,2120,3.0
1402,2337,3.0
1402,1478,3.0
1402,210,3.5
1403,1217,3.5
1403,1080,3.0
1403,1851,4.0
1403,511,3.0
1403,1849,2.5
1403,2459,3.0
1403,954,3.0
1403,1281,4.5
1403,900,3.5
1403,1952,3.5
1403,1796,4.0
1403,406,2.5
1403,825,2.5
1403,740,3.0
1403,1000,2.0
1403,2456,2.5
1403,1377,2.5
1403,309,4.5
1403,678,2.0
1403,1269,3.5
1403,2144,3.0
1403,1574,3.5
1403,1688,3.5
1403,2426,3.5
1403,1137,3.0
1403,722,3.0
1403,373,4.0
1404,1566,5.0
1404,737,3.0
1404,2094,3.0
1404,1079,1.5
1404,1890,2.5
1404,2024,5.0
1404,228,2.5
1404,1896,3.0
1404,893,3.5
1404,498,3.5
1404,2281,3.5
1404,535,2.5
1405,1715,3.5
1405,1660,3.0
1405,1877,4.5
1405,1294,4.0
1405,2267,4.0
1405,2372,3.5
1405,1380,2.0
1405,973,4.0
1405,721,5.0
1405,2005,3.0
1405,888,4.5
1405,1204,3.5
1405,2035,4.5
1405,1364,3.0
1405,734,3.0
1405,1897,4.5
1405,782,4.0
1405,777,4.5
1405,2097,2.5
1405,1993,3.5
1405,286,2.5
1406,1971,3.5
1406,151,3.5
1406,1790,3.5
1406,1341,4.0
1406,1826,2.0
1406,861,2.0
1406,353,4.0
1406,700,2.0
1406,26,2.5
1406,784,2.0
1406,1742,2.5
1407,110,2.5
1407,268,3.5
1407,708,4.0
1407,399,3.0
1407,2047,3.5
1407,1133,2.5
1407,736,2.5
1407,1085,1.0
1407,178,3.5
1407,1166,2.5
1407,2155,2.0
1407,1416,2.5
1407,1636,3.0
1407,2486,4.0
1407,1594,3.0
1407,532,2.0
1407,1919,3.0
1408,2159,2.0
1408,972,4.0
1408,1402,5.0
1408,853,2.0
1408,292,3.5
1408,1467,3.5
1408,253,3.0
1408,923,4.5
1408,1650,4.0
1408,732,4.0
1408,1058,4.5
1408,2422,4.0
1408,1472,3.0
1408,1728,2.5
1408,1381,4.5
1408,586,3.0
1408,1299,4.5
1408,2412,2.5
1408,1920,2.5
1408,468,3.0
1408,2111,2.5
1408,2347,3.5
1408,563,3.0
1408,2228,3.5
1408,1520,3.0
1408,1011,2.5
1408,110,4.0
1409,1253,4.0
1409,2298,5.0
1409,1215,2.0
1409,1463,2.0
1409,143,2.0
1409,2448,2.5
1409,2373,3.0
1409,700,4.0
1409,2139,2.5
1409,1557,5.0
1409,2145,4.0
1409,1651,3.5
1409,2070,5.0
1409,2161,3.5
1409,2093,3.5
1409,1311,2.5
1409,917,3.0
1409,1301,3.0
1409,122,2.5
1410,1082,4.0
1410,431,5.0
1410,656,4.5
1410,2432,5.0
1410,987,4.5
1410,240,3.0
1410,1393,3.5
1410,748,4.0
1410,903,2.0
1410,1572,2.5
1410,611,4.5
1410,720,3.5
1410,83,2.5
1410,316,2.5
1410,111,2.0
1410,568,3.0
1410,395,4.0
1410,1788,4.0
1410,251,4.0
1410,1017,4.0
1410,683,2.5
1411,1802,4.0
1411,1895,2.5
1411,2007,3.0
1411,1519,3.0
1411,1770,3.0
1411,1663,3.5
1411,1114,3.5
1411,1307,2.5
1411,1107,3.0
1411,1539,2.5
1411,144,1.5
1411,1708,2.5
1411,2126,4.0
1411,2425,4.5
1411,331,3.0
1411,1055,3.5
1411,1581,1.5
1411,2289,3.5
1411,967,2.0
1412,2439,4.0
1412,291,2.0
1412,1722,3.5
1412,2427,3.5
1412,1176,3.0
1412,100,2.5
1412,2339,3.5
1412,327,3.0
1412,2465,2.5
1412,2440,4.5
1413,2258,2.5
1413,62,4.0
1413,1554,3.5
1413,133,2.0
1413,1912,3.5
1413,1560,1.5
1413,1843,3.5
1413,1903,2.5
1413,2281,2.5
1413,2172,2.0
1413,1130,4.0
1413,1468,4.5
1413,2182,3.0
1413,1588,3.0
1413,158,2.5
1413,1665,1.5
1413,1429,3.0
1413,566,3.0
1413,1215,2.5
1413,2218,2.5
1413,844,2.5
1413,1128,3.5
1413,1219,2.0
1413,1781,2.5
1413,1730,4.5
1413,2273,1.5
1413,569,2.5
1413,725,3.5
1413,2247,4.0
1413,1274,3.5
1414,1279,3.5
1414,1123,4.5
1414,1095,4.0
1414,1828,4.0
1414,1628,1.5
1414,44,3.5
1414,23,4.0
1414,2426,4.0
1414,2023,2.5
1414,792,2.5
1414,790,3.0
1414,2067,2.5
1414,2246,4.0
1414,2245,3.5
1414,1806,3.5
1414,810,1.5
1414,1219,2.5
1414,1737,3.5
1414,2346,2.5
1414,655,4.5
1414,2009,4.5
1414,182,3.0
1414,1496,2.5
1414,1340,3.5
1414,1284,3.0
1414,1584,4.5
1414,1978,4.5
1414,56,5.0
1414,2325,4.0
1414,1023,3.0
1415,2499,3.5
1415,102,4.5
1415,1065,3.0
1415,67,2.5
1415,2377,2.0
1415,596,4.5
1415,925,2.0
1415,431,3.0
1415,604,1.5
1415,1117,4.0
1415,2442,2.5
1415,922,4.5
1415,827,3.5
1415,542,2.5
1415,301,2.0
1415,986,2.0
1415,2297,2.5
1415,543,3.5
1415,2189,3.5
1415,537,3.0
1415,273,3.5
1415,549,2.5
1415,2453,2.5
1415,1980,2.5
1416,583,3.0
1416,738,3.5
1416,815,2.5
1416,1736,2.0
1416,832,3.0
1416,1277,4.5
1416,995,4.0
1416,2431,4.0
1416,1783,2.0
1416,578,4.5
1416,1108,2.5
1416,1242,1.5
1417,1601,2.5
1417,815,4.0
1417,313,2.0
1417,123,3.5
1417,1729,2.5
1417,1341,2.0
1417,1371,4.0
1417,1449,4.0
1417,594,3.0
1417,2054,2.5
1417,2099,3.0
1417,2388,3.5
1417,522,2.5
1417,1764,4.5
1417,925,3.5
1417,1832,2.5
1417,1376,3.5
1417,267,4.5
1417,1835,3.0
1417,1141,3.0
1417,1876,3.5
1417,1288,5.0
1417,952,4.0
1417,280,3.0
1417,2103,1.5
1417,810,4.5
1417,1820,3.5
1417,812,3.0
1417,2200,3.0
1418,1409,3.5
1418,43,3.5
1418,1803,2.0
1418,1962,3.0
1418,1045,4.5
1418,412,4.5
1418,1887,4.0
1418,1243,3.0
1418,1474,4.0
1418,1184,4.0
1418,736,4.0
1418,588,2.5
1418,315,3.5
1418,825,3.5
1418,1839,3.5
1418,1205,2.5
1418,1204,3.5
1418,1305,2.0
1418,1571,3.0
1418,1542,4.5
1418,21,3.5
1418,1516,3.0
1418,1142,4.0
1418,65,3.5
1418,1067,4.0
1418,240,3.0
1419,192,1.0
1419,1617,4.0
1419,2398,2.0
1419,2321,2.5
1419,826,2.5
1419,1445,3.0
1419,1835,4.0
1419,425,4.0
1419,1175,3.5
1419,2320,4.0
1419,1279,1.5
1419,1677,3.0
1420,423,3.5
1420,1704,5.0
1420,1457,3.5
1420,1917,3.5
1420,845,3.5
1420,1619,4.0
1420,737,4.0
1420,1436,3.5
1420,1700,2.5
1420,1570,2.5
1420,720,2.0
1420,1301,3.0
1420,1993,3.0
1420,1277,4.5
1420,592,3.5
1420,1774,4.0
1420,987,2.5
1420,124,3.0
1420,875,4.5
1420,2038,5.0
1420,229,2.5
1420,1293,4.0
1420,1441,2.0
1420,1875,3.0
1420,1214,3.0
1420,2439,2.0
1420,1562,2.5
1420,5,1.5
1420,1030,2.0
1420,420,3.0
1421,2394,3.5
1421,775,2.0
1421,322,1.5
1421,1631,2.5
1421,2379,5.0
1421,539,3.0
1421,942,3.5
1421,245,2.5
1421,341,4.0
1421,579,3.0
1421,814,3.0
1421,1807,4.0
1421,926,4.5
1422,233,2.0
1422,1828,2.5
1422,87,2.0
1422,66,3.0
1422,953,4.0
1422,449,2.0
1422,1933,4.0
1422,876,4.0
1422,2148,2.0
1422,466,3.5
1422,814,4.0
1422,2135,3.0
1422,207,3.0
1422,2378,2.0
1422,871,3.5
1422,1601,3.0
1422,1422,2.5
1422,1694,2.5
1422,493,1.5
1422,1598,4.0
1422,1851,3.5
1422,2070,2.5
1422,542,3.0
1422,895,3.0
1422,424,5.0
1422,1836,4.0
1422,1251,4.5
1422,1521,3.0
1423,305,2.0
1423,2331,4.5
1423,515,2.5
1423,2035,1.5
1423,99,3.0
1423,204,2.5
1423,2361,4.0
1423,1792,5.0
1423,1842,4.5
1423,183,3.5
1423,2373,3.0
1423,456,3.5
1423,443,1.5
1423,2234,4.0
1423,2079,2.5
1423,1264,2.5
1423,492,2.5
1423,2274,4.0
1423,409,2.0
1423,1705,2.0
1423,702,2.5
1424,2451,3.0
1424,1306,3.0
1424,1356,2.0
1424,577,4.5
1424,1230,4.0
1424,1516,2.5
1424,1060,3.0
1424,2389,3.5
1424,110,3.0
1424,1812,4.0
1424,1443,3.5
1424,1304,4.0
1424,854,3.0
1424,15,4.0
1424,1703,4.5
1424,217,2.5
1424,1847,1.5
1424,1991,3.0
1424,1788,2.5
1424,2308,4.0
1424,2239,3.0
1424,700,4.0
1424,670,2.5
1424,352,3.0
1424,132,2.0
1424,887,4.0
1425,914,2.5
1425,1679,3.5
1425,448,4.0
1425,739,2.5
1425,297,3.5
1425,1734,2.5
1425,1250,2.5
1425,1834,3.5
1425,357,2.5
1425,992,2.5
1425,746,3.5
1425,444,4.0
1425,835,3.0
1425,78,3.5
1425,2369,3.0
1425,1204,4.0
1425,1274,3.0
1425,1670,2.5
1425,1319,3.0
1425,1134,3.5
1425,376,2.5
1425,41,4.5
1425,189,3.5
1425,764,4.0
1425,1923,2.5
1426,410,2.0
1426,1809,3.5
1426,1261,2.5
1426,1344,2.0
1426,860,3.5
1426,887,3.0
1426,179,2.0
1426,46,3.0
1426,1523,5.0
1426,940,4.5
1426,1046,2.5
1426,1636,2.5
1427,1418,4.0
1427,701,4.0
1427,392,2.5
1427,2337,2.0
1427,179,4.5
1427,634,2.5
1427,935,1.5
1427,1421,4.5
1427,212,3.5
1427,1399,5.0
1427,2218,4.0
1427,765,2.0
1427,1990,2.5
1427,2178,2.5
1427,1913,4.0
1428,2386,3.5
1428,1572,3.0
1428,1039,3.5
1428,180,3.5
1428,1320,3.0
1428,2269,3.5
1428,396,2.5
1428,94,5.0
1428,2281,3.5
1428,492,3.5
1428,243,3.5
1429,956,4.0
1429,2364,3.5
1429,2309,3.5
1429,1866,2.5
1429,365,3.5
1429,1605,4.0
1429,1776,2.5
1429,1673,3.0
1429,816,5.0
1429,959,3.5
1429,705,3.5
1429,405,4.0
1429,418,3.5
1429,2448,2.5
1429,671,4.5
1429,1745,2.0
1429,784,2.5
1429,1787,4.0
1429,1293,3.5
1429,2250,3.5
1429,965,3.0
1429,1019,3.5
1429,1529,3.0
1430,1159,3.0
1430,917,3.0
1430,984,2.5
1430,1925,2.5
1430,2362,3.0
1430,2321,3.0
1430,797,2.5
1430,557,3.0
1430,1424,5.0
1430,944,4.5
1430,1706,3.0
1430,538,3.5
1430,138,5.0
1430,38,5.0
1430,743,4.0
1430,962,2.0
1430,996,4.0
1430,2419,4.0
1430,2093,4.0
1430,1562,2.5
1430,1227,4.0
1430,752,2.5
1431,605,4.5
1431,2217,3.5
1431,1512,3.0
1431,1019,2.5
1431,2057,2.0
1431,1036,3.0
1431,2410,1.5
1431,1996,3.5
1431,2250,3.0
1431,567,2.0
1431,1471,3.5
1431,803,4.5
1431,697,3.5
1432,5,4.0
1432,372,4.0
1432,2376,2.0
1432,1187,4.5
1432,1584,2.5
1432,1097,3.0
1432,466,4.0
1432,435,2.5
1432,2096,3.5
1432,620,4.0
1432,228,4.5
1432,793,2.0
1432,2271,3.0
1432,1498,3.0
1432,818,3.0
1432,1871,2.5
1432,1247,4.5
1432,1572,3.5
1432,2238,3.5
1432,477,1.5
1432,1492,2.0
1432,1606,2.0
1432,1811,2.5
1432,1174,3.0
1432,492,4.0
1432,1745,2.0
1432,1256,2.5
1432,1161,2.5
1432,601,3.0
1433,1624,2.5
1433,2461,2.0
1433,660,4.0
1433,563,4.0
1433,2027,3.0
1433,107,3.5
1433,693,3.5
1433,130,3.0
1433,1463,2.0
1433,550,5.0
1434,45,3.0
1434,377,4.5
1434,2130,2.5
1434,1253,2.5
1434,31,5.0
1434,707,3.5
1434,1278,2.0
1434,1992,4.5
1434,1786,3.0
1434,1558,4.0
1434,1259,3.0
1435,224,3.0
1435,2084,2.5
1435,1341,4.5
1435,1874,3.0
1435,2440,3.0
1435,1894,3.5
1435,1013,1.0
1435,2170,4.0
1435,7,3.5
1435,2471,4.0
1435,1162,2.0
1435,1011,1.5
1435,128,3.0
1435,1617,2.5
1435,2407,3.5
1435,711,3.0
1435,36,3.0
1435,1107,2.5
1435,565,2.5
1435,1529,3.0
1435,1521,3.0
1435,1559,3.5
1435,1264,3.5
1435,501,2.0
1435,1649,2.0
1436,2318,3.5
1436,1092,2.0
1436,438,4.5
1436,807,4.0
1436,1650,4.0
1436,2415,2.0
1436,1182,5.0
1436,555,4.5
1436,910,4.5
1436,1302,3.0
1436,1880,2.0
1436,2202,3.0
1436,2050,3.5
1436,1713,3.5
1436,1921,4.0
1436,488,4.5
1436,93,3.0
1436,1030,4.0
1436,375,1.5
1437,2481,3.5
1437,764,3.0
1437,418,5.0
1437,230,2.5
1437,2068,2.5
1437,1449,5.0
1437,888,3.5
1437,198,4.0
1437,678,4.0
1437,1364,3.0
1437,1993,4.0
1437,1473,2.5
1437,38,2.5
1437,577,3.5
1437,1424,2.0
1437,1297,3.5
1437,36,2.5
1438,1560,3.0
1438,2078,3.0
1438,2280,4.0
1438,1134,2.5
1438,1354,5.0
1438,306,3.5
1438,609,2.5
1438,385,3.5
1438,1740,3.5
1438,2206,4.5
1438,1022,3.0
1438,2180,3.5
1438,1288,3.5
1438,31,4.0
1438,96,3.5
1438,1178,3.5
1438,308,4.0
1438,1932,3.0
1438,109,2.5
1438,1602,3.0
1438,1752,2.0
1438,197,4.0
1438,788,5.0
1438,1715,2.5
1438,1242,2.5
1438,1278,4.5
1438,1311,2.0
1438,2226,5.0
1438,451,3.0
1439,1747,4.0
1439,1631,2.0
1439,274,2.5
1439,2106,3.0
1439,523,3.5
1439,304,3.0
1439,344,2.5
1439,708,3.5
1439,258,3.0
1439,565,4.5
1439,1592,3.5
1439,975,3.0
1439,626,3.5
1439,1100,3.5
1439,196,4.5
1439,2192,4.5
1440,933,5.0
1440,1148,1.5
1440,2094,3.5
1440,1150,3.5
1440,1235,1.5
1440,2055,3.0
1440,1659,3.5
1440,1462,3.5
1440,1740,2.0
1440,372,3.0
1440,1030,2.5
1440,2195,3.0
1440,1121,3.0
1440,929,3.5
1440,1767,3.5
1440,277,3.5
1440,460,1.5
1440,1343,2.0
1440,12,4.0
1440,1406,4.0
1440,242,3.0
1440,1558,1.5
1440,772,1.5
1440,486,3.0
1440,599,2.5
1440,1851,2.5
1440,2440,3.5
1440,434,2.5
1440,640,4.0
1440,1216,2.5
1441,2057,2.0
1441,2271,2.5
1441,2264,3.0
1441,1888,3.5
1441,459,1.5
1441,68,4.5
1441,330,5.0
1441,1152,1.5
1441,2062,3.0
1441,2405,3.0
1441,212,4.0
1441,853,3.0
1441,49,4.0
1441,1661,3.5
1441,700,4.0
1441,2043,3.5
1441,1065,3.0
1441,1962,3.5
1441,1033,3.0
1441,1302,2.0
1441,108,1.0
1441,1413,3.5
1442,960,2.5
1442,296,3.5
1442,2461,3.0
1442,1755,2.0
1442,1031,4.0
1442,2158,2.0
1442,167,2.5
1442,81,4.5
1442,82,2.5
1442,1618,3.0
1442,128,3.5
1442,339,2.5
1442,1700,4.5
1443,682,4.0
1443,1428,3.5
1443,2361,1.5
1443,2170,3.0
1443,286,4.5
1443,1617,3.0
1443,1880,2.5
1443,113,4.0
1443,762,3.0
1443,1761,2.0
1443,1915,3.0
1443,661,1.5
1443,56,4.5
1443,1726,4.0
1443,414,2.0
1443,2144,4.0
1443,2048,3.0
1443,144,3.0
1443,197,2.5
1444,1398,3.5
1444,2315,2.0
1444,2454,2.0
1444,435,3.5
1444,769,3.0
1444,340,4.5
1444,372,5.0
1444,1098,2.5
1444,891,1.5
1444,1237,4.0
1444,977,4.5
1444,1405,3.5
1444,2091,3.0
1444,998,2.5
1444,1081,1.5
1444,267,5.0
1444,1574,2.5
1444,221,3.5
1444,257,2.5
1444,50,4.0
1445,582,3.5
1445,290,4.5
1445,640,2.5
1445,2454,3.0
1445,1240,2.0
1445,1171,2.5
1445,2236,3.0
1445,1099,4.0
1445,1819,3.5
1445,1417,1.5
1445,1495,2.0
1445,2057,3.5
1445,1577,2.5
1445,1480,2.5
1445,75,2.0
1445,710,2.0
1445,2045,3.5
1445,793,4.5
1445,1303,3.5
1445,1175,5.0
1445,675,4.0
1445,1974,2.5
1445,2166,4.0
1445,1963,3.5
1445,916,3.0
1445,1259,5.0
1445,1570,3.0
1445,966,4.0
1445,340,3.5
1446,1283,2.5
1446,1022,3.0
1446,1735,2.0
1446,893,4.0
1446,2051,3.5
1446,1318,3.5
1446,774,2.5
1446,802,4.0
1446,1943,2.5
1446,2060,4.5
1446,1125,2.5
1446,79,2.0
1446,2400,3.0
1446,1028,3.0
1446,2234,2.5
1447,1928,2.0
1447,2431,3.0
1447,649,3.0
1447,564,3.5
1447,825,5.0
1447,2166,3.5
1447,1355,3.5
1447,1236,3.0
1447,431,2.0
1447,36,3.5
1447,1066,2.0
1447,353,2.5
1447,1758,5.0
1447,1400,3.5
1447,387,2.5
1447,2248,3.0
1447,194,3.5
1447,1544,3.5
1448,1735,4.0
1448,109,3.5
1448,785,2.5
1448,857,1.0
1448,2184,2.5
1448,1054,3.0
1448,1162,4.0
1448,1980,1.0
1448,966,3.5
1448,1812,4.0
1448,2080,3.5
1448,258,2.5
1448,1512,4.5
1449,835,3.0
1449,612,3.0
1449,1656,3.5
1449,639,2.0
1449,92,3.0
1449,2177,3.5
1449,12,3.0
1449,807,4.0
1449,2264,3.0
1449,1456,2.0
1449,905,3.5
1449,1058,3.5
1450,628,3.5
1450,2161,3.5
1450,324,4.5
1450,1999,3.5
1450,1666,3.5
1450,96,3.5
1450,756,3.0
1450,2329,2.0
1450,2322,3.5
1450,2103,2.5
1450,1286,3.0
1450,1413,2.5
1450,459,4.0
1450,557,3.0
1450,542,4.0
1450,1425,2.5
1451,511,2.5
1451,1246,3.5
1451,1273,3.5
1451,2194,2.5
1451,18,3.0
1451,645,2.0
1451,911,3.5
1451,684,4.0
1451,808,3.5
1451,1323,4.0
1452,129,2.0
1452,416,3.0
1452,1867,2.0
1452,1274,2.0
1452,936,3.0
1452,736,4.0
1452,1640,3.0
1452,11,3.0
1452,557,3.0
1452,538,2.5
1452,1319,2.5
1452,2435,3.5
1452,1210,3.0
1452,2406,2.0
1452,456,3.0
1452,397,4.0
1452,1699,3.5
1452,141,2.0
1452,2179,4.5
1452,431,3.0
1452,2007,4.0
1452,256,3.5
1452,904,2.5
1452,1113,3.5
1452,1549,2.5
1452,1000,3.5
1452,1148,2.5
1452,328,2.5
1453,61,2.0
1453,1145,2.5
1453,1672,3.5
1453,1749,2.5
1453,2385,4.5
1453,1968,3.5
1453,1995,5.0
1453,2146,2.5
1453,2280,3.5
1453,1040,4.5
1454,1208,3.0
1454,489,3.0
1454,958,3.0
1454,1890,3.0
1454,2029,2.0
1454,1698,4.0
1454,2444,3.0
1454,876,4.0
1454,1387,3.0
1454,372,2.5
1454,2278,2.0
1454,761,3.0
1454,2410,4.5
1454,417,3.5
1454,1629,3.0
1454,625,3.0
1454,2431,3.0
1454,1113,3.0
1454,2309,3.5
1454,1699,4.0
1454,1604,3.5
1454,2062,1.0
1454,1820,3.0
1454,2027,1.5
1454,454,2.5
1454,1580,1.5
1455,191,4.0
1455,2259,3.0
1455,1821,3.5
1455,97,4.0
1455,720,3.0
1455,234,3.5
1455,2179,2.5
1455,1044,2.5
1455,417,4.0
1455,689,2.0
1455,1487,2.5
1455,601,2.0
1455,355,2.5
1455,2029,3.0
1455,82,3.5
1455,2225,2.5
1455,89,3.0
1455,502,3.5
1455,989,3.0
1455,1292,4.5
1455,2315,4.0
1455,79,3.0
1455,2209,2.5
1455,2441,3.0
1455,1236,3.0
1455,920,3.5
1456,223,3.5
1456,1055,3.0
1456,2325,3.0
1456,2129,3.5
1456,1785,3.5
1456,398,4.5
1456,1077,3.5
1456,149,2.5
1456,2254,3.5
1456,1083,2.5
1456,2498,3.0
1456,2089,2.5
1456,206,2.0
1456,1021,1.5
1456,1977,3.0
1456,872,4.0
1456,719,1.5
1456,1147,3.0
1456,1161,4.0
1456,1817,4.0
1456,2191,3.5
1456,2011,4.0
1457,1719,3.5
1457,1693,5.0
1457,2456,2.5
1457,78,3.5
1457,506,4.0
1457,2061,3.5
1457,1173,4.5
1457,1306,4.5
1457,628,3.5
1457,1191,4.0
1457,1291,4.0
1457,488,5.0
1457,169,3.5
1457,1013,5.0
1457,2460,3.5
1457,1172,4.0
1457,969,3.0
1457,652,3.0
1457,1294,2.5
1457,2147,2.5
1457,417,2.5
1457,154,5.0
1457,428,5.0
1457,1501,4.5
1458,300,4.0
1458,1537,5.0
1458,690,1.0
1458,141,4.0
1458,2227,3.0
1458,1604,3.0
1458,433,2.5
1458,1140,2.0
1458,1894,1.0
1458,1821,4.5
1458,1814,2.5
1458,987,2.5
1458,682,4.0
1458,1400,3.0
1458,756,3.5
1458,2484,4.0
1458,661,4.0
1458,499,4.5
1458,2294,2.0
1458,999,1.5
1459,2077,3.0
1459,1042,3.5
1459,946,2.0
1459,1138,2.5
1459,93,4.5
1459,191,3.0
1459,305,3.0
1459,2459,4.0
1459,1627,3.0
1459,896,4.5
1459,542,3.5
1459,441,2.0
1459,715,3.5
1459,1933,2.0
1459,2185,3.0
1459,965,3.0
1459,56,2.5
1459,1436,2.0
1459,663,3.0
1459,1401,3.5
1459,1324,4.0
1459,1112,4.5
1460,1004,1.0
1460,2324,2.0
1460,2172,3.0
1460,981,2.0
1460,1220,4.5
1460,2075,2.5
1460,571,4.5
1460,1072,3.0
1460,544,1.0
1460,1789,3.0
1460,1413,4.0
1460,1485,3.0
1460,1838,2.0
1461,1906,4.5
1461,235,3.0
1461,330,4.0
1461,1027,3.0
1461,614,2.5
1461,199,3.5
1461,2242,4.0
1461,169,3.0
1461,1454,3.0
1461,2243,2.5
1461,1113,2.5
1461,2170,3.5
1461,616,3.0
1461,936,1.5
1461,108,2.5
1461,977,4.5
1461,2303,4.5
1461,1453,4.0
1461,856,3.5
1461,558,4.5
1461,200,5.0
1461,1435,3.0
1461,1730,3.5
1461,925,3.0
1462,1140,2.5
1462,1263,2.5
1462,404,3.0
1462,2021,3.0
1462,2222,2.5
1462,628,3.5
1462,2206,3.0
1462,1295,2.5
1462,675,3.5
1462,875,3.0
1462,2231,4.0
1462,532,4.5
1462,2262,3.5
1462,1754,3.5
1462,2126,3.0
1462,1611,3.0
1463,2372,4.0
1463,610,1.5
1463,1724,5.0
1463,1992,4.0
1463,56,3.0
1463,77,2.0
1463,1965,4.0
1463,2054,3.5
1463,2026,3.5
1463,2066,3.5
1463,1284,3.5
1463,1167,4.0
1463,2210,4.0
1463,616,3.5
1463,1424,2.0
1463,346,5.0
1463,100,2.5
1463,578,5.0
1463,1345,1.0
1463,2443,3.5
1463,1265,3.5
1463,9,4.5
1464,1687,2.0
1464,213,5.0
1464,1486,2.5
1464,188,4.0
1464,2319,3.0
1464,2142,2.0
1464,918,3.0
1464,1489,3.5
1464,1315,5.0
1464,1834,3.5
1464,440,4.5
1464,2245,3.0
1465,987,4.0
1465,1618,2.5
1465,665,3.5
1465,1328,2.0
1465,503,3.0
1465,2330,1.5
1465,1824,5.0
1465,1814,3.5
1465,2211,2.5
1465,444,2.0
1465,357,2.0
1465,660,2.5
1466,423,2.5
1466,348,4.0
1466,1781,3.5
1466,318,2.5
1466,1767,2.5
1466,1463,2.5
1466,433,1.5
1466,447,3.5
1466,1315,3.5
1466,1475,5.0
1466,1178,2.0
1466,53,3.5
1466,2278,4.5
1466,834,4.0
1466,792,4.0
1466,2451,2.5
1466,1181,2.5
1466,1622,3.5
1466,945,4.0
1466,715,2.5
1466,744,3.5
1466,1514,4.5
1466,1459,3.0
1467,1957,2.5
1467,468,3.5
1467,356,3.0
1467,319,3.0
1467,1907,4.0
1467,542,2.5
1467,892,4.5
1467,2293,4.0
1467,533,4.0
1467,306,3.5
1467,1834,2.5
1467,518,3.5
1468,988,3.5
1468,240,3.0
1468,33,2.0
1468,527,4.0
1468,1367,3.0
1468,1913,4.0
1468,966,2.5
1468,462,3.5
1468,1767,3.0
1468,670,2.5
1468,886,2.5
1468,1571,1.0
1468,659,2.5
1468,405,3.5
1468,1151,3.5
1468,84,3.5
1468,1602,3.0
1468,1537,4.0
1468,14,3.5
1468,267,3.0
1468,1092,4.5
1468,204,4.0
1468,1736,3.5
1468,796,2.0
1468,2280,2.5
1468,2345,4.5
1468,991,3.0
1468,1095,3.5
1468,1680,4.0
1468,1347,4.5
1469,2037,2.5
1469,740,3.0
1469,2342,5.0
1469,188,2.0
1469,1656,4.5
1469,825,3.5
1469,2425,4.0
1469,1749,2.5
1469,1812,3.5
1469,2168,2.0
1469,1064,2.5
1469,1247,3.5
1469,1845,4.0
1470,146,3.0
1470,1009,3.5
1470,1236,1.5
1470,829,3.0
1470,1733,2.0
1470,2005,1.5
1470,361,2.5
1470,2063,3.5
1470,2359,3.0
1470,1357,3.5
1470,1373,3.0
1470,106,2.5
1470,1814,4.0
1470,1959,2.0
1470,96,3.0
1470,130,2.0
1470,1353,3.0
1470,1626,2.5
1470,1342,2.5
1470,1344,4.5
1470,1643,5.0
1470,1452,3.5
1470,2171,3.0
1470,1757,3.5
1471,173,2.0
1471,1701,3.0
1471,335,2.0
1471,149,3.5
1471,130,2.0
1471,1812,5.0
1471,68,3.0
1471,1219,3.0
1471,546,4.5
1471,528,3.5
1471,408,2.5
1471,930,3.0
1471,1685,4.0
1471,568,3.5
1471,965,3.5
1471,1937,3.0
1471,6,4.0
1471,477,3.0
1471,121,2.5
1471,2146,3.0
1471,641,4.0
1471,2061,3.0
1471,17,2.5
1471,3,3.5
1471,216,4.5
1471,1454,3.0
1472,31,3.0
1472,700,3.5
1472,2146,3.5
1472,1836,2.5
1472,2409,3.0
1472,1455,2.0
1472,1430,2.5
1472,1432,3.0
1472,385,3.0
1472,2243,3.5
1472,592,3.5
1472,152,3.0
1473,1381,4.5
1473,8,3.0
1473,334,3.5
1473,918,1.5
1473,725,2.5
1473,2462,4.0
1473,1380,3.5
1473,1810,5.0
1473,507,3.5
1473,826,4.5
1473,1173,4.0
1473,1757,3.5
1473,1970,4.5
1473,1090,3.5
1473,342,1.0
1473,2399,3.5
1473,2139,3.0
1473,1421,3.0
1473,2375,2.5
1473,536,4.5
1473,662,3.0
1474,794,4.5
1474,2455,4.0
1474,353,2.0
1474,1709,2.0
1474,1305,3.5
1474,90,3.5
1474,1424,3.0
1474,2108,3.5
1474,445,4.0
1474,2001,1.0
1474,326,5.0
1474,554,3.0
1474,1018,5.0
1474,1645,3.5
1474,407,2.5
1474,1658,3.0
1474,26,3.0
1474,1692,4.0
1474,202,5.0
1474,426,3.5
1474,820,4.0
1475,360,3.5
1475,2280,2.5
1475,2497,2.5
1475,2183,2.0
1475,967,3.0
1475,2256,4.0
1475,1243,3.5
1475,2187,2.5
1475,1966,3.5
1475,1502,3.5
1475,779,2.5
1475,1993,2.0
1475,2027,3.0
1475,1009,2.0
1475,797,3.0
1475,1186,3.0
1475,1636,2.5
1475,2028,2.0
1475,540,4.0
1475,2418,3.0
1475,1416,3.0
1475,1584,4.0
1475,272,2.5
1475,179,3.5
1475,1754,3.0
1475,1610,4.5
1475,2305,3.0
1475,1792,2.0
1476,2170,4.5
1476,883,2.5
1476,368,2.5
1476,1486,3.5
1476,319,4.0
1476,2312,3.5
1476,250,3.5
1476,2482,4.0
1476,1977,2.5
1476,1044,3.0
1476,576,2.5
1476,880,2.5
1476,1855,3.0
1476,1115,3.5
1476,77,3.5
1476,2398,3.0
1476,1091,4.0
1476,1085,4.5
1476,1188,3.5
1476,1313,4.0
1476,155,4.0
1476,1631,2.5
1476,76,3.0
1476,1558,3.5
1477,1123,2.5
1477,317,4.0
1477,1046,2.0
1477,133,4.5
1477,1953,3.5
1477,2320,2.0
1477,729,5.0
1477,894,2.5
1477,616,5.0
1477,912,3.5
1477,956,3.5
1477,1252,2.5
1477,2002,2.0
1477,2467,4.0
1477,1771,3.0
1477,35,2.0
1477,1432,2.5
1477,1420,2.5
1477,64,3.0
1477,217,3.0
1477,871,3.5
1477,758,4.5
1477,2044,3.0
1477,189,3.0
1477,1620,4.0
1477,1595,4.0
1477,2008,4.5
1477,1932,2.0
1477,1143,4.0
1478,1828,3.0
1478,2218,2.5
1478,2358,2.5
1478,1912,3.5
1478,2421,5.0
1478,2089,4.0
1478,1135,3.5
1478,461,2.5
1478,1437,4.0
1478,706,2.0
1478,2108,3.0
1478,261,4.5
1478,1180,3.5
1478,1561,3.0
1479,1901,4.5
1479,15,3.5
1479,1810,2.5
1479,1276,3.5
1479,526,5.0
1479,1812,2.5
1479,265,3.5
1479,1846,4.0
1479,2294,3.5
1479,554,3.5
1479,1672,3.5
1479,724,3.0
1479,311,3.5
1479,1930,1.5
1479,2418,4.0
1479,93,2.0
1479,1683,2.5
1479,869,3.0
1479,61,2.0
1480,289,3.5
1480,1849,4.5
1480,1013,2.0
1480,2387,3.5
1480,746,3.5
1480,2188,3.5
1480,135,2.5
1480,1350,4.0
1480,7,3.5
1480,451,4.5
1480,655,3.0
1480,1581,3.5
1480,900,2.5
1480,1037,2.5
1480,890,4.5
1480,1167,3.0
1480,1197,2.0
1480,2146,3.5
1480,1333,2.5
1480,679,2.5
1480,331,4.5
1480,251,3.0
1480,1602,4.0
1480,2152,2.5
1480,719,4.0
1480,945,2.5
1480,601,1.5
1481,2080,5.0
1481,2040,4.5
1481,723,3.0
1481,2031,2.5
1481,1638,3.5
1481,585,3.5
1481,1090,4.5
1481,859,2.0
1481,455,2.5
1481,2349,3.0
1481,1305,2.0
1481,1769,2.5
1481,1074,3.0
1481,1552,2.0
1481,1772,3.0
1481,466,5.0
1481,1128,3.0
1481,241,3.0
1481,1222,2.5
1481,821,3.0
1481,82,4.0
1481,2477,2.0
1482,1118,4.0
1482,1917,2.5
1482,1783,5.0
1482,1675,4.0
1482,145,1.5
1482,1970,2.0
1482,745,3.0
1482,1865,2.5
1482,2401,5.0
1482,202,3.0
1482,666,2.5
1482,284,3.0
1482,1180,2.0
1482,2059,2.5
1482,1967,2.0
1482,1323,1.5
1482,2245,2.5
1482,134,2.0
1482,798,2.5
1482,734,2.5
1482,1757,4.0
1482,1259,4.0
1482,1726,3.5
1482,1120,2.5
1482,1604,4.0
1482,587,3.5
1482,222,3.0
1482,791,3.5
1483,415,3.5
1483,245,2.5
1483,1197,2.0
1483,2370,4.0
1483,98,2.5
1483,2174,2.5
1483,2031,2.5
1483,2410,2.0
1483,246,2.0
1483,1330,2.5
1483,1696,3.0
1483,1438,2.5
1483,874,3.0
1483,2220,2.5
1483,1831,3.0
1483,1690,3.0
1483,1051,3.0
1483,1980,2.5
1483,158,3.0
1483,1746,3.0
1483,408,4.0
1483,1277,2.0
1483,1572,2.0
1484,2393,2.0
1484,641,4.0
1484,1868,3.5
1484,1140,2.5
1484,770,4.0
1484,993,3.0
1484,1633,2.5
1484,466,2.0
1484,1128,4.0
1484,2015,3.5
1484,240,3.0
1484,1559,2.5
1484,1423,3.0
1484,2289,3.0
1484,280,3.0
1484,664,2.5
1484,546,5.0
1484,2462,4.5
1484,2472,2.0
1484,949,4.0
1484,2008,5.0
1484,562,3.5
1484,1578,2.0
1484,1024,1.5
1484,2405,3.5
1484,1864,4.5
1484,600,4.0
1484,862,3.0
1484,425,3.0
1484,1987,2.0
1485,825,2.0
1485,2414,3.0
1485,124,3.5
1485,202,3.0
1485,931,2.5
1485,940,2.0
1485,2252,2.5
1485,711,2.0
1485,1271,4.5
1485,1993,3.0
1485,400,3.0
1485,1683,3.0
1485,823,2.0
1485,1597,3.5
1485,1473,3.5
1485,2449,2.5
1485,157,2.5
1486,711,3.5
1486,1150,3.5
1486,845,2.5
1486,2331,2.0
1486,2452,3.0
1486,189,1.5
1486,1670,3.0
1486,1137,4.5
1486,1437,3.0
1486,219,3.0
1486,223,3.5
1486,437,2.0
1486,402,3.0
1487,707,3.5
1487,1078,4.5
1487,1251,3.5
1487,2141,3.5
1487,851,3.5
1487,405,4.0
1487,371,4.5
1487,742,2.5
1487,373,4.0
1487,825,3.5
1487,1389,2.5
1487,732,3.5
1487,1051,3.5
1487,1830,3.0
1487,2143,3.5
1487,802,1.5
1487,1978,2.5
1487,2038,3.5
1487,1364,4.5
1487,400,4.0
1487,451,2.5
1487,2381,3.0
1487,531,3.5
1487,1346,4.0
1487,903,3.5
1488,2241,3.5
1488,1885,3.0
1488,325,3.0
1488,515,1.0
1488,1429,2.0
1488,1068,4.0
1488,1231,3.0
1488,1113,4.0
1488,1500,3.0
1488,484,3.5
1488,290,4.0
1488,1777,4.0
1488,2003,3.0
1488,425,4.5
1488,409,2.0
1488,2014,2.5
1488,337,2.0
1488,2336,2.0
1488,1917,3.5
1488,48,4.5
1488,194,3.0
1488,2151,4.0
1488,126,3.5
1488,1218,3.5
1488,2427,3.0
1488,2432,3.5
1489,1509,3.5
1489,869,3.5
1489,1108,2.0
1489,2391,3.5
1489,1382,2.0
1489,2082,3.0
1489,1032,4.5
1489,39,3.5
1489,142,4.5
1489,260,4.5
1489,1224,4.0
1489,1690,3.5
1489,371,3.0
1489,927,4.0
1489,933,3.5
1489,2152,3.5
1489,950,4.0
1489,988,3.0
1489,2043,3.5
1489,1194,3.5
1490,335,3.5
1490,101,2.5
1490,310,2.5
1490,2019,2.5
1490,507,5.0
1490,2148,3.5
1490,1502,4.0
1490,1135,3.0
1490,2406,3.0
1490,2311,2.5
1490,1614,4.0
1490,1969,3.5
1490,2007,3.5
1490,212,5.0
1490,2218,2.0
1490,2268,2.0
1490,1578,3.0
1490,1236,1.5
1490,67,3.0
1491,648,2.0
1491,623,3.0
1491,1191,3.0
1491,2320,2.5
1491,1166,3.0
1491,855,4.0
1491,1707,3.0
1491,502,2.0
1491,599,2.5
1491,318,2.5
1491,1052,2.0
1491,808,4.0
1491,552,5.0
1491,2107,3.0
1491,1321,3.0
1491,1442,3.0
1491,1594,3.5
1491,1818,4.0
1491,1781,3.0
1491,321,3.5
1491,1850,3.5
1491,1654,2.5
1491,2126,2.0
1491,13,3.5
1491,285,4.0
1491,571,4.5
1491,1431,3.0
1491,152,3.0
1491,2485,2.5
1492,399,3.5
1492,1511,3.5
1492,128,2.5
1492,1461,3.0
1492,1546,3.0
1492,366,2.5
1492,81,3.5
1492,2204,4.0
1492,2424,4.0
1492,1500,2.5
1492,1933,2.0
1492,825,2.5
1492,1569,2.5
1492,2184,1.5
1492,1398,2.0
1492,343,4.5
1492,324,3.0
1492,829,3.5
1492,407,2.5
1492,374,3.5
1492,453,1.5
1493,682,5.0
1493,1498,3.0
1493,1234,3.0
1493,148,3.0
1493,178,4.0
1493,1310,2.0
1493,1225,3.0
1493,2433,2.5
1493,526,4.5
1493,65,2.5
1493,356,1.5
1493,971,2.5
1493,64,3.5
1493,2219,3.0
1493,2045,4.0
1493,2155,3.5
1493,2259,3.0
1493,1946,2.5
1493,734,3.5
1493,1627,3.0
1493,2448,3.0
1493,441,4.0
1493,746,3.0
1493,183,3.5
1493,530,3.5
1494,1715,2.0
1494,1690,3.5
1494,2128,3.5
1494,996,3.5
1494,352,3.0
1494,2289,3.0
1494,559,4.0
1494,1436,3.5
1494,1266,2.0
1494,1322,2.5
1494,81,3.0
1494,1634,2.5
1494,1186,2.5
1494,2094,4.5
1494,2001,4.0
1494,338,5.0
1494,755,2.0
1494,466,3.0
1494,1756,2.0
1494,451,3.5
1494,395,3.5
1494,554,3.0
1494,602,2.5
1494,797,3.5
1494,1849,2.0
1494,1418,1.0
1494,701,3.0
1494,2366,3.0
1494,143,2.5
1495,1829,2.5
1495,828,4.5
1495,1725,3.5
1495,1853,1.5
1495,1136,3.0
1495,215,3.5
1495,1786,3.5
1495,1286,3.5
1495,186,3.0
1495,1038,1.5
1495,564,3.0
1495,761,2.5
1495,630,5.0
1495,1433,2.0
1495,325,3.0
1495,714,3.5
1495,94,4.0
1495,1782,4.5
1495,1580,4.0
1495,1080,3.0
1495,933,3.5
1495,1190,3.5
1495,1251,3.5
1495,134,3.5
1495,503,4.5
1495,713,3.0
1495,683,3.5
1495,2121,2.5
1495,1891,4.5
1495,1773,3.0
1496,2191,4.5
1496,755,4.0
1496,2429,5.0
1496,1574,3.5
1496,726,2.0
1496,2149,2.5
1496,840,3.0
1496,983,4.5
1496,208,3.5
1496,608,2.0
1496,270,3.0
1496,2414,3.0
1496,642,4.0
1496,233,2.5
1496,1868,3.0
1496,1108,3.5
1496,2480,3.0
1496,1720,2.5
1496,1431,4.5
1496,851,2.0
1496,2123,2.5
1496,835,2.5
1497,112,3.0
1497,679,4.5
1497,1669,4.5
1497,730,4.0
1497,1255,5.0
1497,504,3.5
1497,25,3.0
1497,1439,5.0
1497,130,5.0
1497,2433,2.5
1497,875,3.5
1497,2210,2.0
1497,574,4.0
1498,719,4.0
1498,838,5.0
1498,1618,2.0
1498,9,4.0
1498,2346,4.5
1498,346,4.5
1498,415,5.0
1498,2057,1.5
1498,2351,3.5
1498,829,3.5
1498,49,1.0
1498,1967,4.5
1498,1385,5.0
1498,817,3.0
1498,144,3.5
1498,1550,3.5
1498,1713,5.0
1498,1522,3.5
1498,131,2.5
1498,29,2.0
1498,1316,5.0
1498,1573,5.0
1498,1111,3.5
1498,83,3.5
1498,2494,2.5
1499,888,3.0
1499,522,4.0
1499,51,2.0
1499,2035,2.5
1499,2128,4.0
1499,994,4.5
1499,2249,2.0
1499,2086,3.0
1499,820,2.5
1499,560,2.5
1499,2073,1.5
1499,1144,3.0
1499,826,3.5
1499,619,3.5
1499,453,2.5
1499,2470,4.0
1500,2433,3.0
1500,1579,1.5
1500,1972,5.0
1500,372,3.5
1500,2014,2.5
1500,727,3.0
1500,1150,2.0
1500,818,2.5
1500,1292,3.5
1500,184,2.0
1500,369,3.5
1500,1273,4.0
1501,2332,2.5
1501,2199,3.0
1501,1835,3.0
1501,1203,2.0
1501,1062,3.5
1501,760,2.0
1501,1442,4.0
1501,2042,2.0
1501,946,3.0
1501,1164,4.0
1501,104,3.0
1501,2288,2.5
1501,1843,4.5
1501,1477,4.5
1501,2351,3.0
1501,1418,3.0
1501,1248,3.5
1501,2078,2.5
1501,925,4.0
1501,1396,2.0
1501,2498,1.5
1501,215,2.5
1501,2239,3.5
1501,440,2.5
1501,1879,3.5
1502,785,3.0
1502,1720,3.0
1502,157,2.5
1502,798,2.0
1502,1076,3.0
1502,223,3.0
1502,9,2.5
1502,2189,2.5
1502,1064,4.5
1502,132,2.5
1502,1226,3.5
1502,425,3.5
1502,1418,3.5
1502,639,3.5
1502,1262,2.5
1502,174,4.0
1502,2280,1.5
1502,647,3.5
1502,2344,3.0
1502,723,4.0
1502,1556,4.0
1503,1206,2.0
1503,1286,2.5
1503,252,3.5
1503,1784,2.5
1503,1370,4.5
1503,1687,3.0
1503,1662,3.0
1503,2282,3.5
1503,883,2.0
1503,2482,3.0
1503,645,4.0
1503,807,4.5
1503,1637,3.5
1503,1563,3.5
1503,452,4.5
1503,183,2.0
1503,470,3.5
1504,2251,3.0
1504,2043,3.0
1504,1064,3.5
1504,55,2.0
1504,1479,3.5
1504,1652,2.5
1504,843,4.0
1504,1765,3.0
1504,1988,1.0
1504,1788,3.0
1504,877,2.5
1504,1105,4.0
1504,1275,3.5
1504,1497,2.5
1504,797,1.0
1504,2235,3.5
1504,1507,4.5
1504,1312,1.5
1504,2443,5.0
1504,239,4.0
1504,341,4.0
1504,96,5.0
1504,2356,3.0
1504,1262,1.5
1504,1128,4.0
1504,1719,4.5
1504,2280,2.5
1505,1357,1.5
1505,345,1.5
1505,2212,3.0
1505,410,1.5
1505,1116,4.0
1505,559,5.0
1505,740,4.0
1505,2463,2.0
1505,1429,3.5
1505,798,3.0
1505,601,2.5
1505,624,4.5
1505,795,3.0
1505,2175,3.5
1505,1914,3.0
1505,1824,4.5
1505,1678,4.5
1505,2124,4.0
1505,1173,3.5
1505,1939,2.5
1505,2457,2.0
1505,1,3.0
1505,1917,3.0
1505,1847,3.0
1505,1279,2.0
1505,816,4.5
1505,1563,2.5
1506,1663,3.0
1506,1311,3.5
1506,2034,4.0
1506,533,2.5
1506,2297,4.0
1506,921,3.5
1506,790,2.5
1506,753,3.0
1506,1308,2.5
1506,1876,2.0
1506,2313,3.0
1507,2284,1.5
1507,446,3.0
1507,1947,3.5
1507,192,2.5
1507,1212,2.5
1507,805,2.5
1507,450,5.0
1507,2261,3.0
1507,2116,2.5
1507,306,1.5
1507,396,3.0
1507,307,2.0
1507,2134,1.5
1507,1809,4.0
1507,5,3.0
1507,491,3.0
1507,1256,4.0
1507,163,3.0
1507,1974,3.0
1507,1976,4.0
1507,36,3.0
1507,1487,4.0
1507,175,3.0
1507,364,3.5
1507,33,3.5
1507,2415,1.5
1507,1042,3.5
1507,1024,3.0
1507,2464,4.0
1507,637,2.5
1508,1289,2.5
1508,1335,5.0
1508,1156,2.5
1508,967,3.0
1508,427,5.0
1508,2030,2.5
1508,1684,4.5
1508,59,3.0
1508,1635,4.0
1508,653,2.0
1508,1908,4.5
1508,853,3.0
1508,1510,2.0
1508,1363,3.0
1508,147,2.5
1508,2409,2.0
1509,2069,3.0
1509,1452,3.0
1509,2360,2.0
1509,1613,3.0
1509,1052,4.5
1509,1704,3.0
1509,1345,2.0
1509,2457,4.0
1509,1220,2.0
1509,352,3.0
1509,1747,3.5
1509,1193,3.0
1509,2354,3.0
1509,475,2.5
1509,1490,3.5
1509,1280,3.5
1509,588,3.5
1509,634,3.0
1509,1461,2.5
1509,1200,3.0
1509,2043,3.5
1509,821,2.5
1509,35,3.5
1509,662,3.5
1509,1331,3.5
1509,2118,3.0
1510,549,4.5
1510,714,1.5
1510,1855,2.5
1510,1211,4.0
1510,540,3.5
1510,231,1.5
1510,1450,3.0
1510,2070,4.0
1510,952,3.5
1510,1941,3.0
1510,1107,3.0
1510,1122,1.5
1510,1121,3.5
1510,1252,3.0
1510,309,2.5
1510,1794,2.5
1510,2187,3.5
1510,606,4.0
1510,1814,3.0
1510,831,2.5
1510,239,3.5
1510,597,3.0
1510,2204,3.5
1511,119,1.0
1511,921,2.5
1511,335,3.0
1511,1124,3.0
1511,1925,2.5
1511,1487,4.0
1511,580,3.5
1511,1627,4.0
1511,2489,3.0
1511,1712,4.0
1511,2497,3.5
1512,657,4.0
1512,2307,4.5
1512,1826,5.0
1512,607,4.0
1512,771,3.0
1512,1040,4.5
1512,2070,4.0
1512,1271,3.0
1512,1090,3.0
1512,1217,2.5
1512,2339,2.5
1512,2367,2.0
1512,1249,5.0
1512,2402,2.5
1512,1676,3.0
1512,675,3.0
1512,1648,2.5
1512,2068,3.5
1513,1032,4.5
1513,543,2.5
1513,1356,3.0
1513,19,4.0
1513,588,2.0
1513,86,3.0
1513,946,4.0
1513,1813,3.5
1513,341,4.0
1513,2376,2.5
1513,2074,3.5
1513,472,4.5
1513,2441,1.5
1513,2478,2.0
1513,1043,5.0
1513,1739,2.5
1513,839,3.0
1513,1819,5.0
1513,525,2.0
1513,2187,3.0
1513,729,3.0
1513,417,2.5
1513,2416,3.0
1513,1547,2.5
1513,464,3.0
1513,537,4.5
1514,2054,4.0
1514,16,4.5
1514,2037,3.0
1514,1919,3.0
1514,2191,3.0
1514,2400,4.0
1514,2389,3.0
1514,1607,4.0
1514,761,3.0
1514,1189,2.5
1514,977,4.0
1514,1219,4.0
1514,1773,4.0
1514,1100,2.5
1514,367,3.5
1515,1077,3.5
1515,170,3.5
1515,1433,3.5
1515,88,3.5
1515,2151,2.0
1515,1792,2.0
1515,40,4.5
1515,2044,2.5
1515,1078,2.5
1515,1420,3.0
1515,1514,2.5
1515,1611,3.0
1515,841,3.0
1515,511,3.5
1515,2408,2.5
1515,412,3.5
1515,516,3.0
1515,2386,4.0
1515,2176,3.0
1515,1558,4.0
1515,858,2.0
1516,535,5.0
1516,730,2.5
1516,784,3.0
1516,301,2.5
1516,2016,4.0
1516,2277,3.0
1516,1392,3.5
1516,1856,3.5
1516,210,2.5
1516,1413,4.0
1516,691,3.0
1516,103,3.0
1516,120,3.0
1516,627,1.0
1516,1142,3.5
1516,345,3.0
1516,174,4.0
1516,2285,3.5
1517,2168,3.5
1517,323,1.5
1517,681,2.0
1517,569,4.5
1517,184,3.5
1517,472,3.0
1517,2010,4.5
1517,1694,4.0
1517,1038,2.5
1517,1991,4.0
1517,1644,3.5
1517,638,4.5
1517,2131,3.5
1517,1983,4.5
1517,1667,2.0
1517,862,2.5
1517,2197,4.0
1517,1376,3.0
1517,2435,3.0
1517,1096,2.5
1518,577,3.0
1518,1625,3.5
1518,1509,4.5
1518,249,4.5
1518,931,2.0
1518,1196,4.5
1518,1585,3.5
1518,1132,2.5
1518,2013,2.5
1518,266,3.0
1518,1489,4.5
1518,1806,3.0
1518,1303,3.5
1518,1269,4.0
1518,1499,4.5
1518,1899,4.0
1518,89,4.0
1518,236,3.5
1518,1743,3.5
1518,2081,3.0
1518,526,5.0
1518,1825,3.0
1518,1020,2.5
1518,259,3.0
1518,2450,3.0
1518,615,3.5
1518,565,3.5
1518,1490,3.5
1519,898,3.0
1519,1134,2.5
1519,1982,2.5
1519,1686,3.0
1519,2192,4.0
1519,1871,2.5
1519,1360,4.0
1519,2040,3.0
1519,2495,4.5
1519,831,3.0
1519,717,3.0
1519,2154,2.0
1519,1979,3.0
1519,754,3.5
1519,891,2.5
1519,1356,1.5
1519,2060,4.0
1519,2001,4.0
1519,322,2.5
1519,1567,3.5
1519,1526,2.5
1519,1049,3.5
1519,1458,3.5
1519,179,3.5
1519,2471,3.5
1519,1435,3.5
1520,545,1.5
1520,477,3.0
1520,812,2.5
1520,100,3.5
1520,247,3.5
1520,2214,2.5
1520,2069,3.0
1520,947,2.5
1520,608,2.5
1520,266,5.0
1520,609,3.0
1520,966,4.0
1520,822,4.5
1520,1387,3.0
1520,987,3.5
1520,324,3.5
1520,2104,3.5
1520,1786,5.0
1520,790,3.5
1520,1267,3.5
1520,2347,2.5
1520,692,1.0
1520,391,2.5
1520,2472,3.0
1520,1964,3.0
1520,114,3.5
1520,1354,1.0
1520,1420,4.0
1520,1321,3.5
1520,352,5.0
1521,870,4.0
1521,1806,4.5
1521,1522,3.5
1521,1847,2.5
1521,893,1.5
1521,1922,3.5
1521,1974,3.5
1521,1834,3.5
1521,1833,1.0
1521,1278,2.5
1521,746,4.0
1521,1917,3.0
1521,160,3.0
1521,35,1.0
1521,964,3.0
1521,2172,2.0
1521,1137,3.0
1521,1440,3.0
1521,1568,3.5
1521,208,3.0
1521,1928,1.5
1521,1418,3.0
1521,1098,1.0
1522,795,4.0
1522,1679,3.5
1522,724,3.5
1522,1625,1.5
1522,759,3.0
1522,2114,3.0
1522,2217,2.0
1522,340,1.5
1522,1405,2.0
1522,236,4.0
1522,1309,3.0
1522,767,3.0
1522,1091,3.5
1522,998,3.0
1522,484,2.0
1522,1222,4.0
1522,2491,1.5
1522,1241,4.0
1522,328,4.0
1522,1108,4.0
1523,1681,5.0
1523,1394,3.5
1523,181,5.0
1523,971,4.0
1523,658,2.5
1523,282,2.0
1523,1141,3.0
1523,196,3.0
1523,1874,3.0
1523,160,1.5
1523,993,3.0
1523,854,3.5
1523,910,3.0
1523,1464,1.5
1523,173,3.5
1523,1004,4.0
1524,2131,4.0
1524,1770,2.5
1524,888,3.0
1524,2135,2.0
1524,501,1.5
1524,2263,3.5
1524,1435,4.0
1524,2277,4.0
1524,201,4.5
1524,687,3.5
1525,1935,3.0
1525,2206,3.0
1525,2199,5.0
1525,1198,2.5
1525,1528,3.5
1525,123,3.5
1525,637,3.5
1525,1232,4.0
1525,2387,4.0
1525,1720,3.5
1525,295,3.5
1525,1497,3.5
1526,1755,4.0
1526,2030,3.0
1526,1453,3.5
1526,784,1.5
1526,1863,5.0
1526,670,5.0
1526,1144,4.0
1526,2285,3.0
1526,2424,3.0
1526,2019,2.5
1526,1290,2.5
1526,1538,3.5
1526,727,5.0
1526,1083,3.5
1526,860,3.5
1526,1166,4.0
1527,588,3.0
1527,1112,3.0
1527,1853,4.0
1527,1842,3.0
1527,349,3.0
1527,1688,2.5
1527,615,3.5
1527,1654,3.0
1527,603,3.5
1527,978,2.0
1527,464,3.5
1527,1470,3.5
1527,1350,4.5
1527,1474,3.0
1527,1764,5.0
1527,709,4.0
1527,2393,4.5
1528,1625,2.5
1528,842,3.0
1528,954,3.0
1528,1574,3.5
1528,1978,3.5
1528,1398,3.0
1528,1516,2.5
1528,1842,4.5
1528,733,2.0
1528,2011,3.5
1528,1598,4.5
1528,1914,2.5
1528,1724,2.5
1528,1226,3.0
1528,917,2.5
1528,763,3.5
1528,559,2.5
1528,26,3.0
1528,109,3.0
1528,34,2.5
1528,2319,2.5
1529,284,2.5
1529,1151,5.0
1529,1750,4.5
1529,1181,5.0
1529,2331,3.0
1529,1709,4.0
1529,1241,2.5
1529,1947,4.0
1529,2422,3.5
1529,938,2.0
1529,237,3.0
1529,730,3.0
1529,1286,2.5
1529,930,4.5
1529,2253,3.5
1529,2107,4.0
1529,1866,3.5
1529,160,3.0
1529,1460,3.5
1529,1630,4.0
1529,2022,3.5
1529,1130,5.0
1529,1166,3.5
1530,1115,4.0
1530,723,3.0
1530,2458,3.0
1530,1602,2.5
1530,1688,2.5
1530,254,4.5
1530,1174,2.5
1530,1517,3.0
1530,1312,3.0
1530,1283,4.0
1530,916,3.0
1530,1132,3.0
1530,1272,3.5
1530,1585,3.0
1530,2384,2.5
1530,772,3.5
1530,2486,2.5
1530,646,3.5
1530,451,2.5
1530,1373,4.5
1530,1108,4.0
1530,2412,3.5
1530,100,3.5
1530,1998,2.0
1530,2178,3.5
1530,547,3.5
1530,2327,2.5
1530,971,4.5
1530,627,2.0
1530,936,2.0
1531,2173,3.0
1531,1965,3.0
1531,37,3.0
1531,295,5.0
1531,2309,1.5
1531,2463,4.0
1531,1547,3.0
1531,1327,3.0
1531,2380,5.0
1531,564,3.0
1531,1460,3.0
1531,2478,3.5
1531,1554,3.5
1531,2318,3.5
1531,1645,2.5
1531,1982,4.0
1531,972,2.0
1531,1372,2.5
1531,832,3.5
1531,686,2.0
1531,108,4.5
1531,2317,4.0
1531,2332,4.0
1531,186,2.5
1531,1463,3.0
1531,1285,3.0
1531,1639,2.0
1532,1531,3.5
1532,1075,2.5
1532,1796,5.0
1532,18,2.0
1532,1355,3.5
1532,430,2.0
1532,2072,1.5
1532,280,3.0
1532,441,2.0
1532,603,4.0
1532,2151,2.0
1532,1919,4.0
1532,2238,1.0
1532,127,4.0
1532,1456,4.0
1532,2261,2.5
1532,2284,3.0
1532,1555,4.0
1532,33,3.5
1532,1544,2.5
1533,2220,2.0
1533,444,2.5
1533,1758,4.0
1533,1244,3.0
1533,1015,3.0
1533,455,3.0
1533,1297,4.5
1533,193,2.0
1533,1474,2.0
1533,1323,3.0
1533,1413,3.0
1533,1451,3.0
1533,1721,3.5
1533,1600,4.0
1533,1163,1.5
1533,1837,5.0
1533,1399,3.5
1533,311,2.0
1533,2346,4.0
1533,1800,3.5
1533,380,3.5
1533,920,2.5
1533,1062,4.5
1533,2210,4.5
1533,1159,3.0
1534,2341,4.5
1534,429,3.0
1534,1401,3.0
1534,201,2.5
1534,2154,1.0
1534,2496,3.0
1534,1731,3.0
1534,1549,3.5
1534,1835,3.5
1534,113,4.0
1534,1435,2.5
1534,1947,3.5
1534,2155,2.5
1534,2453,2.0
1534,1276,3.5
1534,677,1.0
1534,580,2.0
1534,2261,2.5
1534,2291,3.5
1534,1942,1.5
1534,1956,3.0
1534,2210,3.5
1534,541,3.0
1534,945,2.5
1534,1697,3.0
1534,1100,3.0
1534,2436,4.5
1535,1166,2.0
1535,2132,4.0
1535,1362,2.0
1535,2186,4.0
1535,2448,3.5
1535,568,1.0
1535,49,4.5
1535,800,2.5
1535,2480,3.5
1535,2202,4.0
1535,242,3.5
1535,555,2.5
1535,160,2.5
1535,1173,4.0
1535,1940,3.5
1535,575,4.5
1535,1364,4.0
1535,1085,3.0
1535,2245,3.5
1535,1126,4.0
1535,181,4.0
1535,1426,3.5
1536,1312,3.0
1536,2121,4.0
1536,990,4.0
1536,349,3.0
1536,1671,2.5
1536,644,4.5
1536,1464,3.0
1536,320,4.0
1536,15,3.0
1536,2430,3.0
1536,1868,2.0
1536,215,4.0
1536,523,4.5
1536,680,5.0
1536,681,2.5
1536,2185,3.0
1536,112,3.0
1536,2136,2.5
1536,1432,4.0
1536,2065,3.0
1536,2256,4.0
1536,341,3.5
1536,2322,2.5
1536,2106,2.0
1536,1398,3.0
1536,1445,5.0
1536,1204,1.0
1536,1803,3.5
1536,2424,3.0
1536,2499,1.5
1537,192,4.0
1537,1091,4.0
1537,652,3.5
1537,2019,2.5
1537,677,4.0
1537,2294,4.0
1537,1879,3.0
1537,1246,4.5
1537,194,4.0
1537,525,3.0
1537,2156,4.5
1537,2284,3.0
1537,196,4.0
1537,335,3.0
1537,2219,5.0
1537,346,4.5
1537,1244,3.5
1537,92,3.0
1537,2349,5.0
1537,1884,5.0
1537,820,5.0
1537,2384,2.0
1538,969,3.0
1538,2365,4.0
1538,305,2.0
1538,2413,4.0
1538,1174,1.0
1538,1013,2.5
1538,517,4.0
1538,2128,3.5
1538,1645,1.5
1538,948,2.5
1538,1785,2.5
1538,1051,4.0
1538,1071,3.0
1538,2424,2.5
1539,1415,3.0
1539,2418,3.5
1539,291,4.0
1539,1571,2.0
1539,812,3.5
1539,2005,2.0
1539,255,3.5
1539,600,4.0
1539,460,3.5
1539,2024,4.0
1539,1512,3.0
1539,267,5.0
1539,1186,3.5
1540,482,3.0
1540,698,3.0
1540,1034,3.5
1540,300,3.0
1540,2260,4.0
1540,1679,4.0
1540,1540,3.0
1540,876,3.0
1540,256,2.0
1540,1021,2.0
1540,1485,4.5
1540,1219,4.0
1540,1581,4.0
1540,187,4.5
1540,1097,2.0
1540,1985,2.5
1540,1600,3.0
1540,2009,3.5
1541,454,5.0
1541,932,2.5
1541,1807,3.5
1541,344,3.0
1541,1199,3.0
1541,1785,4.0
1541,880,3.5
1541,248,3.0
1541,1839,4.5
1541,1211,4.0
1541,1660,2.0
1541,2252,3.5
1541,2455,3.5
1541,2398,2.5
1541,1459,4.0
1541,1187,4.5
1541,736,3.0
1541,657,5.0
1541,2158,3.5
1541,2036,5.0
1541,2207,3.0
1541,1546,2.0
1541,552,3.0
1541,586,5.0
1541,1404,5.0
1541,2452,3.5
1541,2080,3.0
1541,2295,2.0
1541,855,3.0
1542,833,3.5
1542,248,3.0
1542,955,3.0
1542,2473,3.0
1542,69,2.5
1542,1779,3.0
1542,2449,3.5
1542,2019,3.5
1542,1368,4.0
1542,1931,2.5
1542,435,5.0
1542,76,3.0
1542,1128,4.5
1542,1845,5.0
1542,1820,5.0
1542,719,4.5
1542,1640,5.0
1542,2007,3.5
1542,737,4.0
1542,2453,4.5
1542,238,4.5
1542,2113,3.0
1543,1573,3.5
1543,283,3.0
1543,1917,3.0
1543,773,3.5
1543,2228,2.0
1543,2013,2.5
1543,627,3.0
1543,1469,2.5
1543,802,3.5
1543,1641,3.0
1543,1661,3.5
1544,632,2.5
1544,118,5.0
1544,1060,2.5
1544,1565,3.5
1544,2121,4.0
1544,1155,3.0
1544,1160,2.5
1544,62,1.5
1544,354,2.5
1544,102,3.0
1544,1075,4.0
1544,2028,3.5
1544,1183,2.5
1544,1082,1.5
1544,1988,1.0
1544,1932,2.0
1544,1863,4.0
1544,1512,4.0
1545,1479,4.5
1545,1582,3.0
1545,2207,3.0
1545,2380,2.0
1545,65,2.5
1545,1823,2.0
1545,334,2.0
1545,531,3.5
1545,1729,2.5
1545,362,4.0
1545,806,5.0
1545,1627,3.0
1545,1094,1.5
1545,1488,2.5
1545,1376,2.0
1545,1785,3.5
1545,661,4.5
1545,2038,2.5
1545,876,2.5
1545,1863,3.5
1545,1549,4.0
1545,1471,1.5
1545,1983,3.5
1546,1128,3.0
1546,1198,3.5
1546,487,2.0
1546,1454,3.0
1546,1839,4.5
1546,241,4.5
1546,959,3.0
1546,267,2.5
1546,1743,4.0
1546,2088,4.0
1546,2062,4.0
1546,288,4.5
1546,1205,2.5
1546,2213,4.0
1546,933,4.5
1546,1663,4.5
1546,1304,4.0
1547,846,3.0
1547,488,2.5
1547,2220,3.5
1547,2499,3.5
1547,2044,4.0
1547,2273,2.5
1547,1571,4.0
1547,868,3.0
1547,244,2.5
1547,2374,3.0
1547,1186,3.0
1547,958,4.0
1548,1102,4.5
1548,2443,1.5
1548,1115,4.0
1548,1379,3.0
1548,2240,3.0
1548,1219,2.5
1548,113,4.0
1548,2036,4.0
1548,2447,3.5
1548,1490,4.0
1548,1638,3.5
1548,358,2.5
1548,345,2.5
1548,2160,3.5
1548,1911,3.5
1548,377,1.5
1548,1799,1.0
1548,900,3.0
1548,1380,3.0
1548,1398,2.5
1548,314,3.0
1548,1077,3.5
1548,877,4.0
1548,545,3.5
1548,1580,3.0
1548,1430,2.5
1548,1582,2.5
1548,1351,2.0
1548,670,3.0
1548,1624,3.0
1549,449,2.5
1549,2157,4.5
1549,72,3.5
1549,551,3.0
1549,1597,3.5
1549,2215,4.5
1549,519,3.5
1549,2408,3.5
1549,506,3.5
1549,2197,3.0
1549,1381,4.0
1549,1607,3.5
1549,2388,2.5
1549,1412,4.0
1549,2495,2.0
1549,1147,3.0
1549,653,5.0
1549,2271,4.5
1549,955,4.0
1549,2235,3.5
1549,286,2.0
1549,1192,3.0
1549,2084,3.0
1549,2228,2.5
1549,578,4.5
1549,84,4.0
1549,2437,4.5
1549,2032,4.5
1550,1419,3.5
1550,373,4.0
1550,1367,3.5
1550,1652,4.0
1550,1220,3.0
1550,1357,4.5
1550,2065,3.5
1550,1325,3.0
1550,488,3.0
1550,2457,2.5
1550,848,3.0
1550,1882,5.0
1550,1688,2.0
1550,1706,5.0
1550,1999,2.0
1551,640,2.0
1551,739,4.5
1551,475,3.0
1551,150,1.5
1551,2473,2.5
1551,1165,3.5
1551,2242,5.0
1551,544,2.5
1551,530,2.5
1551,157,3.0
1551,1401,3.5
1551,175,1.5
1551,1113,4.0
1551,261,3.0
1552,920,3.5
1552,1899,3.0
1552,2173,4.5
1552,92,3.0
1552,1697,2.5
1552,37,4.0
1552,2017,4.0
1552,2142,2.5
1552,407,3.5
1552,135,3.0
1552,1727,3.5
1552,1653,2.5
1552,1186,4.5
1552,1452,4.0
1552,756,2.5
1552,2190,3.5
1552,2272,3.0
1552,102,5.0
1552,537,2.0
1552,958,3.5
1552,1920,3.0
1552,852,5.0
1553,2153,3.0
1553,1419,2.5
1553,1331,3.0
1553,700,3.5
1553,1173,3.5
1553,930,3.5
1553,2397,2.5
1553,832,3.5
1553,1107,3.5
1553,200,3.0
1553,779,2.0
1553,1008,4.0
1553,2108,4.5
1553,168,3.0
1553,1722,2.0
1554,1,3.5
1554,351,4.0
1554,1962,2.0
1554,1650,4.0
1554,297,4.0
1554,2376,4.0
1554,1270,3.0
1554,118,1.5
1554,1729,5.0
1554,1453,3.5
1554,730,4.5
1554,1784,2.5
1554,11,4.5
1555,2074,4.0
1555,1855,3.0
1555,184,4.0
1555,2378,2.5
1555,2207,2.5
1555,2063,3.5
1555,2169,3.0
1555,94,1.0
1555,1338,3.5
1555,1269,3.0
1555,951,2.5
1555,701,4.0
1555,341,1.0
1555,1333,2.0
1555,160,3.5
1556,832,3.0
1556,1836,3.5
1556,1358,4.0
1556,319,4.0
1556,1209,3.5
1556,1044,2.5
1556,684,3.5
1556,1593,2.5
1556,922,3.0
1556,1875,2.0
1556,2118,4.0
1556,1906,3.5
1556,2269,4.5
1556,2129,3.0
1556,1857,3.5
1556,1203,2.5
1556,2353,4.0
1556,427,3.0
1556,316,3.5
1556,1112,4.0
1556,759,2.5
1556,808,2.5
1556,1561,3.5
1556,1284,3.0
1556,813,2.0
1556,622,3.0
1556,187,2.5
1557,1300,4.5
1557,1249,4.0
1557,369,5.0
1557,1842,3.0
1557,903,2.0
1557,325,3.0
1557,428,3.0
1557,988,2.5
1557,2364,4.5
1557,1008,5.0
1557,165,5.0
1557,1239,3.0
1558,2329,2.5
1558,44,3.0
1558,1761,3.5
1558,63,2.0
1558,2190,2.5
1558,720,3.0
1558,151,2.5
1558,241,3.0
1558,2299,2.5
1558,26,3.5
1558,1091,3.5
1558,1384,1.0
1558,1494,3.0
1558,892,3.0
1558,1891,2.5
1558,814,2.5
1558,268,2.5
1559,1130,4.5
1559,641,4.0
1559,1970,3.0
1559,1235,2.5
1559,962,3.0
1559,853,5.0
1559,1635,4.5
1559,1140,3.0
1559,2276,4.0
1559,43,4.0
1559,2412,2.0
1559,1454,4.5
1559,464,4.0
1559,1023,2.5
1559,153,3.0
1559,76,4.0
1559,437,3.0
1559,657,3.0
1559,2224,3.5
1560,1062,4.0
1560,1627,3.0
1560,572,2.5
1560,1544,4.0
1560,453,3.0
1560,1079,3.5
1560,2393,4.5
1560,2042,2.0
1560,276,3.0
1560,83,2.0
1560,1014,2.0
1560,1826,3.5
1561,1111,4.0
1561,738,2.5
1561,436,2.0
1561,1730,3.5
1561,1413,3.5
1561,2142,2.5
1561,633,4.0
1561,1293,3.0
1561,2182,3.0
1561,524,3.0
1561,278,3.5
1561,81,3.5
1561,1426,3.5
1561,1582,2.0
1562,1980,2.5
1562,1551,3.5
1562,1084,2.5
1562,1463,3.0
1562,801,3.5
1562,2118,2.0
1562,995,4.0
1562,474,2.5
1562,2167,1.5
1562,2469,2.5
1562,489,2.5
1562,2011,2.0
1562,1225,3.5
1562,2076,2.0
1562,1213,2.5
1563,713,2.5
1563,2428,2.0
1563,1572,3.5
1563,1197,5.0
1563,316,4.0
1563,280,2.5
1563,2341,3.5
1563,1279,2.5
1563,335,4.0
1563,1607,3.0
1563,2117,4.0
1563,1990,4.0
1563,796,5.0
1563,2331,3.0
1563,1726,4.0
1563,872,3.0
1563,2125,4.0
1563,368,3.0
1563,1009,3.5
1563,2306,2.0
1563,2133,4.5
1564,1595,3.5
1564,1217,4.5
1564,2057,3.5
1564,518,2.5
1564,57,3.0
1564,1162,1.5
1564,1545,3.0
1564,176,4.0
1564,1754,4.5
1564,1914,4.0
1564,609,3.5
1564,579,4.5
1564,2126,3.0
1564,210,4.0
1564,1772,3.0
1564,1804,2.5
1564,188,3.5
1564,2344,2.5
1564,1771,3.5
1564,2283,3.0
1564,236,4.5
1564,1172,3.0
1564,778,3.5
1564,2162,2.0
1564,1316,3.0
1564,1677,4.5
1564,357,2.0
1564,1133,1.5
1564,711,3.5
1565,359,1.5
1565,1247,4.0
1565,1299,2.0
1565,2404,2.0
1565,1300,3.0
1565,1749,3.5
1565,1714,3.5
1565,948,2.0
1565,984,3.5
1565,2449,3.0
1565,788,2.5
1566,2021,2.5
1566,271,3.5
1566,2409,4.0
1566,2144,4.0
1566,133,4.5
1566,1792,5.0
1566,481,2.0
1566,725,1.5
1566,882,4.5
1566,1898,2.5
1566,717,3.0
1566,623,3.0
1566,1622,2.5
1566,798,2.0
1566,2273,3.5
1566,694,2.0
1566,1131,4.5
1566,2450,4.0
1566,268,2.5
1566,1513,2.0
1566,45,3.0
1566,480,3.0
1566,610,4.0
1566,2038,4.0
1566,1564,3.5
1566,1098,4.0
1566,1044,3.0
1566,1694,3.0
1567,1772,2.5
1567,801,4.5
1567,1661,3.0
1567,331,3.0
1567,619,4.0
1567,1547,3.5
1567,762,3.5
1567,1843,4.0
1567,1984,5.0
1567,1381,2.5
1567,629,3.0
1567,2136,3.0
1568,582,3.0
1568,364,4.0
1568,1997,3.5
1568,216,2.5
1568,452,2.5
1568,67,2.5
1568,1148,3.5
1568,1952,4.0
1568,429,2.0
1568,1032,3.0
1568,832,4.0
1569,2320,3.0
1569,1927,3.0
1569,2459,2.5
1569,1301,3.0
1569,1410,2.0
1569,657,4.0
1569,1868,3.0
1569,1334,4.0
1569,943,2.5
1569,202,4.5
1569,251,3.5
1569,1225,3.0
1569,1810,3.0
1569,804,4.5
1569,2359,5.0
1569,61,2.5
1569,1677,3.0
1569,2440,1.5
1569,568,2.0
1569,676,4.0
1569,88,3.0
1569,1612,2.5
1569,471,2.5
1569,2238,3.0
1569,1398,3.0
1569,2263,2.5
1569,366,3.0
1570,873,4.0
1570,2268,2.0
1570,1988,4.0
1570,1682,4.0
1570,1506,2.5
1570,774,4.0
1570,456,3.5
1570,1634,3.0
1570,2476,3.5
1570,293,5.0
1570,1777,2.5
1570,839,3.0
1570,1778,3.5
1571,2226,3.0
1571,2482,2.5
1571,946,5.0
1571,199,1.5
1571,1384,4.5
1571,2160,2.5
1571,1061,2.0
1571,1075,3.5
1571,825,4.5
1571,416,5.0
1571,2218,4.0
1571,2471,3.5
1571,1465,4.0
1571,174,4.0
1571,289,3.0
1571,2060,4.5
1571,1667,4.5
1571,80,2.5
1571,2270,3.5
1571,149,3.5
1571,1690,3.5
1571,1151,3.5
1571,1293,4.0
1571,53,2.0
1571,301,5.0
1571,701,3.5
1571,1446,3.0
1571,647,3.5
1572,2443,3.5
1572,2483,4.0
1572,1353,3.0
1572,447,3.0
1572,1666,2.0
1572,2409,2.5
1572,50,3.0
1572,2346,2.5
1572,2389,4.0
1572,1823,2.0
1572,1227,2.0
1572,1487,3.5
1572,1372,3.0
1572,2392,4.5
1572,806,2.5
1572,1486,3.0
1572,1657,3.0
1572,172,4.5
1572,1582,2.5
1572,1796,4.5
1572,1891,3.5
1572,1477,3.5
1572,714,5.0
1572,1997,4.0
1572,2394,2.5
1572,245,3.0
1572,1586,2.0
1572,422,4.5
1572,878,4.5
1573,654,4.5
1573,1795,4.5
1573,1831,4.5
1573,1213,2.0
1573,200,2.0
1573,217,2.5
1573,1991,4.5
1573,1064,4.0
1573,724,1.0
1573,1240,4.5
1573,106,3.5
1573,2367,3.0
1573,2191,5.0
1573,415,4.5
1573,1413,4.0
1573,2064,3.5
1573,1660,4.5
1573,1310,3.5
1573,1284,3.5
1573,763,3.5
1573,1303,3.0
1573,1737,5.0
1573,1856,3.0
1573,2375,3.5
1573,557,4.0
1573,1276,5.0
1574,1880,4.5
1574,1788,4.5
1574,388,3.0
1574,159,2.5
1574,553,3.0
1574,765,4.0
1574,2466,3.0
1574,1261,2.0
1574,1221,3.5
1574,836,3.0
1574,2043,4.0
1574,331,1.5
1574,881,2.0
1574,147,5.0
1574,1737,2.5
1574,438,4.0
1574,1275,3.5
1574,1950,5.0
1574,1781,2.0
1574,276,5.0
1574,1571,1.0
1574,762,3.5
1575,1236,2.0
1575,659,1.5
1575,2347,3.5
1575,1998,1.5
1575,1618,2.5
1575,1265,4.0
1575,1487,3.5
1575,374,4.0
1575,1905,3.5
1575,583,4.0
1575,1155,2.0
1575,940,3.0
1575,1544,3.5
1575,126,2.5
1575,1081,3.5
1575,2156,3.0
1575,1834,2.0
1575,2486,2.5
1575,1024,3.5
1575,543,3.0
1575,1230,3.5
1575,2287,3.5
1575,1330,3.0
1575,1339,2.0
1575,1725,2.0
1575,1477,3.5
1575,1777,3.0
1575,345,4.0
1575,270,3.0
1575,1380,2.0
1576,1043,1.5
1576,146,3.5
1576,1368,3.5
1576,230,3.5
1576,720,4.0
1576,2332,4.5
1576,624,3.5
1576,1188,4.5
1576,1804,5.0
1576,800,4.0
1576,2126,3.5
1576,1313,4.5
1576,1357,4.5
1576,20,3.5
1576,1410,3.5
1576,680,5.0
1576,2314,4.0
1576,2092,3.0
1576,477,3.5
1576,793,3.0
1576,324,3.0
1576,1036,4.5
1577,353,5.0
1577,164,4.0
1577,1668,3.5
1577,706,5.0
1577,993,2.5
1577,1343,3.5
1577,1140,3.5
1577,1146,3.5
1577,1920,3.0
1577,118,5.0
1577,1371,3.0
1577,928,4.0
1577,898,4.0
1577,880,4.0
1577,500,3.0
1577,78,4.0
1577,2003,4.5
1577,170,2.5
1577,819,4.0
1577,652,3.0
1577,826,2.0
1577,1380,4.5
1577,1194,3.5
1577,82,3.5
1577,840,3.0
1577,1677,2.5
1577,1823,3.5
1578,677,4.5
1578,358,1.5
1578,2055,3.0
1578,2306,5.0
1578,1296,3.5
1578,1105,4.5
1578,743,3.0
1578,1561,2.5
1578,2404,5.0
1578,79,3.5
1579,1819,4.0
1579,2063,4.0
1579,1977,4.0
1579,1308,3.0
1579,1946,3.5
1579,1961,3.5
1579,853,3.5
1579,1348,3.0
1579,2413,2.5
1579,1243,3.0
1579,1136,4.0
1579,608,4.0
1579,1367,2.5
1579,2038,2.5
1579,471,4.5
1579,1117,2.5
1579,2480,3.5
1580,323,2.5
1580,9,3.5
1580,702,3.5
1580,1782,2.0
1580,36,2.5
1580,504,3.5
1580,101,2.0
1580,2254,4.5
1580,311,5.0
1580,1752,2.0
1580,2437,3.0
1581,247,4.5
1581,1145,1.5
1581,286,3.5
1581,1086,2.0
1581,1578,2.5
1581,1447,2.5
1581,1649,3.0
1581,2082,3.5
1581,1259,4.5
1581,879,1.0
1581,1617,1.5
1581,828,3.5
1581,402,4.0
1581,1603,2.0
1581,1839,3.0
1581,1490,3.0
1581,274,1.5
1581,1305,3.5
1581,969,3.0
1581,1786,3.5
1581,1359,3.0
1581,1261,4.0
1581,811,4.5
1581,851,3.0
1581,746,3.0
1581,1800,2.0
1581,830,3.0
1582,1098,3.5
1582,1854,1.5
1582,477,4.0
1582,2436,4.5
1582,2175,3.5
1582,1473,3.0
1582,1352,5.0
1582,22,3.0
1582,1194,2.5
1582,1564,4.0
1582,576,4.5
1582,448,3.5
1582,1846,4.0
1582,2014,3.0
1582,1898,3.0
1582,1832,3.5
1582,563,3.0
1582,2438,2.0
1582,511,3.0
1582,1104,3.5
1583,494,3.0
1583,1384,3.5
1583,1435,3.0
1583,1277,2.5
1583,2186,2.5
1583,876,3.5
1583,344,3.5
1583,1933,2.0
1583,197,3.0
1583,2188,3.0
1583,1603,3.5
1583,2103,3.0
1583,2336,4.0
1584,19,2.5
1584,190,4.5
1584,309,3.0
1584,1285,2.5
1584,771,2.5
1584,2407,3.0
1584,973,2.5
1584,1970,3.5
1584,512,4.0
1584,2470,1.0
1584,966,3.0
1584,130,2.0
1584,262,2.5
1584,1908,3.0
1584,317,2.5
1584,861,3.0
1584,1401,1.5
1584,2002,3.0
1584,974,2.5
1584,99,3.5
1584,1947,2.5
1585,2185,3.0
1585,516,4.5
1585,1114,2.5
1585,1418,2.5
1585,531,3.0
1585,2241,2.0
1585,135,4.0
1585,60,2.5
1585,1287,3.5
1585,231,2.5
1585,1913,3.0
1585,1352,3.0
1585,1484,2.5
1585,362,3.0
1585,1768,4.0
1585,2163,2.5
1585,139,2.5
1585,422,3.0
1585,18,3.0
1585,524,2.0
1585,1836,3.0
1585,1695,3.0
1586,1680,3.5
1586,2198,3.5
1586,981,3.0
1586,1543,3.5
1586,51,3.0
1586,2235,2.0
1586,1759,4.0
1586,2033,3.0
1586,1934,4.0
1586,1371,5.0
1586,1492,3.0
1586,434,3.0
1586,1602,2.5
1586,1195,5.0
1586,2366,2.5
1586,2153,3.0
1586,2057,3.0
1586,2018,1.5
1586,1170,2.5
1586,645,2.5
1586,411,2.5
1586,1147,3.5
1586,654,4.0
1586,1114,3.0
1587,796,4.0
1587,1859,5.0
1587,935,3.0
1587,135,4.5
1587,391,2.5
1587,896,3.5
1587,2295,4.0
1587,717,3.5
1587,1590,3.5
1587,217,2.5
1587,2489,4.0
1587,2385,3.0
1587,1479,3.0
1587,1309,3.0
1587,2229,5.0
1587,1415,4.0
1587,2471,3.5
1587,288,4.0
1587,2231,1.5
1587,1421,3.5
1587,1603,3.0
1587,2439,4.5
1587,1696,2.5
1587,2003,2.5
1587,745,3.0
1587,1487,3.5
1587,1233,2.0
1587,1405,2.0
1587,919,4.0
1588,1717,3.5
1588,1262,3.5
1588,1361,3.0
1588,2230,3.5
1588,1025,3.0
1588,547,2.5
1588,2242,3.0
1588,2353,2.5
1588,30,3.0
1588,1153,3.5
1588,1023,2.5
1588,2058,3.5
1588,2259,2.5
1588,1531,3.0
1588,186,2.5
1588,2450,2.0
1589,797,4.5
1589,392,3.0
1589,2001,3.5
1589,842,4.5
1589,2465,3.0
1589,737,2.5
1589,2236,3.5
1589,789,3.5
1589,154,2.5
1589,1675,3.0
1589,2308,1.0
1589,1265,3.0
1589,58,2.0
1589,1372,3.5
1589,1271,2.0
1589,1419,3.5
1589,656,2.0
1589,1554,4.5
1589,1646,4.5
1589,773,3.5
1589,2071,5.0
1589,628,3.5
1589,1427,3.5
1589,2499,2.0
1589,2456,2.5
1589,391,3.5
1589,1024,3.0
1589,735,3.0
1589,32,3.0
1589,2173,2.5
1590,728,3.5
1590,2137,3.0
1590,249,3.5
1590,373,2.0
1590,190,2.0
1590,406,2.5
1590,873,3.0
1590,1683,3.0
1590,29,4.0
1590,2147,4.0
1590,2301,3.5
1590,2124,3.0
1590,1719,3.5
1590,272,4.0
1590,2414,2.5
1590,845,3.5
1590,1424,3.0
1590,2254,3.0
1590,2269,5.0
1590,411,2.0
1590,2372,3.5
1590,2338,3.5
1590,169,3.0
1590,1769,3.5
1590,1364,2.0
1590,514,3.5
1591,1603,3.0
1591,854,2.0
1591,343,3.5
1591,1083,2.5
1591,1530,4.0
1591,1356,2.0
1591,418,4.5
1591,1422,3.0
1591,598,3.5
1591,685,4.0
1591,2445,1.5
1591,614,2.5
1591,939,4.5
1591,1653,4.0
1591,1910,3.0
1591,1732,2.0
1591,217,4.5
1591,1383,3.5
1592,1435,3.0
1592,660,2.0
1592,1914,4.0
1592,2044,4.0
1592,1807,3.5
1592,1454,3.0
1592,408,3.5
1592,2257,4.5
1592,602,3.0
1592,1348,3.5
1592,588,3.0
1592,2170,2.5
1592,2070,4.5
1592,1721,3.5
1592,237,2.5
1592,265,3.5
1592,823,3.0
1592,843,3.0
1592,791,3.0
1592,1364,3.5
1592,958,4.5
1593,2485,4.5
1593,439,5.0
1593,1029,2.0
1593,1789,3.5
1593,1537,4.5
1593,1303,3.0
1593,1923,1.0
1593,2067,4.0
1593,2325,3.0
1593,592,1.5
1593,2289,3.5
1593,228,3.5
1593,1891,5.0
1593,526,3.5
1593,213,2.0
1593,8,5.0
1593,1291,2.0
1593,3,3.0
1593,1847,3.0
1593,2380,2.0
1593,289,2.5
1594,2259,3.5
1594,916,4.5
1594,577,5.0
1594,2095,2.0
1594,240,3.0
1594,1049,4.0
1594,331,4.5
1594,1271,3.0
1594,2232,2.0
1594,471,3.0
1594,998,2.0
1594,570,3.5
1594,26,4.0
1594,1721,4.5
1594,2140,4.0
1594,131,3.0
1594,2063,3.0
1594,2471,3.0
1594,1729,4.0
1594,914,2.5
1594,411,3.0
1594,1800,2.0
1595,604,3.5
1595,110,3.5
1595,1318,3.5
1595,208,2.5
1595,1410,3.5
1595,46,3.5
1595,1135,2.5
1595,972,5.0
1595,2319,4.0
1595,1339,3.5
1595,2360,4.5
1595,781,3.0
1595,799,3.0
1595,161,4.5
1595,417,3.0
1595,2255,2.0
1595,1478,2.5
1595,308,3.0
1595,1593,3.5
1595,2311,3.0
1595,1906,3.5
1595,442,2.5
1595,342,3.0
1595,955,4.5
1595,1699,4.0
1595,457,5.0
1596,835,3.0
1596,74,3.5
1596,1454,3.5
1596,1777,4.5
1596,1272,3.0
1596,1828,3.0
1596,2149,2.0
1596,1606,3.0
1596,1199,4.5
1596,2112,3.5
1596,523,2.0
1596,1868,3.5
1596,1610,2.5
1596,620,1.5
1596,1148,4.0
1596,2378,3.0
1596,1930,3.0
1596,715,3.0
1596,1164,3.5
1596,1571,3.0
1596,360,4.5
1596,2048,3.0
1596,348,2.0
1596,836,2.5
1596,1579,3.5
1596,1342,4.5
1596,1253,2.0
1596,1039,3.0
1596,420,3.5
1597,467,3.0
1597,2165,3.5
1597,608,3.5
1597,2208,4.5
1597,360,4.0
1597,2195,5.0
1597,800,2.0
1597,1489,3.0
1597,769,2.5
1597,2383,4.0
1597,317,4.0
1597,463,4.0
1597,618,4.5
1597,957,3.5
1597,2414,3.0
1597,2443,4.5
1597,2158,4.5
1597,194,3.0
1597,789,3.0
1597,536,3.0
1597,110,4.5
1597,1230,3.5
1597,2138,2.5
1597,500,2.5
1598,2453,3.0
1598,1228,2.5
1598,2209,2.5
1598,2249,2.5
1598,196,3.0
1598,1722,2.0
1598,1160,4.0
1598,2068,3.5
1598,61,3.5
1598,1535,4.0
1598,1896,2.5
1598,1557,3.0
1598,2163,2.5
1598,2316,2.0
1598,1816,3.5
1598,339,3.0
1598,488,2.5
1598,1436,3.0
1598,852,2.0
1598,349,3.0
1598,807,2.5
1598,293,3.5
1598,908,2.5
1598,888,3.0
1598,1530,3.0
1599,713,3.5
1599,1452,3.0
1599,858,3.5
1599,318,2.5
1599,368,4.0
1599,1736,5.0
1599,1587,4.5
1599,2192,2.5
1599,838,2.0
1599,1427,1.0
1599,849,3.0
1599,2045,2.0
1599,1555,3.0
1599,546,3.0
1599,1119,5.0
1599,909,3.0
1599,775,3.5
1599,988,2.0
1599,601,3.5
1599,1844,3.0
1599,652,3.0
1599,2438,4.0
1599,1012,4.5
1599,940,3.5
1599,87,3.0
1599,1317,2.0
1599,1356,3.0
1599,1923,2.5
1600,2010,4.5
1600,1490,4.5
1600,285,2.5
1600,1459,2.0
1600,1778,3.0
1600,1269,3.0
1600,1204,3.0
1600,1484,5.0
1600,769,3.0
1600,924,5.0
1600,1451,3.0
1600,2134,4.5
1600,1090,2.5
1600,1337,5.0
1600,235,4.5
1600,1878,4.0
1600,1791,3.0
1600,145,2.5
1600,395,2.5
1600,1298,4.0
1600,670,3.0
1600,1827,5.0
1600,2075,2.0
1600,1769,4.0
1600,1200,3.5
1600,439,2.0
1601,1922,4.5
1601,614,3.0
1601,1754,2.5
1601,1675,3.5
1601,2138,3.5
1601,116,4.0
1601,974,4.0
1601,2240,3.0
1601,653,3.0
1601,1544,2.0
1601,718,5.0
1601,25,3.5
1601,159,3.0
1601,2246,4.0
1601,938,4.0
1601,2393,5.0
1601,2099,3.0
1601,13,3.5
1601,2036,2.5
1601,1271,3.0
1601,1484,3.5
1601,1851,3.5
1602,725,3.5
1602,83,4.5
1602,1833,3.5
1602,1857,3.5
1602,645,3.5
1602,325,3.0
1602,1266,3.5
1602,1594,2.5
1602,825,5.0
1602,1618,3.0
1602,451,3.0
1602,457,4.5
1602,1955,3.0
1602,1404,2.5
1602,1295,4.5
1602,2476,3.0
1602,641,4.0
1602,1244,3.5
1602,1415,2.5
1602,1259,3.0
1602,1152,4.0
1603,1570,2.5
1603,607,5.0
1603,2037,4.0
1603,1785,4.0
1603,324,3.5
1603,1580,2.5
1603,426,3.5
1603,1828,5.0
1603,2229,3.5
1603,1178,3.0
1603,1013,3.0
1603,981,5.0
1603,847,4.5
1603,2452,4.0
1603,970,4.5
1603,1096,3.0
1603,837,4.0
1603,472,2.5
1603,1658,2.5
1603,17,3.0
1603,92,3.5
1603,1503,2.5
1603,1515,3.5
1604,59,4.5
1604,39,3.5
1604,345,3.0
1604,1297,2.5
1604,1666,2.0
1604,1919,2.0
1604,1580,2.5
1604,84,3.0
1604,2119,3.5
1604,2462,3.0
1604,1869,4.0
1604,531,3.0
1604,886,3.5
1605,2404,3.0
1605,1375,2.0
1605,1910,3.5
1605,48,1.0
1605,217,3.5
1605,149,4.0
1605,1992,3.0
1605,426,5.0
1605,1481,3.0
1605,1088,4.5
1605,1022,3.0
1605,293,4.0
1605,2047,4.0
1605,1388,3.0
1605,858,3.0
1605,1735,3.5
1605,1171,3.0
1605,123,3.0
1605,1708,3.0
1605,95,3.5
1605,1929,2.0
1605,778,5.0
1606,249,4.5
1606,2070,2.5
1606,52,2.5
1606,602,3.0
1606,2275,3.0
1606,91,3.5
1606,120,3.5
1606,2083,4.5
1606,1800,4.0
1606,1223,4.0
1606,229,3.5
1606,1336,2.0
1606,2097,4.0
1606,1644,2.5
1606,1133,3.0
1606,2468,1.5
1606,2467,3.5
1607,2350,2.0
1607,2035,2.5
1607,2377,2.5
1607,2251,3.0
1607,203,3.5
1607,995,3.5
1607,2027,3.0
1607,421,3.0
1607,2052,3.5
1607,2404,2.5
1607,179,2.5
1607,2387,3.0
1608,865,3.5
1608,1552,1.5
1608,1609,4.5
1608,1508,3.0
1608,130,4.0
1608,805,1.5
1608,2323,2.0
1608,2238,2.5
1608,457,3.0
1608,2200,2.5
1608,2117,3.0
1608,1028,4.0
1608,2216,5.0
1608,1183,3.5
1608,960,2.0
1609,2286,2.0
1609,260,2.5
1609,2317,4.0
1609,960,3.0
1609,192,2.0
1609,762,3.0
1609,482,2.0
1609,1789,3.5
1609,2441,2.5
1609,909,2.0
1609,2179,3.0
1609,1375,4.0
1609,935,2.5
1609,719,4.5
1609,2025,4.0
1609,23,4.0
1609,1473,4.0
1609,959,3.5
1609,1699,3.5
1609,2122,3.0
1609,775,4.0
1610,2361,1.0
1610,403,3.0
1610,1291,2.5
1610,1271,3.0
1610,244,2.5
1610,815,2.0
1610,2276,4.0
1610,729,4.0
1610,1310,3.5
1610,965,3.0
1610,1902,4.5
1610,1580,3.0
1611,48,3.5
1611,218,3.0
1611,1171,4.5
1611,1010,1.5
1611,842,2.5
1611,1983,3.0
1611,1590,4.5
1611,2300,3.5
1611,2215,1.5
1611,373,3.5
1611,1676,2.5
1611,2125,3.5
1611,1034,3.0
1611,65,4.5
1611,544,2.0
1611,2488,2.0
1611,1842,4.5
1611,44,4.0
1611,1641,4.0
1611,2357,4.0
1611,1004,4.5
1611,1793,4.5
1611,1205,3.0
1611,385,2.5
1611,47,4.0
1611,2392,4.5
1611,69,4.0
1612,1739,3.5
1612,892,4.5
1612,2058,5.0
1612,2461,4.0
1612,1898,3.0
1612,394,3.5
1612,2151,3.0
1612,643,3.0
1612,1456,2.0
1612,574,4.0
1612,2483,4.0
1612,85,5.0
1612,1463,5.0
1612,824,4.0
1612,2385,4.0
1612,203,3.5
1612,2290,5.0
1612,2175,3.5
1612,2170,4.0
1613,6,3.0
1613,1874,3.0
1613,970,3.0
1613,1663,3.5
1613,114,3.0
1613,2219,3.5
1613,688,5.0
1613,1508,2.5
1613,1585,3.0
1613,2286,3.0
1613,2365,3.0
1613,2238,4.0
1613,1363,4.5
1613,802,2.0
1613,1744,3.5
1613,1753,2.5
1613,967,3.0
1613,2141,3.5
1613,1905,2.5
1613,1722,3.0
1613,2319,4.5
1613,305,3.0
1613,1815,3.0
1613,1273,3.0
1613,2143,2.5
1613,1281,2.5
1613,2124,3.0
1613,2303,2.0
1614,1848,3.5
1614,2354,4.5
1614,2065,2.0
1614,488,3.5
1614,862,4.5
1614,2448,4.0
1614,347,5.0
1614,2430,4.0
1614,572,2.0
1614,452,2.0
1614,1331,4.0
1614,547,4.0
1614,1924,4.5
1614,695,3.0
1614,1220,3.5
1614,1843,3.0
1614,460,4.0
1614,1374,4.5
1615,56,4.0
1615,255,3.0
1615,1113,3.0
1615,2390,3.5
1615,1212,3.5
1615,996,3.0
1615,2076,2.5
1615,1303,5.0
1615,1101,5.0
1615,247,4.0
1615,1964,2.0
1615,159,4.5
1615,903,3.5
1615,548,2.5
1615,2302,4.5
1615,546,4.0
1615,1411,4.0
1615,1033,4.0
1615,1832,1.5
1615,2283,1.5
1615,2256,2.5
1615,2408,2.5
1615,1615,2.5
1616,963,3.5
1616,2255,5.0
1616,1641,4.0
1616,617,3.5
1616,1979,2.0
1616,487,3.5
1616,1710,4.0
1616,841,2.5
1616,204,3.0
1616,117,3.0
1616,1677,4.0
1616,2278,2.0
1616,1643,4.0
1616,125,1.5
1616,993,4.5
1616,1366,4.0
1616,717,4.5
1616,607,3.5
1616,770,3.5
1616,2040,2.5
1616,1857,2.5
1617,699,2.5
1617,993,2.0
1617,1709,3.0
1617,2469,3.0
1617,1118,2.0
1617,341,4.5
1617,167,4.5
1617,2371,2.0
1617,1030,4.5
1617,1344,4.0
1617,982,2.5
1617,906,2.0
1617,2326,2.0
1617,1681,4.5
1617,1512,4.5
1617,696,3.0
1617,2085,4.5
1617,2147,3.0
1617,1577,5.0
1618,41,3.5
1618,2391,3.5
1618,530,3.0
1618,669,4.5
1618,379,3.5
1618,593,2.5
1618,60,3.0
1618,1886,3.5
1618,672,4.5
1618,1232,3.5
1618,335,3.5
1618,264,2.5
1619,2100,3.5
1619,1254,2.5
1619,1483,3.5
1619,2394,4.5
1619,2263,5.0
1619,1449,2.5
1619,1244,2.5
1619,1708,3.5
1619,1538,2.0
1619,1158,3.5
1619,1872,3.5
1619,2426,3.0
1619,2377,2.0
1620,231,3.0
1620,260,1.0
1620,1191,2.0
1620,2248,5.0
1620,1545,3.0
1620,1738,3.5
1620,1813,3.0
1620,1353,2.0
1620,1018,3.5
1620,739,3.5
1620,2098,2.5
1620,227,2.5
1620,1805,2.0
1620,2144,3.0
1620,1156,2.5
1621,1584,4.0
1621,567,4.0
1621,1138,5.0
1621,777,4.0
1621,1134,2.5
1621,1047,2.0
1621,479,4.5
1621,206,3.5
1621,226,2.5
1621,1345,2.5
1621,265,2.5
1621,61,3.5
1621,1310,1.5
1621,2085,3.5
1621,360,3.5
1621,1845,5.0
1621,2220,4.0
1622,2072,3.0
1622,132,2.0
1622,747,2.5
1622,2455,3.0
1622,1368,3.0
1622,456,3.5
1622,2318,2.5
1622,786,1.5
1622,347,4.0
1622,513,4.5
1622,324,3.5
1622,1050,2.5
1623,490,4.5
1623,887,3.0
1623,313,1.5
1623,750,3.0
1623,1628,4.0
1623,1227,2.5
1623,398,3.0
1623,688,2.5
1623,1388,4.0
1623,2151,2.5
1623,51,4.0
1623,2378,2.0
1623,1461,3.0
1623,1641,4.0
1623,2296,2.5
1623,1004,1.5
1623,1229,1.5
1623,1652,2.5
1623,2245,5.0
1623,505,3.0
1623,453,2.5
1623,635,2.5
1623,1719,2.5
1623,1562,2.5
1623,2242,4.0
1623,276,3.0
1623,1064,3.0
1623,2241,5.0
1624,177,3.0
1624,1146,4.5
1624,369,4.5
1624,2158,5.0
1624,1900,3.0
1624,807,3.0
1624,788,4.5
1624,2100,3.5
1624,184,2.5
1624,2381,2.0
1624,1376,2.5
1624,681,3.0
1624,1700,3.5
1624,1637,4.0
1624,503,4.5
1624,2155,2.5
1624,1136,4.0
1624,2466,2.0
1624,1806,2.0
1624,1978,3.0
1624,444,4.5
1624,1311,2.0
1624,1338,3.5
1624,1034,4.0
1624,1675,2.5
1624,1720,3.0
1625,2131,2.5
1625,1343,4.0
1625,414,3.5
1625,337,2.5
1625,1907,3.0
1625,906,2.5
1625,1985,2.0
1625,1154,5.0
1625,1241,3.5
1625,852,4.0
1625,327,3.5
1625,2184,4.0
1625,1700,2.0
1625,249,3.0
1625,267,2.0
1625,2337,2.5
1625,234,4.5
1625,777,3.0
1625,2151,4.5
1625,1075,3.5
1625,252,2.0
1625,1955,2.0
1625,1734,3.5
1625,729,2.5
1625,1149,2.5
1626,1777,2.5
1626,1314,1.0
1626,1031,4.0
1626,1368,2.0
1626,965,3.0
1626,1878,4.5
1626,641,2.5
1626,1098,4.0
1626,2159,4.5
1626,1072,5.0
1626,2128,1.5
1626,1833,4.0
1626,1734,1.5
1626,764,3.0
1626,1442,3.0
1626,288,4.0
1626,2232,4.5
1626,2310,3.5
1626,340,3.0
1626,1697,4.0
1626,1048,4.0
1626,1929,2.5
1626,2328,3.0
1626,363,3.5
1627,2070,3.0
1627,2492,2.5
1627,1886,3.0
1627,1839,2.0
1627,1242,2.5
1627,899,3.0
1627,2404,3.5
1627,1697,3.0
1627,2188,3.5
1627,18,3.0
1627,513,3.5
1627,1289,3.5
1628,1836,4.0
1628,956,4.5
1628,660,1.5
1628,721,4.5
1628,17,3.5
1628,2383,3.5
1628,1833,2.5
1628,329,4.5
1628,37,5.0
1628,1146,3.5
1628,100,4.5
1628,2272,3.0
1628,229,3.5
1628,1910,2.5
1628,2310,5.0
1628,1601,3.0
1628,962,3.0
1628,2394,5.0
1628,1049,2.5
1628,553,3.5
1628,2130,2.5
1628,32,3.5
1628,1624,3.5
1628,1396,3.5
1628,365,2.0
1628,1120,4.5
1628,1118,3.0
1629,34,2.0
1629,349,3.0
1629,1050,1.5
1629,2384,1.0
1629,2333,3.0
1629,858,3.5
1629,2036,3.0
1629,71,2.5
1629,1057,3.0
1629,1105,2.5
1629,529,1.0
1629,1289,3.0
1629,2444,3.5
1629,1520,3.5
1629,912,2.0
1629,2012,4.5
1629,480,4.0
1629,681,3.5
1629,211,2.0
1629,5,3.5
1629,1918,4.5
1629,720,4.5
1629,372,3.0
1629,519,4.5
1629,393,3.0
1629,362,3.0
1629,1810,4.0
1629,2490,1.5
1629,484,2.5
1629,1653,3.0
1630,278,2.5
1630,2108,3.5
1630,74,4.5
1630,828,3.5
1630,1780,3.5
1630,1119,3.0
1630,153,2.5
1630,1840,2.5
1630,1999,4.0
1630,1980,1.0
1630,1137,4.0
1630,1534,4.5
1630,296,3.5
1630,2279,3.5
1630,1454,3.5
1630,831,3.5
1630,2133,4.0
1630,1029,4.5
1630,130,2.0
1630,1567,2.5
1630,1159,3.0
1630,1461,3.0
1630,1698,5.0
1630,395,3.5
1630,1004,3.0
1630,2037,2.5
1631,2095,3.0
1631,1773,3.0
1631,663,3.0
1631,664,3.0
1631,2129,3.5
1631,923,3.5
1631,1969,2.5
1631,327,3.0
1631,1546,2.5
1631,743,1.5
1631,2387,2.0
1631,400,2.5
1631,539,4.0
1631,1578,4.0
1631,1471,3.5
1631,48,3.0
1631,989,2.5
1631,151,3.0
1631,1012,3.0
1631,2121,3.5
1631,1805,3.0
1631,416,5.0
1631,292,5.0
1631,1475,4.0
1631,978,4.0
1631,2265,2.5
1631,187,3.5
1631,141,5.0
1632,97,1.5
1632,1543,4.0
1632,547,4.5
1632,768,3.0
1632,2388,1.0
1632,1117,4.0
1632,1397,2.0
1632,1794,2.5
1632,955,2.5
1632,284,2.0
1632,528,5.0
1632,1697,5.0
1632,1564,2.0
1632,237,4.5
1632,2332,2.0
1632,225,2.5
1633,706,3.5
1633,1399,2.5
1633,1119,3.0
1633,2272,2.0
1633,2499,1.0
1633,1936,3.5
1633,1651,2.5
1633,437,2.0
1633,94,4.5
1633,1783,2.5
1633,1863,2.5
1633,1454,3.0
1633,901,4.0
1633,226,4.0
1633,1238,3.0
1633,1031,3.5
1634,268,5.0
1634,1427,5.0
1634,2195,5.0
1634,337,3.5
1634,412,5.0
1634,847,3.5
1634,722,2.5
1634,619,2.5
1634,1971,4.5
1634,1816,3.5
1634,1604,3.0
1635,1649,3.5
1635,2488,5.0
1635,758,3.0
1635,639,2.0
1635,592,2.5
1635,1991,1.0
1635,62,3.5
1635,1306,2.0
1635,227,3.0
1635,1539,3.5
1635,2294,3.0
1636,1804,3.5
1636,2421,4.0
1636,106,2.5
1636,417,3.5
1636,624,2.5
1636,1035,2.5
1636,1860,2.5
1636,637,3.0
1636,1295,2.5
1636,263,2.0
1636,2113,3.0
1636,1320,3.0
1636,1404,2.5
1636,2330,2.5
1636,902,3.5
1636,2092,3.0
1637,2104,3.0
1637,1876,4.5
1637,601,3.0
1637,1051,4.0
1637,1885,2.5
1637,1716,3.0
1637,1889,2.0
1637,221,2.0
1637,1689,4.0
1637,1618,5.0
1637,820,1.5
1637,2012,1.5
1637,845,4.5
1637,1140,3.5
1637,778,2.5
1638,1617,4.5
1638,1040,4.5
1638,127,1.5
1638,1631,3.5
1638,689,2.0
1638,346,3.0
1638,1619,4.0
1638,1284,3.5
1638,1328,5.0
1638,1663,3.5
1638,1582,2.0
1638,69,3.5
1638,785,3.5
1638,9,2.5
1638,1719,3.5
1639,1838,3.5
1639,1626,3.5
1639,194,3.5
1639,1915,3.5
1639,2301,1.5
1639,208,2.5
1639,1774,3.0
1639,2155,2.0
1639,1310,3.0
1639,1498,2.5
1639,1017,3.0
1639,2231,4.0
1640,1954,2.5
1640,487,4.5
1640,831,2.5
1640,2264,2.0
1640,226,3.5
1640,929,3.5
1640,1427,1.5
1640,870,3.5
1640,2110,2.5
1640,905,2.5
1640,319,3.0
1640,492,2.0
1640,820,2.0
1640,377,3.5
1640,154,2.5
1640,375,3.0
1640,1263,4.0
1640,953,2.5
1640,602,2.5
1641,1245,3.5
1641,1911,3.5
1641,1773,3.5
1641,2098,4.0
1641,300,4.0
1641,2057,3.0
1641,1812,2.5
1641,1894,2.5
1641,435,4.0
1641,1595,3.5
1642,1280,2.5
1642,473,3.0
1642,2445,3.0
1642,1708,5.0
1642,697,2.5
1642,1133,3.5
1642,643,5.0
1642,1712,2.0
1642,2139,3.0
1642,1508,3.0
1642,416,2.5
1642,2189,2.5
1642,1200,4.5
1642,2083,4.0
1642,231,3.0
1642,340,3.0
1642,498,3.0
1642,590,2.5
1643,404,3.5
1643,1113,3.5
1643,1254,2.0
1643,62,3.0
1643,812,3.0
1643,87,3.5
1643,1951,4.5
1643,540,3.0
1643,1362,4.5
1643,2288,4.0
1643,1710,3.5
1643,488,4.0
1643,362,2.5
1643,320,2.0
1643,636,2.5
1643,420,2.0
1643,617,4.0
1643,599,5.0
1644,2098,4.5
1644,1081,3.0
1644,1016,4.0
1644,1035,3.0
1644,2386,2.0
1644,2304,2.0
1644,793,2.5
1644,1560,3.0
1644,34,3.0
1644,125,3.0
1644,2498,4.5
1644,1902,3.0
1644,2075,3.5
1645,494,3.5
1645,1712,4.5
1645,923,5.0
1645,1763,3.0
1645,2393,4.5
1645,2465,2.5
1645,2458,2.5
1645,1390,2.0
1645,425,2.0
1645,6,3.5
1645,378,4.0
1645,147,2.5
1645,1341,3.0
1645,194,4.5
1645,617,2.5
1645,231,4.0
1645,1992,5.0
1645,1557,2.0
1645,1587,4.0
1645,655,2.5
1646,1969,2.5
1646,608,3.0
1646,1986,4.0
1646,1512,2.0
1646,2142,3.5
1646,1887,3.0
1646,603,4.5
1646,2218,3.0
1646,2497,4.5
1646,274,3.5
1647,1236,3.0
1647,1381,3.0
1647,436,3.0
1647,1949,3.5
1647,1114,5.0
1647,805,2.5
1647,2470,3.0
1647,106,3.5
1647,2203,3.5
1647,1397,2.0
1647,1192,1.5
1648,2077,3.5
1648,460,5.0
1648,2362,5.0
1648,1038,4.0
1648,2180,5.0
1648,351,1.0
1648,240,3.5
1648,570,3.5
1648,1663,2.5
1648,2277,3.5
1648,1910,3.5
1649,557,3.5
1649,1921,3.5
1649,2067,5.0
1649,1367,2.0
1649,874,3.5
1649,1489,4.0
1649,488,4.5
1649,71,3.0
1649,1400,3.5
1649,1252,4.5
1649,1100,2.5
1649,1992,4.5
1649,1343,3.5
1649,1941,3.5
1650,417,2.0
1650,188,5.0
1650,686,3.5
1650,2155,2.5
1650,1033,1.0
1650,1023,3.5
1650,1231,2.0
1650,2451,4.0
1650,208,3.0
1650,520,3.5
1650,2137,3.5
1650,1167,3.5
1650,378,4.0
1650,470,3.5
1650,951,3.0
1650,115,3.5
1650,1164,3.5
1650,1599,2.0
1650,706,4.0
1650,1873,2.0
1650,1686,3.0
1650,1556,3.5
1650,1674,3.0
1650,1830,2.5
1650,456,3.0
1650,960,4.0
1650,519,2.5
1650,228,1.5
1650,458,3.5
1651,56,3.0
1651,1256,2.5
1651,68,3.0
1651,2164,3.0
1651,1885,2.0
1651,1420,3.0
1651,836,4.0
1651,1985,2.0
1651,90,3.0
1651,1118,5.0
1651,1335,2.5
1651,1329,2.5
1651,161,4.0
1651,1737,3.0
1651,1951,3.0
1651,88,3.5
1651,1518,3.5
1651,824,2.5
1651,1277,3.0
1651,295,2.0
1651,1349,2.0
1651,2451,4.0
1651,53,5.0
1651,1031,1.5
1651,2080,2.5
1652,1609,2.5
1652,515,4.0
1652,1819,2.5
1652,1687,2.5
1652,545,2.5
1652,982,4.0
1652,8,3.5
1652,1015,4.5
1652,46,2.5
1652,365,3.0
1652,1354,2.5
1652,546,1.5
1652,2347,4.5
1652,1097,4.0
1652,564,2.0
1652,2280,4.0
1652,2409,2.5
1652,381,3.5
1652,2089,4.0
1653,348,2.5
1653,1568,3.5
1653,1429,2.0
1653,1721,2.5
1653,130,2.0
1653,972,3.5
1653,483,4.0
1653,759,3.5
1653,1074,4.0
1653,2401,4.5
1653,2349,4.0
1653,1514,4.0
1653,1053,2.0
1653,1687,5.0
1653,855,3.0
1653,1727,3.5
1653,1838,3.0
1653,982,3.0
1653,1330,3.5
1653,1028,3.5
1653,1143,2.0
1653,2340,2.5
1653,281,3.0
1653,1885,4.0
1653,2162,3.0
1654,2052,3.5
1654,47,3.5
1654,1496,3.5
1654,701,3.0
1654,1135,2.5
1654,1707,2.5
1654,720,2.0
1654,1783,3.0
1654,847,4.0
1654,449,4.5
1654,75,3.5
1654,839,4.0
1655,1763,3.0
1655,4,3.0
1655,1929,3.0
1655,1742,3.5
1655,1700,3.5
1655,19,4.0
1655,1111,3.0
1655,54,4.0
1655,778,4.0
1655,1841,5.0
1655,70,4.5
1655,1377,3.5
1655,1511,4.5
1655,2418,3.0
1656,1995,3.0
1656,1274,3.5
1656,411,3.0
1656,2158,2.5
1656,1548,1.0
1656,209,3.5
1656,1217,1.5
1656,1015,5.0
1656,637,3.0
1656,1062,3.0
1656,2025,2.5
1656,142,3.0
1656,1566,2.0
1656,1877,2.5
1656,1495,3.5
1656,532,4.5
1656,1196,3.0
1656,1420,2.0
1656,1105,4.5
1656,1145,4.5
1656,1045,5.0
1656,279,2.5
1656,765,5.0
1657,2226,4.0
1657,329,3.0
1657,1961,2.0
1657,551,4.0
1657,609,2.0
1657,933,3.0
1657,2296,2.5
1657,2468,4.5
1657,395,3.5
1657,1322,4.0
1657,782,2.5
1657,1454,4.0
1657,90,2.0
1657,1979,1.5
1658,627,4.0
1658,561,3.0
1658,978,3.5
1658,2370,3.5
1658,1359,2.5
1658,1033,2.5
1658,636,4.0
1658,855,2.0
1658,324,3.0
1658,1637,2.5
1658,1761,3.5
1658,1091,2.5
1658,639,4.0
1658,215,2.0
1658,864,3.0
1658,89,2.5
1658,746,2.5
1658,988,4.0
1658,2139,5.0
1658,756,5.0
1658,686,2.5
1659,1331,3.0
1659,1900,1.5
1659,723,5.0
1659,991,2.5
1659,1960,3.0
1659,176,4.5
1659,2389,1.5
1659,1625,3.0
1659,950,2.5
1659,2054,2.5
1659,791,4.0
1659,1353,3.5
1659,995,3.5
1659,1417,4.0
1659,1422,1.0
1659,2293,3.5
1659,1835,3.5
1659,442,4.0
1659,970,3.0
1659,383,3.5
1659,477,1.5
1659,2280,4.0
1659,1564,2.0
1659,224,4.5
1659,765,4.5
1659,564,3.5
1660,1217,1.5
1660,87,2.0
1660,2238,3.0
1660,2276,3.5
1660,1384,2.5
1660,504,2.5
1660,918,3.5
1660,2437,3.0
1660,995,4.0
1660,1762,1.0
1660,2394,4.5
1660,1361,3.5
1660,1634,3.0
1660,543,1.5
1660,833,2.5
1660,1137,4.0
1660,1736,3.0
1661,1751,4.0
1661,2029,4.0
1661,1291,2.5
1661,1965,4.5
1661,401,5.0
1661,1052,3.0
1661,970,2.0
1661,827,3.5
1661,2485,2.5
1661,1802,4.0
1661,1315,4.0
1661,390,3.5
1661,748,3.0
1661,1564,4.0
1661,476,3.0
1661,2249,3.0
1661,2059,3.5
1661,1262,2.5
1661,1652,3.5
1661,1953,4.0
1661,1735,2.5
1661,257,5.0
1662,793,4.5
1662,406,4.5
1662,2270,3.5
1662,1242,2.0
1662,1734,4.5
1662,1354,3.0
1662,2221,3.5
1662,1776,3.5
1662,48,4.0
1662,1330,4.0
1662,341,2.5
1663,506,1.0
1663,607,4.5
1663,1171,3.0
1663,1698,4.0
1663,84,4.0
1663,497,4.5
1663,368,1.0
1663,1872,3.5
1663,690,3.5
1663,1062,3.0
1663,380,2.5
1663,1106,4.0
1663,1186,4.0
1663,1354,4.0
1663,1940,2.0
1663,893,4.0
1663,1890,3.5
1663,2294,2.5
1663,1575,4.0
1663,1014,2.5
1663,341,3.0
1663,62,4.5
1663,2171,3.5
1664,1321,5.0
1664,433,4.0
1664,1670,3.5
1664,150,3.5
1664,825,2.5
1664,515,3.5
1664,1456,3.0
1664,938,2.0
1664,165,4.0
1664,2317,4.0
1664,443,2.0
1664,525,3.5
1664,1273,5.0
1664,1901,4.0
1664,108,3.5
1664,1765,4.0
1664,1202,2.5
1664,456,5.0
1664,2202,4.5
1664,241,2.0
1664,2019,2.5
1664,2164,4.0
1664,2063,3.5
1664,2413,3.5
1664,910,2.0
1664,869,2.0
1664,2228,2.5
1664,1341,1.5
1664,2186,3.0
1665,277,3.5
1665,278,2.5
1665,1092,2.0
1665,1886,2.5
1665,108,3.0
1665,1650,3.0
1665,774,3.0
1665,2197,3.5
1665,1520,3.0
1665,1695,4.0
1665,1064,3.0
1665,2103,3.5
1665,1048,3.0
1665,1042,4.5
1665,1835,2.5
1665,1622,1.5
1665,2398,3.0
1665,1465,4.0
1665,1491,3.0
1665,618,1.0
1665,2407,3.5
1665,21,2.0
1665,2196,3.5
1665,1039,3.5
1665,1635,3.5
1665,230,3.0
1665,2002,3.0
1665,1018,2.5
1665,8,3.5
1665,1823,2.5
1666,342,3.0
1666,824,4.0
1666,1832,3.0
1666,1559,3.5
1666,1866,3.0
1666,1751,3.0
1666,841,3.0
1666,2040,3.0
1666,1258,3.0
1666,413,5.0
1666,1595,3.0
1666,869,3.0
1666,953,1.5
1666,1376,5.0
1667,137,4.5
1667,1121,5.0
1667,1036,2.5
1667,1583,2.5
1667,1541,3.5
1667,1492,3.0
1667,862,2.0
1667,182,2.0
1667,2121,3.0
1667,1830,3.0
1667,1184,3.5
1667,1997,3.0
1667,2321,3.5
1668,219,2.0
1668,333,3.0
1668,134,4.0
1668,1775,3.5
1668,251,3.5
1668,2477,2.5
1668,1396,4.5
1668,2072,2.5
1668,1606,3.5
1668,1212,3.5
1668,816,3.0
1668,510,3.5
1668,752,4.0
1668,1320,3.0
1668,1274,3.5
1669,1070,3.5
1669,2149,4.0
1669,1199,4.0
1669,1283,4.0
1669,259,4.5
1669,480,4.0
1669,1569,3.0
1669,668,2.0
1669,49,4.0
1669,504,3.0
1669,1849,5.0
1669,335,4.0
1669,2138,2.5
1669,944,5.0
1669,248,2.5
1669,2443,3.0
1669,1300,2.0
1669,174,3.0
1669,2422,4.0
1669,1568,2.5
1669,1987,3.0
1669,1393,3.0
1669,2246,3.5
1669,1838,2.0
1669,1604,3.0
1669,2316,1.5
1670,1612,3.0
1670,2451,3.0
1670,287,1.0
1670,2242,3.0
1670,1487,3.0
1670,1574,3.5
1670,1838,4.0
1670,444,4.0
1670,141,2.0
1670,1595,1.5
1671,2412,3.5
1671,209,4.5
1671,820,3.0
1671,1198,3.0
1671,1759,3.0
1671,1629,3.5
1671,1683,4.0
1671,1618,2.0
1671,172,3.5
1671,1891,2.0
1671,1312,3.0
1671,678,3.0
1671,1441,3.5
1671,2465,3.0
1672,2421,3.0
1672,622,2.0
1672,2351,3.0
1672,1166,2.0
1672,180,2.0
1672,1041,3.0
1672,2082,2.0
1672,697,4.5
1672,2451,3.5
1672,1282,3.0
1672,1555,2.5
1672,17,3.5
1672,2482,2.0
1673,179,2.0
1673,2036,3.0
1673,1048,3.0
1673,1801,3.5
1673,882,3.0
1673,1558,1.5
1673,1979,3.5
1673,369,3.5
1673,1077,2.0
1673,2499,4.5
1673,314,3.5
1673,690,3.0
1673,1799,3.5
1673,1221,2.5
1673,1603,3.0
1673,2486,3.0
1673,528,3.5
1673,392,4.5
1673,2025,3.5
1673,570,3.5
1673,306,3.0
1673,517,4.0
1673,33,3.5
1674,1983,3.5
1674,1692,4.0
1674,2290,3.0
1674,1050,3.5
1674,2167,1.0
1674,498,2.5
1674,401,2.0
1674,1275,4.5
1674,2300,4.5
1674,2396,4.5
1674,747,3.5
1674,1013,3.5
1674,2109,5.0
1674,1318,4.0
1674,882,5.0
1674,1260,3.5
1674,164,3.5
1674,1895,3.5
1674,849,2.5
1674,1244,3.5
1674,1039,5.0
1674,869,4.5
1674,1334,2.5
1674,786,4.5
1675,2035,4.5
1675,524,3.5
1675,63,2.0
1675,573,2.5
1675,545,2.5
1675,755,4.0
1675,283,2.0
1675,359,4.0
1675,1951,3.0
1675,2065,4.0
1675,537,3.0
1675,1385,2.0
1675,132,3.5
1675,268,3.5
1676,1975,4.0
1676,714,3.5
1676,1078,3.5
1676,651,3.5
1676,792,4.0
1676,1709,2.5
1676,293,3.0
1676,361,4.0
1676,1883,3.0
1676,621,3.0
1676,2333,4.0
1676,299,3.5
1676,610,2.5
1676,920,3.5
1676,1349,2.0
1676,734,3.5
1676,2199,3.5
1676,923,3.5
1676,286,3.0
1676,2263,4.5
1676,154,3.5
1676,218,3.0
1676,1530,3.0
1677,1399,5.0
1677,1767,4.5
1677,2306,3.0
1677,1091,5.0
1677,1978,3.0
1677,1576,5.0
1677,2150,3.5
1677,1240,4.0
1677,461,4.0
1677,2245,3.0
1677,634,3.0
1677,2133,5.0
1677,413,3.0
1677,979,4.5
1677,906,2.5
1677,1782,2.0
1677,1731,4.5
1678,837,2.0
1678,859,4.0
1678,1558,3.5
1678,2430,2.5
1678,1164,4.5
1678,188,4.0
1678,1902,3.5
1678,2496,3.5
1678,146,3.0
1678,1672,3.5
1678,2248,4.0
1678,1001,4.0
1678,1043,1.5
1678,1635,4.5
1678,1616,3.0
1678,895,2.5
1678,1242,3.0
1678,1232,4.0
1678,1176,3.5
1678,303,3.5
1678,1863,2.0
1678,1829,2.5
1678,2202,2.5
1679,1092,2.0
1679,766,4.0
1679,1573,4.0
1679,134,2.0
1679,1779,3.0
1679,1777,3.0
1679,2458,4.0
1679,813,3.5
1679,1044,4.0
1679,656,4.0
1679,506,4.0
1679,596,4.5
1679,184,4.0
1679,1572,3.0
1679,1264,3.5
1679,569,3.5
1679,297,5.0
1679,1407,4.5
1679,428,1.5
1679,2474,1.5
1679,1167,3.5
1679,392,3.0
1679,1445,3.5
1679,44,1.5
1679,1088,4.0
1679,1106,3.5
1679,1121,3.5
1679,1031,3.5
1679,772,4.5
1680,1417,3.5
1680,2221,3.0
1680,1027,2.5
1680,2292,3.0
1680,853,4.0
1680,360,3.0
1680,804,5.0
1680,1267,2.5
1680,650,2.5
1680,519,2.0
1680,156,3.5
1680,705,4.5
1680,868,4.0
1680,1611,3.5
1680,1123,2.5
1680,1580,2.5
1680,932,4.5
1680,2454,3.0
1680,1525,3.5
1680,710,3.0
1680,218,3.5
1680,1814,2.5
1680,1209,3.5
1680,1963,4.0
1681,495,2.5
1681,556,4.0
1681,1022,4.0
1681,1173,3.0
1681,178,3.0
1681,79,3.0
1681,39,3.5
1681,451,4.0
1681,439,1.5
1681,705,2.5
1681,1777,2.5
1681,1182,3.5
1681,882,2.0
1681,533,2.5
1681,1455,3.0
1681,54,3.5
1681,66,2.0
1681,458,3.5
1681,450,1.5
1681,974,2.5
1681,1105,5.0
1681,729,3.0
1681,858,2.5
1681,1742,1.0
1681,550,3.0
1681,750,3.0
1681,1511,3.5
1681,1988,3.5
1682,571,5.0
1682,2016,2.5
1682,2036,2.5
1682,52,4.0
1682,607,3.5
1682,1811,4.5
1682,1193,2.5
1682,1744,2.5
1682,2372,4.0
1682,266,4.5
1682,144,3.0
1682,821,4.0
1682,1364,3.0
1682,943,4.0
1682,93,2.5
1682,925,3.5
1682,59,2.5
1682,2354,3.5
1682,1927,4.5
1682,87,3.0
1682,648,3.0
1682,1973,3.0
1682,1391,3.5
1682,23,5.0
1682,1283,1.5
1682,1341,3.5
1682,499,4.0
1682,1138,4.0
1682,953,4.5
1683,416,3.0
1683,1942,2.0
1683,689,1.0
1683,715,3.5
1683,1997,4.0
1683,709,3.5
1683,1992,3.5
1683,1026,3.0
1683,1760,3.5
1683,1185,3.5
1683,1497,2.0
1683,711,1.0
1683,1234,2.5
1683,2366,3.0
1683,153,3.0
1683,2188,2.5
1683,2142,3.5
1683,1718,2.5
1683,1583,3.0
1683,1435,2.5
1683,1783,2.5
1683,773,4.0
1684,379,3.5
1684,674,2.5
1684,2249,5.0
1684,1368,2.5
1684,2079,2.5
1684,2348,2.0
1684,8,3.5
1684,1790,3.5
1684,215,1.5
1684,1962,3.0
1684,120,2.0
1684,359,3.5
1684,1789,5.0
1684,265,4.0
1684,1461,2.5
1684,2161,2.5
1684,15,3.5
1684,626,3.5
1684,2152,2.0
1684,1026,3.0
1684,43,2.0
1685,2476,3.5
1685,729,3.0
1685,2030,2.5
1685,642,2.5
1685,807,3.5
1685,606,3.0
1685,1556,3.5
1685,327,3.0
1685,1611,1.5
1685,2318,3.5
1685,1749,3.5
1685,1297,2.5
1685,1107,2.5
1685,2357,3.0
1685,2407,3.0
1685,2366,4.5
1685,2,2.5
1685,139,2.5
1685,1636,3.5
1686,805,3.0
1686,505,2.0
1686,515,4.0
1686,887,3.0
1686,6,2.0
1686,143,3.5
1686,1047,4.0
1686,2316,4.0
1686,956,2.0
1686,923,4.0
1686,88,4.0
1687,2431,2.5
1687,1251,3.0
1687,2413,3.0
1687,2383,3.5
1687,938,2.5
1687,2285,3.5
1687,849,5.0
1687,759,3.0
1687,945,2.5
1687,1900,3.5
1687,1944,3.0
1687,268,3.5
1687,2455,3.5
1687,1832,2.5
1688,916,2.5
1688,1305,2.0
1688,1009,1.0
1688,1228,3.5
1688,1165,3.0
1688,2494,4.5
1688,2249,4.0
1688,2154,2.5
1688,1141,1.5
1688,1324,1.5
1688,294,3.0
1688,84,2.5
1688,1082,3.5
1688,313,2.5
1688,1749,4.5
1688,2017,2.0
1688,1891,2.5
1688,2413,3.0
1689,1275,4.0
1689,909,2.5
1689,813,3.0
1689,837,3.5
1689,1020,2.5
1689,1221,4.5
1689,18,3.0
1689,1557,4.5
1689,642,3.5
1689,474,3.0
1689,1682,3.0
1689,2115,2.5
1689,1737,4.0
1689,1441,2.5
1689,2130,1.5
1689,1160,3.0
1689,1789,4.0
1690,1719,3.0
1690,2112,2.5
1690,1676,3.0
1690,166,3.5
1690,1523,4.5
1690,140,2.5
1690,794,4.0
1690,1734,3.0
1690,67,3.5
1690,57,2.0
1690,1102,4.0
1690,698,3.5
1690,307,3.5
1690,467,5.0
1690,331,3.0
1690,1590,1.5
1690,106,3.5
1690,42,3.5
1690,1393,2.0
1690,91,2.5
1690,1784,2.5
1690,1632,3.0
1690,1459,4.0
1690,772,3.0
1690,628,2.0
1691,97,2.5
1691,575,3.0
1691,130,3.5
1691,605,3.0
1691,2445,2.5
1691,124,3.5
1691,200,2.5
1691,2225,3.0
1691,362,3.0
1691,1445,4.5
1691,2288,2.5
1691,342,3.0
1691,529,4.0
1691,1930,3.0
1692,313,3.0
1692,760,2.5
1692,2231,3.0
1692,1079,3.5
1692,2009,4.5
1692,122,3.5
1692,2315,2.5
1692,1089,3.5
1692,550,3.5
1692,2044,2.0
1692,1262,2.0
1692,357,2.0
1692,1528,2.5
1692,1814,2.5
1692,1435,4.0
1692,1826,3.0
1692,1451,4.0
1693,241,4.0
1693,1704,2.0
1693,560,2.0
1693,607,4.5
1693,201,2.0
1693,176,3.5
1693,1492,4.0
1693,691,3.0
1693,1473,4.0
1693,952,2.0
1693,2447,2.5
1693,1396,3.0
1693,1779,2.5
1693,14,3.5
1693,969,1.5
1693,2388,3.5
1693,1859,2.0
1693,1731,2.5
1693,2118,2.5
1693,345,4.0
1693,1793,3.5
1693,773,2.5
1693,2066,3.5
1693,540,3.5
1693,1619,4.0
1693,1847,3.0
1693,2270,5.0
1694,832,3.5
1694,1365,4.0
1694,570,3.0
1694,2298,3.0
1694,184,2.0
1694,133,3.5
1694,875,3.0
1694,1475,5.0
1694,266,3.5
1694,1657,3.0
1694,1806,4.0
1694,2310,2.0
1694,1377,3.5
1694,1421,2.5
1694,186,2.0
1694,2079,3.0
1694,149,3.5
1694,982,3.5
1694,1931,1.5
1694,1119,1.5
1694,1286,2.5
1694,2477,3.0
1694,1253,2.0
1694,868,2.5
1694,2404,2.0
1694,412,2.5
1694,1368,2.5
1695,1701,4.0
1695,2064,2.0
1695,834,3.5
1695,863,1.5
1695,1945,2.5
1695,1543,2.0
1695,1537,1.0
1695,1147,3.0
1695,686,4.0
1695,2072,2.0
1695,1899,3.5
1695,723,2.0
1695,2141,3.0
1695,2359,2.0
1695,778,4.0
1695,371,2.5
1695,1714,4.5
1695,1037,3.5
1695,1515,2.0
1696,1659,3.5
1696,828,2.0
1696,1712,3.5
1696,1349,3.0
1696,338,2.5
1696,269,3.0
1696,1326,4.0
1696,2172,4.0
1696,1371,4.0
1696,1578,3.0
1696,1737,5.0
1696,10,4.0
1696,544,2.5
1696,784,3.0
1696,1707,3.0
1696,1469,4.0
1696,1108,3.5
1696,1382,5.0
1696,1037,3.0
1696,681,3.5
1696,1026,4.0
1696,1751,4.0
1697,108,2.0
1697,338,3.0
1697,2284,1.5
1697,1909,1.0
1697,2446,1.5
1697,2090,3.0
1697,1514,2.5
1697,58,2.5
1697,1557,2.5
1697,1703,2.0
1697,1255,2.0
1698,354,4.0
1698,548,3.5
1698,736,2.5
1698,2015,2.5
1698,1671,3.0
1698,1553,2.5
1698,2289,4.5
1698,1688,2.5
1698,126,5.0
1698,1498,2.5
1698,344,4.5
1698,1086,2.5
1698,2085,3.0
1698,770,3.5
1698,1202,4.5
1698,439,4.5
1698,811,4.0
1698,926,4.5
1698,2163,3.0
1698,1720,3.5
1698,2073,2.0
1698,288,3.0
1698,85,3.5
1698,1291,3.5
1698,1767,3.0
1698,1218,2.5
1698,1860,2.5
1698,2170,2.0
1698,732,3.5
1699,1174,3.5
1699,269,4.5
1699,1845,1.5
1699,323,3.5
1699,1622,4.0
1699,1079,4.5
1699,2296,5.0
1699,326,4.5
1699,493,3.0
1699,2308,4.0
1699,1749,1.5
1699,1981,4.5
1699,875,4.0
1699,210,3.0
1700,2,4.0
1700,739,2.5
1700,543,3.5
1700,1702,2.5
1700,884,2.0
1700,815,4.5
1700,1714,3.5
1700,1453,3.0
1700,1037,3.5
1700,85,2.5
1700,759,4.0
1700,2331,3.0
1700,1930,3.0
1700,926,3.0
1700,1875,4.0
1700,2445,4.5
1701,2139,3.5
1701,1002,2.5
1701,927,3.5
1701,1135,2.5
1701,394,3.5
1701,447,2.5
1701,828,4.0
1701,1894,1.5
1701,1782,4.0
1701,2150,4.5
1701,502,2.0
1701,308,2.5
1701,1488,1.5
1701,1646,3.0
1701,958,3.0
1701,2444,4.5
1701,911,4.0
1701,12,2.0
1701,2387,2.0
1701,1689,3.0
1701,1140,2.5
1701,1684,2.5
1702,892,4.5
1702,968,3.5
1702,562,4.5
1702,2449,2.0
1702,366,4.0
1702,1576,4.0
1702,1857,3.5
1702,1304,3.0
1702,515,3.0
1702,849,4.0
1702,799,4.0
1702,2011,4.0
1702,674,4.0
1702,2104,2.5
1702,1365,3.0
1703,1310,3.0
1703,1566,3.0
1703,1882,2.0
1703,2440,1.5
1703,1547,3.0
1703,716,2.5
1703,674,3.5
1703,63,2.5
1703,1912,3.5
1703,1313,3.5
1703,929,2.0
1703,446,3.5
1703,1345,3.5
1703,2164,3.0
1703,1266,2.0
1703,2020,2.5
1703,600,5.0
1703,811,5.0
1703,1695,3.5
1704,2452,1.5
1704,1575,2.5
1704,926,4.0
1704,1840,4.5
1704,1339,5.0
1704,851,4.5
1704,1573,5.0
1704,942,2.5
1704,86,3.0
1704,429,4.0
1704,1539,4.5
1704,548,2.5
1704,367,3.5
1704,1455,3.5
1704,2061,5.0
1704,1877,3.0
1704,340,5.0
1705,2299,2.5
1705,2208,1.5
1705,487,2.5
1705,813,2.5
1705,1610,4.0
1705,1453,3.0
1705,1722,4.5
1705,350,4.0
1705,145,3.0
1705,83,4.0
1705,1773,3.5
1705,2075,3.0
1705,2385,2.5
1705,423,3.0
1705,1769,4.0
1705,1218,2.5
1705,684,5.0
1705,791,3.0
1705,890,1.0
1706,74,4.0
1706,2040,4.0
1706,1885,2.5
1706,1394,2.5
1706,160,3.0
1706,2292,3.5
1706,34,4.5
1706,735,3.5
1706,85,5.0
1706,780,5.0
1706,543,3.5
1706,2275,2.5
1706,1119,5.0
1706,1562,2.5
1706,1021,2.5
1706,1020,2.5
1706,1694,3.0
1707,795,2.0
1707,1879,2.0
1707,317,3.5
1707,606,3.0
1707,1136,4.0
1707,1145,4.5
1707,2181,3.5
1707,1287,3.0
1707,711,4.5
1707,1808,4.0
1707,1579,4.5
1707,1318,2.0
1707,2073,1.5
1708,479,4.0
1708,624,2.0
1708,1576,3.5
1708,1771,4.5
1708,251,1.5
1708,2179,2.5
1708,389,4.0
1708,2346,2.0
1708,926,4.5
1708,520,4.0
1708,629,4.0
1708,1088,3.0
1708,1393,4.0
1708,290,2.0
1708,1543,2.0
1709,189,4.0
1709,2377,4.5
1709,395,3.0
1709,2015,2.0
1709,2378,3.5
1709,1599,4.5
1709,1789,4.0
1709,1133,3.5
1709,1312,5.0
1709,2404,5.0
1709,1679,5.0
1709,725,4.0
1709,1193,5.0
1709,283,1.5
1709,1902,3.5
1709,761,3.0
1709,2336,4.0
1709,2474,5.0
1709,1553,3.5
1709,1370,3.5
1709,1431,4.5
1709,1961,2.0
1709,1972,3.5
1710,507,3.5
1710,1872,4.5
1710,529,4.5
1710,1389,4.0
1710,1556,3.0
1710,538,3.5
1710,2228,4.0
1710,1390,3.0
1710,2096,2.5
1710,1213,1.5
1711,977,5.0
1711,2158,5.0
1711,1227,3.5
1711,2309,4.5
1711,1572,4.5
1711,1254,1.5
1711,1081,4.0
1711,382,4.5
1711,2205,5.0
1711,2456,2.5
1711,2252,2.5
1711,511,1.5
1711,1743,4.0
1711,1030,4.0
1711,395,5.0
1711,1341,4.5
1711,1179,4.5
1711,1186,5.0
1711,1252,4.5
1712,1197,3.0
1712,1677,3.0
1712,2204,2.5
1712,315,3.5
1712,656,3.5
1712,201,3.0
1712,968,3.0
1712,119,3.5
1712,132,3.5
1712,384,3.0
1712,2392,2.0
1712,2367,3.0
1712,2359,3.5
1712,1975,4.0
1712,1188,2.0
1712,602,3.5
1712,1709,4.0
1712,2169,5.0
1712,1875,5.0
1712,688,2.5
1713,63,3.0
1713,2325,3.5
1713,1566,3.5
1713,556,3.5
1713,1398,1.5
1713,1085,3.5
1713,224,3.0
1713,1026,3.0
1713,772,3.0
1713,846,2.5
1713,1301,2.5
1713,79,2.5
1713,852,2.0
1713,2318,1.5
1713,1559,3.0
1713,2175,3.0
1713,2130,2.5
1713,2104,4.5
1713,424,4.5
1713,1208,3.0
1713,2286,2.5
1713,1866,1.5
1713,407,3.0
1713,1640,3.0
1714,1662,2.0
1714,990,2.5
1714,1886,4.0
1714,1762,4.5
1714,695,3.5
1714,1605,2.5
1714,95,3.5
1714,2030,3.0
1714,1078,2.5
1714,1084,2.5
1714,524,3.0
1714,1026,3.0
1714,1970,4.0
1714,1323,3.5
1714,1634,4.0
1714,1197,3.5
1714,1842,5.0
1715,595,3.5
1715,443,4.5
1715,53,2.0
1715,1038,2.5
1715,1578,2.5
1715,209,4.5
1715,2194,2.5
1715,1343,3.5
1715,1110,2.5
1715,1587,5.0
1715,1943,3.0
1715,1976,3.0
1715,1150,3.0
1715,1731,3.5
1715,357,5.0
1715,620,4.0
1715,2340,5.0
1715,533,3.5
1715,345,5.0
1715,1922,2.0
1715,1410,5.0
1715,1701,3.0
1715,964,3.0
1715,2442,3.5
1715,1894,2.0
1716,29,1.0
1716,921,2.5
1716,1927,1.5
1716,1802,3.0
1716,314,3.0
1716,2409,2.0
1716,1336,2.0
1716,1261,1.5
1716,1093,2.5
1716,2312,2.0
1716,859,3.5
1716,864,1.0
1716,490,3.0
1716,1693,1.5
1716,705,2.5
1716,1071,3.0
1716,1288,3.0
1716,1233,2.5
1716,66,3.5
1716,1855,2.0
1716,493,3.0
1716,2037,3.0
1717,447,1.5
1717,1566,4.5
1717,1076,2.5
1717,354,3.0
1717,28,2.0
1717,1523,3.0
1717,1753,3.0
1717,265,3.5
1717,468,4.0
1717,1349,3.5
1717,1376,3.5
1717,515,2.5
1717,528,1.5
1717,1097,4.5
1717,1502,3.0
1717,1088,1.0
1717,2220,3.0
1717,1876,1.5
1717,2065,4.0
1717,1871,3.0
1717,1631,3.0
1717,1346,3.0
1717,1271,4.0
1717,907,1.5
1717,1428,3.5
1717,1218,4.5
1717,292,3.0
1718,952,3.0
1718,517,1.5
1718,106,4.0
1718,2104,3.0
1718,1857,2.0
1718,542,1.5
1718,2480,4.0
1718,1589,4.0
1718,1459,1.5
1718,1749,4.0
1718,2178,1.5
1718,1796,3.5
1718,2339,2.5
1718,864,4.0
1718,177,4.0
1718,2117,2.0
1718,1317,3.5
1718,1824,2.5
1718,2056,3.5
1719,50,3.0
1719,203,2.0
1719,1411,3.5
1719,167,2.5
1719,1607,4.5
1719,2460,4.5
1719,1489,4.0
1719,1425,2.5
1719,2437,3.5
1719,2428,3.0
1719,2126,5.0
1719,623,3.0
1719,1694,2.5
1719,2396,4.5
1719,950,3.0
1719,680,3.0
1720,2422,3.5
1720,1292,4.5
1720,1132,4.5
1720,907,2.0
1720,1083,2.5
1720,180,3.5
1720,2320,2.5
1720,1959,4.0
1720,2083,2.0
1720,1050,4.5
1720,1089,3.5
1720,1135,2.5
1720,202,2.5
1720,1172,3.5
1720,2082,3.0
1720,2031,2.5
1720,1714,3.0
1720,2144,3.0
1720,1290,3.0
1720,2356,3.0
1720,1264,3.5
1720,750,2.5
1720,453,3.5
1720,739,2.0
1720,1773,3.5
1720,2108,3.0
1720,1239,1.5
1720,2092,4.5
1720,134,4.0
1720,2110,3.0
1721,777,3.5
1721,2061,3.5
1721,2216,3.0
1721,1338,3.0
1721,586,3.5
1721,550,3.5
1721,493,2.5
1721,1185,3.0
1721,714,3.5
1721,785,2.5
1721,2095,3.5
1721,1448,1.5
1721,646,3.0
1721,2284,2.5
1721,2030,3.0
1721,364,2.0
1721,460,4.0
1721,1675,1.5
1721,1168,3.5
1721,990,3.5
1721,1504,4.0
1721,1176,3.5
1721,695,3.5
1721,1505,4.5
1721,769,4.0
1722,618,4.0
1722,1087,4.0
1722,408,4.0
1722,1231,4.5
1722,2165,4.5
1722,1488,2.5
1722,2150,3.5
1722,1615,3.5
1722,1259,1.0
1722,365,4.0
1722,1251,3.0
1722,662,4.5
1722,277,4.5
1722,1270,4.0
1722,219,4.5
1722,1476,4.0
1722,2315,2.0
1722,2264,4.0
1722,1965,2.5
1722,2245,3.0
1722,2167,4.5
1722,134,2.5
1722,487,3.0
1722,193,2.5
1723,1301,4.0
1723,2301,3.0
1723,2291,2.5
1723,77,4.5
1723,850,2.0
1723,1540,2.5
1723,2133,3.5
1723,445,3.0
1723,1372,4.0
1723,1889,4.0
1723,1664,3.5
1723,156,3.0
1723,1594,1.0
1723,400,2.5
1723,1905,2.0
1723,2124,2.5
1723,539,5.0
1723,717,1.0
1723,1716,4.0
1723,1708,3.5
1723,19,3.5
1723,8,3.5
1723,1499,3.0
1723,1395,5.0
1723,1818,3.5
1723,1839,5.0
1723,854,3.0
1724,713,2.5
1724,903,2.0
1724,1965,3.0
1724,440,4.0
1724,770,2.0
1724,176,3.5
1724,1803,2.5
1724,1609,2.0
1724,2070,4.0
1724,213,4.5
1724,1819,2.5
1724,1328,3.0
1724,2479,4.5
1724,326,2.5
1724,620,4.0
1724,1827,2.0
1724,1503,4.0
1724,1950,3.5
1724,697,2.5
1724,1722,3.5
1724,857,4.0
1724,119,2.5
1724,995,4.5
1724,904,5.0
1724,854,1.5
1724,1938,1.5
1724,1850,3.0
1725,2197,2.5
1725,727,3.0
1725,1032,2.0
1725,874,4.0
1725,2190,2.5
1725,183,3.5
1725,1398,2.5
1725,1689,3.0
1725,1593,3.0
1725,1707,3.5
1725,170,3.5
1725,974,3.0
1725,1244,2.5
1725,2234,4.0
1725,1466,3.5
1725,1831,4.0
1725,1861,2.5
1725,584,2.0
1725,1197,4.5
1726,299,4.5
1726,905,1.0
1726,1470,3.0
1726,1545,4.0
1726,1556,2.5
1726,1715,2.5
1726,2115,3.0
1726,1578,3.5
1726,1389,4.0
1726,1383,1.5
1726,164,4.0
1726,1474,2.5
1726,1346,3.0
1726,526,4.0
1726,2370,3.5
1726,573,3.5
1726,796,3.5
1726,1282,1.5
1726,31,3.5
1726,1407,2.5
1726,1518,2.5
1726,718,4.0
1726,1738,2.0
1726,352,5.0
1726,2235,3.5
1726,2104,3.5
1726,185,1.0
1726,1806,3.0
1726,96,2.0
1727,1372,4.5
1727,573,3.0
1727,1708,2.5
1727,143,4.0
1727,854,2.5
1727,330,3.0
1727,894,3.0
1727,1723,3.5
1727,354,4.0
1727,773,2.5
1727,89,3.5
1727,1031,5.0
1727,1336,3.0
1727,576,3.5
1727,1458,4.0
1727,2469,4.0
1727,1078,3.0
1727,2235,5.0
1727,562,4.5
1727,415,3.5
1727,1789,3.5
1727,1772,3.0
1727,2352,3.5
1727,954,2.0
1727,1387,2.5
1727,1582,3.5
1727,84,2.5
1727,880,3.5
1727,1649,3.0
1727,1665,3.5
1728,957,4.0
1728,1052,3.5
1728,1694,3.5
1728,325,5.0
1728,1223,4.5
1728,1668,4.5
1728,1003,3.0
1728,1671,4.0
1728,1894,2.0
1728,1608,3.0
1728,32,4.5
1728,860,4.5
1728,21,2.0
1728,765,5.0
1729,352,4.0
1729,387,2.5
1729,662,3.5
1729,1318,2.5
1729,393,3.5
1729,45,4.0
1729,1166,4.0
1729,1231,5.0
1729,679,1.5
1729,19,2.5
1729,325,4.0
1729,1610,3.5
1729,1099,3.0
1729,791,3.0
1729,1561,3.5
1730,2296,4.0
1730,699,2.5
1730,2353,2.0
1730,1160,5.0
1730,2096,2.0
1730,378,4.5
1730,466,2.0
1730,461,4.5
1730,2341,2.5
1730,383,4.0
1730,485,2.0
1730,2433,2.5
1730,1834,3.5
1730,1310,4.5
1730,1739,3.5
1730,396,2.5
1730,1409,3.5
1730,488,2.5
1730,982,3.0
1730,843,3.5
1730,1613,3.5
1730,687,3.5
1730,371,4.5
1730,176,4.5
1730,473,3.5
1730,1540,3.0
1731,286,4.0
1731,406,3.5
1731,1977,3.5
1731,1388,4.0
1731,360,1.0
1731,2320,4.0
1731,2157,3.0
1731,2260,3.0
1731,1194,3.0
1731,1513,3.0
1731,2490,4.5
1731,1479,3.5
1731,2063,3.5
1731,2299,2.5
1731,796,3.0
1731,218,3.5
1731,1199,2.0
1731,1914,2.5
1731,1130,4.5
1731,390,3.5
1731,2000,4.0
1731,99,5.0
1732,400,4.5
1732,1462,4.5
1732,2432,3.5
1732,1477,3.0
1732,147,4.5
1732,395,5.0
1732,70,3.5
1732,1230,4.0
1732,197,3.0
1732,489,4.0
1732,1370,3.5
1732,2394,4.0
1733,193,4.0
1733,351,3.5
1733,2307,3.5
1733,2055,4.0
1733,2284,2.5
1733,1124,4.5
1733,922,3.0
1733,1753,3.0
1733,1222,1.0
1733,2302,3.5
1733,2341,3.0
1733,443,2.5
1733,1107,5.0
1733,1706,2.5
1733,1749,4.0
1733,1662,3.5
1733,645,5.0
1733,2249,3.0
1733,26,3.0
1733,1784,3.0
1733,1302,5.0
1733,1053,4.5
1734,672,3.0
1734,1520,2.5
1734,142,2.0
1734,760,3.0
1734,78,2.5
1734,2426,2.5
1734,848,2.0
1734,404,4.0
1734,449,4.5
1734,2486,2.5
1734,1943,3.0
1734,1209,3.0
1734,2254,2.0
1734,1655,3.0
1734,1598,2.5
1734,1351,2.5
1734,1072,3.5
1734,1073,2.0
1734,1958,2.5
1734,2355,4.0
1734,1663,4.0
1734,2453,2.5
1734,2385,4.5
1734,504,3.0
1734,1374,2.0
1734,863,4.0
1734,11,3.0
1735,2166,3.0
1735,1940,4.5
1735,1435,2.5
1735,2363,3.5
1735,944,3.5
1735,874,2.0
1735,1097,3.5
1735,319,2.5
1735,1036,3.5
1735,1232,4.0
1735,1711,2.5
1736,1951,3.5
1736,2260,3.0
1736,1783,2.5
1736,1759,3.5
1736,1054,3.5
1736,2292,3.0
1736,688,2.0
1736,553,3.0
1736,681,5.0
1736,34,2.5
1736,1769,3.0
1736,1259,2.0
1736,1997,3.5
1736,1081,1.0
1736,319,3.0
1736,1211,4.5
1736,2225,3.5
1736,1170,2.5
1736,1239,4.0
1736,1699,2.0
1736,1085,2.0
1736,325,3.5
1736,1318,3.5
1737,1838,4.0
1737,1569,2.5
1737,1961,3.5
1737,64,4.5
1737,952,2.0
1737,2052,4.0
1737,477,3.0
1737,1108,2.5
1737,2247,2.5
1737,2057,3.0
1737,1239,3.0
1737,1145,2.5
1737,1616,4.0
1737,194,1.5
1737,417,2.5
1738,1847,3.5
1738,805,3.5
1738,2117,5.0
1738,514,4.0
1738,2026,2.5
1738,1123,3.0
1738,561,3.5
1738,395,2.5
1738,1029,4.0
1738,157,5.0
1738,732,4.0
1738,725,3.0
1738,1696,3.0
1738,1181,3.5
1738,519,3.0
1738,950,2.5
1738,2347,3.5
1738,934,3.5
1738,2258,2.5
1738,2341,1.5
1738,755,3.5
1738,694,1.5
1738,964,2.0
1739,1542,2.5
1739,2048,2.5
1739,1432,2.0
1739,277,2.0
1739,662,2.5
1739,982,3.5
1739,1425,4.0
1739,1513,5.0
1739,163,3.5
1739,2285,4.5
1739,1217,4.0
1739,1465,3.0
1739,789,3.5
1739,1831,2.5
1739,1873,2.5
1739,902,2.0
1739,1665,3.0
1739,1060,5.0
1739,971,3.0
1740,1400,1.5
1740,2100,3.5
1740,77,3.5
1740,1770,3.5
1740,1267,2.0
1740,22,3.0
1740,1439,3.0
1740,2203,2.0
1740,749,2.0
1740,996,3.5
1740,2292,2.0
1740,362,1.5
1740,2153,3.5
1741,689,4.5
1741,87,4.5
1741,2363,2.5
1741,330,2.5
1741,260,1.5
1741,1209,4.0
1741,696,4.5
1741,1665,3.0
1741,1689,2.0
1741,929,2.0
1741,1444,4.0
1741,1539,4.0
1741,989,3.0
1741,426,3.0
1741,2043,2.5
1741,1831,4.0
1741,1735,3.0
1741,821,3.0
1741,1705,2.5
1741,2437,3.0
1741,83,3.5
1741,2269,4.0
1741,1366,3.5
1742,1986,3.5
1742,2044,2.0
1742,1312,3.5
1742,648,2.0
1742,2365,2.5
1742,1405,3.5
1742,1470,4.0
1742,870,2.5
1742,217,2.5
1742,2312,2.5
1742,2373,3.5
1742,48,4.0
1742,252,3.5
1742,1469,4.5
1742,619,3.0
1743,969,2.0
1743,481,2.5
1743,927,2.5
1743,1879,2.5
1743,4,2.0
1743,1165,1.5
1743,704,3.0
1743,39,4.0
1743,794,3.5
1743,770,3.0
1743,679,3.0
1743,1712,4.5
1743,1922,3.5
1744,91,1.5
1744,1544,3.0
1744,1146,3.0
1744,1548,2.5
1744,1396,5.0
1744,1978,4.5
1744,1439,5.0
1744,568,3.0
1744,952,3.0
1744,1697,1.0
1744,1119,2.5
1745,1760,2.0
1745,509,3.0
1745,1492,3.0
1745,2460,1.0
1745,1620,2.5
1745,1702,3.0
1745,2036,3.5
1745,2414,3.5
1745,2256,2.5
1745,1705,3.0
1745,697,3.5
1745,1531,3.5
1745,460,5.0
1745,1029,3.5
1745,665,1.5
1745,980,2.0
1745,705,4.0
1745,809,3.5
1745,448,3.5
1745,991,3.5
1745,661,3.0
1745,1236,2.0
1745,2237,2.5
1745,686,2.5
1745,2228,3.0
1746,405,1.5
1746,458,2.5
1746,2347,3.5
1746,1598,4.5
1746,161,2.5
1746,1408,3.0
1746,286,5.0
1746,690,4.5
1746,660,4.0
1746,87,3.5
1746,1829,2.0
1746,2116,3.0
1746,183,5.0
1746,435,4.5
1746,137,4.0
1746,1386,3.0
1746,1120,3.0
1746,2392,3.0
1746,979,1.5
1746,1449,3.0
1746,579,3.5
1746,1095,2.5
1746,940,3.5
1746,612,2.5
1746,869,2.5
1746,728,2.5
1746,1823,2.0
1747,593,4.0
1747,2321,2.5
1747,641,3.0
1747,1483,5.0
1747,1856,3.5
1747,1054,4.5
1747,1307,3.0
1747,2114,2.0
1747,302,3.0
1747,11,4.5
1747,709,4.0
1747,1958,1.0
1747,2255,5.0
1747,1292,3.0
1747,696,1.5
1747,1417,4.0
1748,1039,3.5
1748,877,4.0
1748,1268,2.5
1748,1941,3.0
1748,2307,5.0
1748,1126,3.0
1748,1269,4.5
1748,1669,2.5
1748,396,2.5
1748,1322,3.5
1748,191,3.0
1748,1000,3.0
1748,9,4.0
1748,871,3.0
1748,1433,3.5
1748,1477,2.0
1748,1113,3.5
1748,598,2.5
1748,2157,3.5
1748,316,3.0
1749,2016,3.0
1749,2142,4.0
1749,1848,3.5
1749,1669,2.5
1749,1865,2.5
1749,401,3.5
1749,150,3.5
1749,1226,2.0
1749,1150,4.0
1749,1230,2.0
1749,1906,3.5
1749,1250,2.5
1749,185,2.5
1749,2431,2.0
1749,23,1.5
1749,2282,3.0
1749,1128,2.0
1749,1176,4.0
1749,175,3.5
1749,1547,4.0
1749,617,4.0
1749,2428,4.5
1750,2318,4.5
1750,2344,2.5
1750,315,3.0
1750,2210,4.5
1750,840,1.5
1750,282,1.0
1750,1931,4.5
1750,1703,5.0
1750,1192,2.5
1750,1390,4.0
1750,447,4.0
1750,914,3.0
1750,2367,3.0
1750,1029,3.5
1750,325,2.0
1750,2451,4.0
1750,649,4.0
1750,1126,3.0
1751,1177,4.0
1751,2344,4.5
1751,855,3.5
1751,48,4.0
1751,1278,3.0
1751,1375,2.0
1751,942,3.0
1751,520,4.0
1751,372,3.5
1751,1930,2.5
1751,1676,3.5
1751,1363,2.5
1751,505,3.5
1751,1073,3.5
1751,217,3.5
1751,1962,3.5
1751,83,3.5
1751,274,4.0
1751,1592,3.5
1751,190,3.0
1751,2264,2.5
1751,426,4.5
1751,1697,1.5
1751,1233,3.5
1751,1065,5.0
1751,1209,2.5
1751,1312,2.0
1751,2083,3.0
1752,655,4.0
1752,620,3.5
1752,1180,3.0
1752,1574,2.0
1752,2388,3.5
1752,701,4.0
1752,1614,4.0
1752,1860,4.0
1752,311,4.0
1752,1996,3.0
1752,1979,2.5
1752,2226,2.5
1752,1055,4.0
1752,2031,3.0
1752,2440,4.0
1752,861,2.5
1752,616,4.0
1752,2456,2.5
1752,2019,3.5
1752,1958,4.0
1752,437,3.0
1752,1047,2.0
1752,1230,2.5
1752,76,3.5
1752,627,3.5
1752,1272,4.0
1752,348,4.0
1753,2236,3.0
1753,893,3.0
1753,996,3.5
1753,1657,4.0
1753,515,5.0
1753,839,2.5
1753,1935,3.5
1753,1444,3.5
1753,1848,3.0
1753,501,4.0
1753,1271,3.5
1753,1246,2.0
1753,608,3.0
1753,1459,5.0
1753,2333,3.5
1753,1468,3.5
1753,2288,3.0
1753,1785,3.0
1753,153,3.5
1753,1516,3.5
1753,1212,2.5
1753,352,3.5
1753,243,3.0
1753,704,4.0
1753,960,2.5
1753,1890,2.5
1753,992,5.0
1753,43,3.5
1753,99,3.0
1754,1941,5.0
1754,1047,3.0
1754,1325,4.5
1754,12,2.0
1754,176,2.0
1754,1066,3.5
1754,311,3.0
1754,2312,3.0
1754,2282,4.5
1754,556,3.5
1754,1971,3.5
1754,349,3.0
1755,1498,2.5
1755,1754,4.0
1755,1004,3.0
1755,2396,3.0
1755,1603,3.5
1755,2192,3.0
1755,2351,4.0
1755,80,2.0
1755,530,3.0
1755,1067,3.0
1755,1822,3.5
1755,2341,2.0
1755,169,3.5
1755,1925,3.5
1755,1439,2.5
1755,455,3.5
1755,670,5.0
1756,1736,3.0
1756,101,3.0
1756,743,4.0
1756,2211,2.5
1756,407,4.0
1756,1962,4.5
1756,1528,3.0
1756,501,2.0
1756,163,4.0
1756,504,2.0
1756,454,2.0
1756,2354,2.5
1756,2059,3.0
1756,1380,4.0
1756,1091,3.5
1756,1618,3.0
1756,342,3.5
1756,2304,3.5
1756,1746,4.5
1756,1433,5.0
1756,837,5.0
1756,2459,4.0
1756,1141,2.0
1757,1081,4.5
1757,626,4.0
1757,2075,3.5
1757,159,3.5
1757,1477,1.5
1757,1807,3.5
1757,333,1.5
1757,1286,2.0
1757,847,1.5
1757,1245,4.5
1757,752,4.5
1757,2216,3.5
1757,1150,4.0
1757,2044,3.5
1757,1123,4.5
1757,1708,3.0
1757,973,2.5
1757,2439,2.0
1758,1752,2.5
1758,2003,4.0
1758,594,3.5
1758,1590,2.5
1758,1568,4.0
1758,515,3.0
1758,935,4.5
1758,1864,3.0
1758,1667,3.0
1758,2434,3.5
1758,2207,2.5
1758,1997,5.0
1758,2400,2.5
1758,1019,3.5
1758,1428,2.5
1758,404,2.5
1758,1323,2.5
1758,1439,1.5
1758,2110,2.0
1758,1134,2.5
1758,1261,3.5
1758,542,3.0
1758,1296,3.0
1758,613,3.5
1758,358,2.0
1758,747,4.0
1758,1064,3.5
1759,1695,5.0
1759,1953,4.5
1759,464,2.5
1759,1131,3.5
1759,2134,4.0
1759,2002,3.5
1759,1740,3.5
1759,393,1.5
1759,613,4.0
1759,1818,2.0
1759,1800,2.5
1759,2359,4.5
1759,635,1.5
1759,1291,1.5
1759,920,3.5
1759,1099,2.0
1759,2360,4.0
1759,854,3.5
1759,2036,4.0
1759,1989,3.5
1759,1276,4.0
1759,597,4.0
1760,545,3.5
1760,15,2.0
1760,352,4.0
1760,1037,3.5
1760,2246,4.0
1760,491,4.5
1760,633,3.5
1760,1855,3.5
1760,2252,2.5
1760,1404,3.5
1760,1055,2.0
1760,2394,5.0
1760,1278,2.5
1760,2466,2.5
1760,1147,4.0
1760,1310,3.5
1760,220,3.0
1760,1977,3.0
1760,1067,2.5
1760,593,3.0
1760,520,3.5
1760,606,3.0
1760,2427,1.0
1760,2244,3.0
1760,652,5.0
1760,1323,3.5
1760,1332,3.5
1760,805,3.5
1761,889,4.0
1761,158,4.0
1761,1320,4.0
1761,1450,4.0
1761,2131,3.0
1761,37,4.5
1761,1931,3.0
1761,364,3.5
1761,553,4.5
1761,750,3.0
1761,1273,4.0
1761,1637,2.5
1761,310,2.5
1761,2098,4.5
1761,2441,2.0
1761,1363,2.5
1761,1148,2.5
1761,1582,3.5
1761,1124,3.0
1761,1678,4.5
1761,846,2.5
1761,1084,3.5
1761,2485,4.0
1761,1067,4.5
1761,933,4.5
1761,650,3.5
1761,1088,3.5
1761,1305,5.0
1761,1319,3.0
1762,1319,3.5
1762,1554,5.0
1762,291,2.5
1762,428,5.0
1762,1822,4.0
1762,948,3.5
1762,2197,3.5
1762,1469,3.0
1762,353,2.0
1762,1913,5.0
1762,2054,3.0
1762,2311,4.5
1762,772,3.0
1763,190,3.0
1763,1099,4.0
1763,631,3.5
1763,2434,5.0
1763,2439,3.5
1763,638,3.5
1763,1777,3.5
1763,2249,3.0
1763,627,4.5
1763,1080,3.5
1763,2119,4.0
1763,973,5.0
1763,295,3.0
1763,592,3.5
1763,2306,2.0
1763,1246,2.5
1763,1842,4.0
1763,1959,3.5
1763,1039,4.0
1763,2212,1.5
1763,2185,5.0
1763,406,2.5
1763,2339,3.5
1763,373,5.0
1763,1807,2.5
1763,1352,3.5
1763,1865,4.0
1763,2350,2.5
1764,1669,2.0
1764,1644,1.0
1764,263,3.5
1764,2397,2.5
1764,123,4.0
1764,1668,3.0
1764,413,4.0
1764,2150,2.0
1764,608,4.5
1764,1038,4.0
1764,573,3.5
1764,579,2.5
1764,1993,1.5
1764,98,1.5
1764,918,5.0
1764,2059,3.5
1764,744,2.5
1764,1135,3.0
1764,1519,4.5
1765,837,3.0
1765,532,4.0
1765,2205,4.0
1765,2275,3.5
1765,2041,1.0
1765,936,2.0
1765,1538,2.5
1765,1535,1.5
1765,1527,2.5
1765,550,2.5
1765,1466,3.0
1765,2340,2.5
1765,2370,3.0
1765,1225,4.0
1765,2336,3.0
1765,2438,3.5
1765,2470,3.0
1765,549,3.0
1765,1568,3.0
1765,2230,3.5
1765,1207,3.5
1765,2466,2.5
1765,827,3.5
1765,2267,3.0
1765,2352,3.5
1765,2360,3.5
1765,2435,3.0
1765,2224,3.0
1765,848,2.0
1766,2378,4.0
1766,1153,3.5
1766,1118,3.5
1766,1653,3.5
1766,1858,4.0
1766,655,3.0
1766,2382,5.0
1766,300,5.0
1766,24,3.0
1766,317,5.0
1766,1416,2.5
1766,399,3.5
1766,2404,2.5
1766,47,3.5
1766,629,4.0
1766,1691,2.5
1766,2268,2.5
1766,428,3.0
1766,2149,3.5
1766,1388,4.0
1766,764,4.5
1766,104,3.5
1766,335,4.0
1766,533,4.0
1767,1503,3.5
1767,436,2.5
1767,1978,4.5
1767,33,3.0
1767,2045,3.0
1767,2127,4.0
1767,2145,4.5
1767,509,2.0
1767,1185,3.0
1767,1671,2.5
1767,445,3.0
1767,906,3.5
1767,2335,1.0
1767,1128,2.5
1767,860,3.0
1768,1666,3.0
1768,1385,2.5
1768,2391,3.0
1768,1534,4.5
1768,1618,5.0
1768,1373,5.0
1768,1968,2.5
1768,1785,4.0
1768,698,3.0
1768,2106,3.5
1768,2166,4.0
1768,1883,1.5
1768,770,2.0
1768,137,4.5
1768,1365,3.0
1768,764,3.0
1768,12,3.0
1768,1963,3.5
1768,1611,3.5
1769,1551,4.5
1769,1004,3.0
1769,1559,4.0
1769,1840,4.0
1769,1649,3.0
1769,672,4.0
1769,918,3.5
1769,2145,4.5
1769,481,4.0
1769,1542,5.0
1770,1445,4.0
1770,912,3.5
1770,157,3.0
1770,634,4.0
1770,443,2.0
1770,2288,4.5
1770,336,3.5
1770,369,4.0
1770,1528,4.0
1770,387,3.5
1770,348,3.0
1770,1440,3.5
1771,1678,2.5
1771,995,3.0
1771,1260,3.5
1771,2050,2.5
1771,1827,4.0
1771,634,3.0
1771,295,3.5
1771,1812,4.0
1771,1878,2.5
1771,368,3.5
1771,2418,4.5
1771,1266,3.5
1771,456,2.0
1771,640,4.0
1771,809,3.0
1771,483,3.0
1771,2432,3.5
1771,736,3.0
1771,1630,4.5
1771,712,3.5
1771,173,1.5
1771,1285,2.5
1771,1533,3.0
1771,21,3.0
1771,1508,2.5
1771,651,4.0
1771,833,3.5
1771,1467,2.5
1772,2244,2.5
1772,1894,3.5
1772,2251,3.0
1772,2245,1.5
1772,1328,3.5
1772,790,3.5
1772,1474,4.5
1772,902,2.5
1772,1628,2.0
1772,341,3.5
1772,1868,2.5
1772,96,3.0
1772,2097,4.5
1772,957,3.0
1772,2083,3.5
1772,1572,4.0
1772,2473,2.5
1772,1954,3.5
1772,867,3.5
1772,918,2.5
1772,1206,3.5
1772,2160,4.0
1772,293,2.5
1772,1741,3.5
1773,288,2.5
1773,2306,3.5
1773,1703,4.0
1773,35,3.0
1773,837,3.0
1773,1417,2.0
1773,1067,4.0
1773,1655,3.5
1773,1295,4.0
1773,576,4.5
1773,1230,2.5
1774,550,4.5
1774,323,1.5
1774,689,4.0
1774,1697,2.5
1774,333,5.0
1774,1900,3.5
1774,1636,4.0
1774,305,3.0
1774,1675,3.5
1774,1815,2.5
1774,429,3.0
1774,1586,3.0
1774,1483,2.5
1774,1326,3.0
1774,1902,2.0
1774,776,1.5
1774,886,4.5
1774,1818,3.5
1774,640,3.5
1774,2323,3.5
1774,123,5.0
1774,843,4.5
1774,262,4.5
1774,173,4.5
1774,2264,3.5
1774,1176,3.0
1774,2266,2.5
1774,2291,4.0
1774,929,1.5
1775,2181,1.0
1775,139,3.5
1775,2219,3.5
1775,1970,5.0
1775,961,4.0
1775,1595,1.5
1775,567,2.5
1775,1962,3.0
1775,305,4.5
1775,76,4.0
1775,1509,2.5
1776,2186,2.0
1776,1609,3.0
1776,1110,3.5
1776,1494,2.0
1776,1941,3.0
1776,56,3.0
1776,1328,4.5
1776,1706,2.5
1776,2335,3.0
1776,2440,2.0
1776,1505,3.5
1776,2261,1.5
1776,213,2.5
1777,1008,3.0
1777,982,1.5
1777,873,2.5
1777,1488,3.0
1777,783,4.0
1777,1932,3.0
1777,361,3.5
1777,1703,2.5
1777,717,1.5
1777,530,2.0
1777,436,2.5
1777,2470,1.5
1777,1012,3.0
1777,2006,3.0
1777,937,5.0
1777,1424,2.5
1777,1183,3.0
1777,556,3.5
1777,2173,4.0
1777,2289,5.0
1777,2282,2.5
1777,2251,2.5
1777,101,2.5
1777,1323,3.5
1777,2028,2.5
1777,2264,4.5
1777,1229,4.0
1777,1575,3.5
1778,2165,4.5
1778,655,3.5
1778,1927,3.5
1778,1679,2.0
1778,450,4.0
1778,292,1.5
1778,1319,3.5
1778,331,3.5
1778,2487,3.0
1778,2332,5.0
1778,1526,4.0
1778,1903,2.5
1778,524,2.5
1779,1401,4.5
1779,793,1.5
1779,1232,3.5
1779,737,3.0
1779,1138,4.0
1779,471,3.0
1779,2426,4.5
1779,1224,3.0
1779,1796,3.5
1779,753,2.0
1779,1531,4.5
1779,2027,2.5
1779,502,2.5
1779,1989,2.0
1779,318,2.5
1779,1781,3.0
1779,1381,2.5
1779,1239,4.0
1779,411,2.5
1779,600,1.5
1779,1024,3.5
1779,440,4.0
1780,2324,3.0
1780,1288,3.5
1780,1985,2.5
1780,828,2.0
1780,948,3.5
1780,122,3.5
1780,199,2.5
1780,707,4.0
1780,465,3.5
1780,827,3.5
1780,1250,2.0
1780,2370,3.0
1781,1875,2.5
1781,2376,4.0
1781,160,2.5
1781,2133,3.0
1781,1829,3.5
1781,2356,4.0
1781,2178,2.5
1781,1197,3.0
1781,1457,3.5
1781,717,4.5
1781,1449,4.5
1781,1450,4.0
1781,335,5.0
1781,548,3.5
1781,2292,4.0
1781,450,3.0
1781,1229,3.0
1782,472,5.0
1782,1180,2.0
1782,2271,2.5
1782,1146,4.5
1782,1934,2.5
1782,599,2.0
1782,315,4.0
1782,2325,2.0
1782,895,5.0
1782,1927,3.0
1782,1158,4.0
1782,195,5.0
1782,2416,4.0
1782,1028,4.0
1782,1488,4.0
1782,189,4.0
1783,745,4.5
1783,1143,3.5
1783,330,4.0
1783,183,3.0
1783,2410,3.5
1783,2316,3.5
1783,2056,4.0
1783,663,2.0
1783,907,4.0
1783,719,3.0
1783,1031,2.5
1783,593,2.5
1783,2335,2.5
1783,64,2.5
1783,324,3.0
1783,263,3.0
1784,84,5.0
1784,151,3.0
1784,427,4.0
1784,1906,3.0
1784,305,3.0
1784,1690,2.0
1784,121,3.5
1784,211,3.0
1784,2058,3.5
1784,2430,4.0
1784,1001,3.5
1784,188,3.5
1784,1775,3.0
1784,2305,2.5
1785,884,2.0
1785,2377,1.0
1785,915,3.5
1785,212,3.0
1785,881,3.0
1785,347,2.5
1785,256,4.0
1785,420,2.5
1785,140,3.0
1785,1651,2.0
1785,1518,2.5
1785,1566,4.5
1785,293,4.5
1785,489,4.0
1785,1074,4.5
1786,216,4.0
1786,560,3.5
1786,1307,5.0
1786,315,3.0
1786,869,4.5
1786,1539,4.0
1786,861,3.5
1786,1611,3.5
1786,2057,4.0
1786,2453,5.0
1786,933,4.0
1787,1114,4.0
1787,1718,2.0
1787,2089,4.0
1787,186,3.5
1787,1925,4.5
1787,701,1.5
1787,1282,2.5
1787,572,1.5
1787,508,3.0
1787,1309,2.5
1787,10,3.0
1787,696,3.5
1787,2333,1.5
1787,2108,3.5
1787,1131,3.5
1787,613,2.0
1787,291,2.5
1787,681,3.0
1787,1691,4.5
1787,2043,3.5
1787,1179,2.5
1787,329,5.0
1788,2353,2.0
1788,365,2.5
1788,1016,3.5
1788,833,3.5
1788,954,3.5
1788,1536,3.0
1788,2088,3.5
1788,400,4.0
1788,1892,3.5
1788,2151,3.0
1788,946,3.5
1789,356,3.0
1789,52,1.0
1789,1440,3.0
1789,2194,2.0
1789,1424,2.5
1789,421,2.5
1789,331,4.5
1789,881,2.5
1789,2058,5.0
1789,1716,2.5
1789,1456,3.5
1789,1088,4.5
1789,2345,2.5
1789,2158,3.5
1789,1514,1.0
1789,81,3.5
1789,849,3.5
1789,2082,2.5
1789,1808,4.5
1789,1408,1.5
1789,1461,3.0
1789,2394,5.0
1789,2311,2.0
1789,819,1.0
1789,2403,3.0
1789,1710,4.0
1789,1767,3.5
1790,1944,4.5
1790,1242,3.5
1790,1247,2.5
1790,114,4.0
1790,137,3.0
1790,217,2.0
1790,2095,3.5
1790,1433,3.5
1790,1552,3.0
1790,1423,3.5
1791,2414,2.5
1791,272,2.0
1791,1088,3.5
1791,73,3.0
1791,1834,3.0
1791,2495,4.0
1791,408,2.0
1791,1096,4.0
1791,1234,2.5
1791,642,3.0
1791,2211,4.0
1791,735,3.0
1791,1304,3.0
1791,442,3.5
1791,263,3.0
1791,969,5.0
1791,589,3.0
1791,1889,3.5
1791,777,4.0
1791,2085,2.0
1791,1837,3.0
1791,2360,2.0
1791,2014,2.0
1791,1999,2.5
1791,179,4.0
1791,528,5.0
1791,267,4.5
1791,2009,3.5
1791,1513,5.0
1791,2386,2.5
1792,1223,1.0
1792,1438,3.0
1792,795,3.5
1792,1892,2.5
1792,883,3.0
1792,1083,3.0
1792,854,1.5
1792,792,2.0
1792,2376,3.5
1792,1040,2.0
1792,1805,2.0
1792,220,2.5
1792,2290,2.5
1792,1289,2.5
1792,704,3.5
1792,1157,5.0
1793,6,3.0
1793,857,2.5
1793,1875,2.5
1793,1927,3.0
1793,430,3.5
1793,1424,2.0
1793,2488,3.0
1793,150,2.5
1793,879,3.0
1793,866,2.5
1793,505,1.5
1793,2191,2.0
1793,2359,3.0
1793,21,2.5
1794,1788,2.0
1794,2388,1.5
1794,2038,5.0
1794,395,4.5
1794,1122,2.5
1794,1128,2.5
1794,467,3.0
1794,127,3.5
1794,552,3.5
1794,216,2.5
1794,116,3.0
1794,2324,4.0
1794,471,3.5
1794,900,2.5
1794,659,3.0
1794,2469,3.0
1794,1534,1.0
1794,1892,3.5
1794,1714,4.0
1795,1563,4.0
1795,1126,3.5
1795,1840,2.0
1795,1351,2.5
1795,372,2.0
1795,121,4.5
1795,1810,4.0
1795,1345,3.5
1795,775,4.0
1795,2134,4.5
1795,20,3.5
1795,2062,1.5
1795,1957,3.5
1795,1177,3.0
1795,575,2.5
1795,2017,3.5
1795,886,4.5
1796,596,3.5
1796,2218,4.5
1796,1884,3.5
1796,256,3.5
1796,1066,1.0
1796,967,3.5
1796,1307,3.5
1796,754,3.0
1796,538,4.5
1796,814,4.0
1796,971,3.0
1796,2290,4.0
1796,2383,3.5
1796,324,3.0
1796,842,4.0
1796,34,2.5
1796,135,3.0
1796,1599,4.5
1796,540,2.0
1797,1206,4.0
1797,1042,2.0
1797,1661,2.5
1797,370,2.5
1797,414,3.0
1797,44,3.0
1797,2272,3.5
1797,1288,3.5
1797,958,3.0
1797,2421,5.0
1797,856,2.5
1797,969,3.0
1797,729,3.0
1797,2430,2.5
1797,741,3.5
1797,2142,3.5
1797,2394,3.5
1797,217,2.0
1797,1838,4.0
1797,2001,3.5
1797,594,3.5
1797,2306,3.0
1797,1658,3.0
1797,1003,3.5
1798,1665,2.5
1798,1677,3.5
1798,1669,2.5
1798,2100,3.0
1798,1741,4.5
1798,2063,4.0
1798,510,4.0
1798,1229,3.5
1798,1753,2.0
1798,1300,4.0
1798,35,3.5
1798,1850,2.5
1798,1587,3.5
1798,363,3.0
1798,1329,2.5
1798,1795,3.0
1798,2002,2.0
1798,2274,3.0
1799,528,2.5
1799,1683,2.0
1799,34,1.5
1799,1123,4.5
1799,1669,2.5
1799,2227,4.5
1799,804,4.0
1799,56,3.5
1799,116,2.5
1799,2364,3.5
1799,902,4.0
1799,993,2.5
1799,1450,4.0
1799,1561,3.0
1799,2115,3.5
1799,612,4.0
1799,536,4.5
1799,211,4.5
1800,300,3.0
1800,1660,4.5
1800,2292,2.0
1800,1463,3.5
1800,497,3.5
1800,1130,3.0
1800,1638,3.5
1800,1325,4.0
1800,2329,3.0
1800,361,3.0
1800,1154,2.0
1800,403,2.0
1800,2110,2.5
1800,2347,4.5
1800,1051,4.5
1800,2035,3.5
1800,1408,3.5
1800,370,2.0
1800,1924,2.5
1800,221,2.5
1800,1857,2.5
